position,depth,nodes_with_checks,cutoffs,max_chain,quiet_checks,mode,classified,zero,one,two,three_plus,required_calls,required_moves,initial_diagnostic_calls,initial_diagnostic_moves,max_used,qnodes,max_qply,completion_reason
start,2,2,0,0,0,QCHECK_FORCED_ONE,0,0,0,0,0,0,0,0,0,0,98,2,completed
start,2,2,0,0,0,QCHECK_INITIAL_PLUS_ONE,0,0,0,0,0,0,0,0,0,0,98,2,completed
start,2,2,0,0,0,QCHECK_INITIAL_PLUS_TWO,0,0,0,0,0,0,0,0,0,0,98,2,completed
kiwipete,2,9674,16,2,72,QCHECK_FORCED_ONE,5595,9,63,259,5264,5595,27983,0,0,2,19767,24,completed
kiwipete,2,9768,17,2,75,QCHECK_INITIAL_PLUS_ONE,5678,10,64,267,5337,5677,28393,1,5,3,19933,24,completed
kiwipete,2,382771,36922,54,404090,QCHECK_INITIAL_PLUS_TWO,1081312,10161,106263,287666,677222,1081312,3522248,0,0,88,999994,201,node-budget
endgame,2,60,0,0,0,QCHECK_FORCED_ONE,46,0,0,0,46,46,248,0,0,0,100,4,completed
endgame,2,77,0,1,15,QCHECK_INITIAL_PLUS_ONE,61,0,0,0,61,46,256,15,81,1,140,4,completed
endgame,2,77,0,1,15,QCHECK_INITIAL_PLUS_TWO,61,0,0,0,61,46,256,15,81,1,140,4,completed
tactical,2,37,0,1,2,QCHECK_FORCED_ONE,30,0,2,12,16,30,85,0,0,1,91,4,completed
tactical,2,54,0,2,31,QCHECK_INITIAL_PLUS_ONE,121,0,10,15,96,99,356,22,62,2,172,6,completed
tactical,2,62,0,5,68,QCHECK_INITIAL_PLUS_TWO,181,0,21,34,126,159,522,22,62,6,253,16,completed
evasion,2,20208,776,8,2122,QCHECK_FORCED_ONE,14378,432,1690,2758,9498,14378,50935,0,0,18,37697,60,completed
evasion,2,20208,776,8,2122,QCHECK_INITIAL_PLUS_ONE,14378,432,1690,2758,9498,14378,50935,0,0,18,37697,60,completed
evasion,2,442471,88185,29,370509,QCHECK_INITIAL_PLUS_TWO,920735,10611,120818,239080,550226,920735,2922491,0,0,103,999998,228,node-budget
middlegame,2,6323,32,6,333,QCHECK_FORCED_ONE,4019,43,290,616,3070,4019,17579,0,0,9,15978,25,completed
middlegame,2,6347,32,6,335,QCHECK_INITIAL_PLUS_ONE,4045,43,291,621,3090,4044,17663,1,3,9,16219,25,completed
middlegame,2,7354,1,35,36024,QCHECK_INITIAL_PLUS_TWO,50946,50,8556,27419,14921,50946,122377,0,0,115,71167,254,absolute-ply-256
transposition-pawns,2,0,0,0,0,QCHECK_FORCED_ONE,0,0,0,0,0,0,0,0,0,0,25,0,completed
transposition-pawns,2,0,0,0,0,QCHECK_INITIAL_PLUS_ONE,0,0,0,0,0,0,0,0,0,0,25,0,completed
transposition-pawns,2,0,0,0,0,QCHECK_INITIAL_PLUS_TWO,0,0,0,0,0,0,0,0,0,0,25,0,completed
start,3,26,0,0,0,QCHECK_FORCED_ONE,8,0,0,0,8,8,41,0,0,0,978,6,completed
start,3,26,0,0,0,QCHECK_INITIAL_PLUS_ONE,8,0,0,0,8,8,41,0,0,0,978,6,completed
start,3,26,0,0,0,QCHECK_INITIAL_PLUS_TWO,8,0,0,0,8,8,41,0,0,0,978,6,completed
kiwipete,3,54465,178,5,779,QCHECK_FORCED_ONE,28562,60,719,2992,24791,28562,134328,0,0,6,116249,31,completed
kiwipete,3,55786,178,5,783,QCHECK_INITIAL_PLUS_ONE,29227,60,719,3013,25435,29223,138260,4,27,6,118603,31,completed
kiwipete,3,270400,4383,21,343491,QCHECK_INITIAL_PLUS_TWO,563697,1642,99318,242530,220207,563696,1409471,1,6,39,999994,94,node-budget
endgame,3,123,0,0,0,QCHECK_FORCED_ONE,80,0,0,0,80,80,472,0,0,0,352,4,completed
endgame,3,127,0,1,13,QCHECK_INITIAL_PLUS_ONE,81,0,0,0,81,68,393,13,86,1,381,4,completed
endgame,3,127,0,1,13,QCHECK_INITIAL_PLUS_TWO,81,0,0,0,81,68,393,13,86,1,381,4,completed
tactical,3,295,0,1,9,QCHECK_FORCED_ONE,99,0,9,7,83,99,356,0,0,1,462,5,completed
tactical,3,295,0,1,9,QCHECK_INITIAL_PLUS_ONE,99,0,9,7,83,99,356,0,0,1,462,5,completed
tactical,3,303,0,5,46,QCHECK_INITIAL_PLUS_TWO,159,0,20,26,113,159,522,0,0,6,543,15,completed
evasion,3,30346,872,8,2606,QCHECK_FORCED_ONE,20179,472,2134,3723,13850,20179,73993,0,0,18,58127,59,completed
evasion,3,29371,785,8,2399,QCHECK_INITIAL_PLUS_ONE,18722,416,1963,3496,12847,18700,68487,22,63,18,57207,59,completed
evasion,3,442456,88182,29,370492,QCHECK_INITIAL_PLUS_TWO,920706,10611,120810,239071,550214,920706,2922416,0,0,103,999996,227,node-budget
middlegame,3,23592,137,6,1138,QCHECK_FORCED_ONE,13142,89,1049,1941,10063,13142,52943,0,0,9,68318,28,completed
middlegame,3,23597,137,6,1141,QCHECK_INITIAL_PLUS_ONE,13147,89,1049,1941,10068,13144,52951,3,9,9,68557,28,completed
middlegame,3,167727,14086,48,387134,QCHECK_INITIAL_PLUS_TWO,830354,5352,89249,292533,443220,830354,2537871,0,0,92,999965,200,node-budget
transposition-pawns,3,0,0,0,0,QCHECK_FORCED_ONE,0,0,0,0,0,0,0,0,0,0,111,0,completed
transposition-pawns,3,0,0,0,0,QCHECK_INITIAL_PLUS_ONE,0,0,0,0,0,0,0,0,0,0,111,0,completed
transposition-pawns,3,0,0,0,0,QCHECK_INITIAL_PLUS_TWO,0,0,0,0,0,0,0,0,0,0,111,0,completed
start,4,705,2,1,2,QCHECK_FORCED_ONE,172,0,2,22,148,172,799,0,0,1,6851,11,completed
start,4,754,5,1,57,QCHECK_INITIAL_PLUS_ONE,180,0,2,22,156,124,642,56,192,1,7175,11,completed
start,4,758,6,1,58,QCHECK_INITIAL_PLUS_TWO,181,0,2,22,157,125,645,56,192,1,7188,11,completed
endgame,4,1172,0,0,0,QCHECK_FORCED_ONE,666,0,0,27,639,666,3734,0,0,0,1917,5,completed
endgame,4,1760,17,1,377,QCHECK_INITIAL_PLUS_ONE,1159,0,0,28,1131,782,3985,377,1987,1,3210,6,completed
endgame,4,1786,17,1,394,QCHECK_INITIAL_PLUS_TWO,1184,0,0,28,1156,807,4082,377,1988,2,3257,6,completed
tactical,4,1098,0,1,32,QCHECK_FORCED_ONE,712,0,32,181,499,712,2483,0,0,1,1808,4,completed
tactical,4,1399,5,2,378,QCHECK_INITIAL_PLUS_ONE,2149,0,72,389,1688,1829,6668,320,1114,3,2797,10,completed
tactical,4,96930,9,25,530109,QCHECK_INITIAL_PLUS_TWO,705127,0,139235,390851,175041,705085,1621068,42,128,35,999959,74,node-budget
transposition-pawns,4,15,0,0,0,QCHECK_FORCED_ONE,15,0,0,0,15,15,103,0,0,0,470,0,completed
transposition-pawns,4,28,0,1,15,QCHECK_INITIAL_PLUS_ONE,28,0,0,0,28,13,104,15,103,1,500,2,completed
transposition-pawns,4,28,0,1,15,QCHECK_INITIAL_PLUS_TWO,28,0,0,0,28,13,104,15,103,1,500,2,completed
kiwipete,4,374108,1425,50,5702,QCHECK_FORCED_ONE,181570,579,5124,18543,157324,181570,851400,0,0,113,646082,252,absolute-ply-256
evasion,4,104387,2300,8,6926,QCHECK_FORCED_ONE,71510,698,6228,11489,53095,71510,276364,0,0,18,213496,58,completed
middlegame,4,11326,61,34,1425,QCHECK_FORCED_ONE,10564,231,1195,2046,7092,10564,37860,0,0,113,42353,252,absolute-ply-256
kiwipete,4,394439,1538,42,6052,QCHECK_INITIAL_PLUS_ONE,194940,563,5419,20089,168869,194870,913373,70,373,114,685731,252,absolute-ply-256
evasion,4,3216,19,35,2609,QCHECK_INITIAL_PLUS_ONE,10091,476,2131,2601,4883,10088,26839,3,10,112,7504,252,absolute-ply-256
middlegame,4,11725,62,34,1449,QCHECK_INITIAL_PLUS_ONE,10781,231,1211,2060,7279,10773,38783,8,30,113,43328,252,absolute-ply-256
