run,fixture,node,observation,qply,path_ply,node_fen,move,captured_piece,gain,see_sign,en_passant,previous_qmove,same_target_recapture,alpha,beta,stand_pat,raw_delta_bound,alpha_gap,move_score,move_bound,raised_alpha,beta_cutoff,best_changed,final_best_move,selected_line_cause,node_final_score,move_completed,node_completed,invocation_completed,child_kind,primary_eligible,post_move_static,static_gap,continuation_gain,child_nodes,child_stand_pat_cutoff
corpus:diagonal-xray:full,diagonal-xray,2,1,1,1,4k3/8/6b1/8/8/3Q4/8/1B2K3 b - - 0 1,g6d3,Q,975,1,false,c2d3,true,-1058,-284,-1058,-83,-975,0,LOWER,true,true,true,true,insufficient,0,true,true,true,insufficient,false,,,,1,false
corpus:diagonal-xray:upper,diagonal-xray,2,1,1,1,4k3/8/6b1/8/8/3Q4/8/1B2K3 b - - 0 1,g6d3,Q,975,1,false,c2d3,true,-285,-284,-1058,-83,-202,0,LOWER,true,true,true,true,insufficient,0,true,true,true,insufficient,false,,,,1,false
corpus:draw-five:full,draw-five,11,7,4,4,7k/7n/8/bK6/8/8/8/8 w - - 0 3,b5a5,B,330,1,false,c7a5,true,-232,34,-605,-275,43,0,EXACT,true,false,true,true,insufficient,0,true,true,true,insufficient,false,,,,1,false
corpus:draw-five:lower,draw-five,7,3,4,4,7k/7n/8/bK6/8/8/8/8 w - - 0 3,b5a5,B,330,1,false,c7a5,true,-1,0,-605,-275,274,0,LOWER,true,true,true,true,insufficient,0,true,true,true,insufficient,false,,,,1,false
corpus:draw-five:upper,draw-five,7,3,4,4,7k/7n/8/bK6/8/8/8/8 w - - 0 3,b5a5,B,330,1,false,c7a5,true,0,1,-605,-275,275,0,UPPER,false,false,true,true,insufficient,0,true,true,true,insufficient,false,,,,1,false
corpus:nonchecking-capture-dead-draw:full,nonchecking-capture-dead-draw,1,0,0,0,4k3/8/8/8/8/8/3r4/4K3 w - - 0 1,e1d2,R,500,1,false,,false,-781,32769,-781,-281,-500,0,EXACT,true,false,true,true,insufficient,0,true,true,true,insufficient,false,,,,1,false
corpus:nonchecking-capture-dead-draw:lower,nonchecking-capture-dead-draw,1,0,0,0,4k3/8/8/8/8/8/3r4/4K3 w - - 0 1,e1d2,R,500,1,false,,false,-1,0,-781,-281,280,0,LOWER,true,true,true,true,insufficient,0,true,true,true,insufficient,false,,,,1,false
corpus:nonchecking-capture-dead-draw:upper,nonchecking-capture-dead-draw,1,0,0,0,4k3/8/8/8/8/8/3r4/4K3 w - - 0 1,e1d2,R,500,1,false,,false,0,1,-781,-281,281,0,UPPER,false,false,true,true,insufficient,0,true,true,true,insufficient,false,,,,1,false
corpus:capture-to-stalemate:full,capture-to-stalemate,1,0,0,0,k7/8/1p2Q3/4K3/8/8/8/8 w - - 0 1,e6b6,P,100,1,false,,false,789,32769,789,889,-100,0,UPPER,false,false,false,false,stalemate,789,true,true,true,stalemate,false,,,,1,false
corpus:capture-to-stalemate:upper,capture-to-stalemate,1,0,0,0,k7/8/1p2Q3/4K3/8/8/8/8 w - - 0 1,e6b6,P,100,1,false,,false,789,790,789,889,-100,0,UPPER,false,false,false,false,stalemate,789,true,true,true,stalemate,false,,,,1,false
