run,fixture,fen,kind,depth,completed_depth,completed,score,best,pv,normal_nodes,qnodes,total_nodes,max_qply,diagnostic_ms,diagnostic_nps,observations,primary_observations,terminal_children,identity,oracle,oracle_nodes
"corpus:winning:full","winning","4k3/8/8/3q4/4P3/8/8/4K3 w - - 0 1","corpus-full","0","0","true","413","e4d5","e4d5","0","2","2","1","0.154","12987","1","1","0","identical","matched","2"
"corpus:winning:lower","winning","4k3/8/8/3q4/4P3/8/8/4K3 w - - 0 1","corpus-lower","0","0","true","413","e4d5","e4d5","0","2","2","1","0.7519","2659","1","1","0","identical","not-repeated","0"
"corpus:winning:upper","winning","4k3/8/8/3q4/4P3/8/8/4K3 w - - 0 1","corpus-upper","0","0","true","413","e4d5","e4d5","0","2","2","1","0.3508","5701","1","1","0","identical","not-repeated","0"
"corpus:losing-defended:full","losing-defended","3rk3/8/8/3p4/8/8/8/3QK3 w - - 0 1","corpus-full","0","0","true","6","none","","0","3","3","2","0.1169","25662","2","2","0","identical","matched","3"
"corpus:losing-defended:lower","losing-defended","3rk3/8/8/3p4/8/8/8/3QK3 w - - 0 1","corpus-lower","0","0","true","6","none","","0","1","1","0","0.0512","19531","0","0","0","identical","not-repeated","0"
"corpus:losing-defended:upper","losing-defended","3rk3/8/8/3p4/8/8/8/3QK3 w - - 0 1","corpus-upper","0","0","true","6","none","","0","3","3","2","0.5379","5577","2","2","0","identical","not-repeated","0"
"corpus:equal-defended:full","equal-defended","rq2k3/8/8/8/8/8/8/R3K3 w - - 0 1","corpus-full","0","0","true","-989","none","","0","3","3","2","0.1093","27447","2","2","0","identical","matched","3"
"corpus:equal-defended:lower","equal-defended","rq2k3/8/8/8/8/8/8/R3K3 w - - 0 1","corpus-lower","0","0","true","-989","none","","0","1","1","0","0.0489","20449","0","0","0","identical","not-repeated","0"
"corpus:equal-defended:upper","equal-defended","rq2k3/8/8/8/8/8/8/R3K3 w - - 0 1","corpus-upper","0","0","true","-989","none","","0","3","3","2","0.1064","28195","2","2","0","identical","not-repeated","0"
"corpus:bishop-xray:full","bishop-xray","4k3/6b1/8/8/3p4/8/3Q4/3RK3 w - - 0 1","corpus-full","0","0","true","877","none","","0","4","4","3","0.1284","31152","3","3","0","identical","matched","4"
"corpus:bishop-xray:lower","bishop-xray","4k3/6b1/8/8/3p4/8/3Q4/3RK3 w - - 0 1","corpus-lower","0","0","true","877","none","","0","1","1","0","0.0501","19960","0","0","0","identical","not-repeated","0"
"corpus:bishop-xray:upper","bishop-xray","4k3/6b1/8/8/3p4/8/3Q4/3RK3 w - - 0 1","corpus-upper","0","0","true","877","none","","0","4","4","3","0.1514","26420","3","3","0","identical","not-repeated","0"
"corpus:diagonal-xray:full","diagonal-xray","4k3/8/6b1/8/8/3r4/2Q5/1B2K3 w - - 0 1","corpus-full","0","0","true","284","none","","0","3","3","2","2.0135","1489","2","1","1","identical","matched","3"
"corpus:diagonal-xray:lower","diagonal-xray","4k3/8/6b1/8/8/3r4/2Q5/1B2K3 w - - 0 1","corpus-lower","0","0","true","284","none","","0","1","1","0","0.0568","17605","0","0","0","identical","not-repeated","0"
"corpus:diagonal-xray:upper","diagonal-xray","4k3/8/6b1/8/8/3r4/2Q5/1B2K3 w - - 0 1","corpus-upper","0","0","true","284","none","","0","3","3","2","0.1168","25684","2","1","1","identical","not-repeated","0"
"corpus:successive-xrays:full","successive-xrays","7k/3r4/3q4/3r4/3p4/3R4/3Q4/K2R4 w - - 0 1","corpus-full","0","0","true","-306","none","","0","11","11","6","0.7363","14939","3","3","0","identical","matched","48"
"corpus:successive-xrays:lower","successive-xrays","7k/3r4/3q4/3r4/3p4/3R4/3Q4/K2R4 w - - 0 1","corpus-lower","0","0","true","-306","none","","0","1","1","0","0.0301","33222","0","0","0","identical","not-repeated","0"
"corpus:successive-xrays:upper","successive-xrays","7k/3r4/3q4/3r4/3p4/3R4/3Q4/K2R4 w - - 0 1","corpus-upper","0","0","true","-306","none","","0","11","11","6","0.4821","22816","3","3","0","identical","not-repeated","0"
"corpus:pinned-defender:full","pinned-defender","4k3/3n4/8/1B2p3/5P2/8/8/4K3 w - - 0 1","corpus-full","0","0","true","514","f4e5","f4e5","0","5","5","3","0.1292","38699","2","2","0","identical","matched","15"
"corpus:pinned-defender:lower","pinned-defender","4k3/3n4/8/1B2p3/5P2/8/8/4K3 w - - 0 1","corpus-lower","0","0","true","514","f4e5","f4e5","0","2","2","1","0.1031","19398","1","1","0","identical","not-repeated","0"
"corpus:pinned-defender:upper","pinned-defender","4k3/3n4/8/1B2p3/5P2/8/8/4K3 w - - 0 1","corpus-upper","0","0","true","514","f4e5","f4e5","0","5","5","3","0.1382","36179","2","2","0","identical","not-repeated","0"
"corpus:king-capture-evasion:full","king-capture-evasion","4k3/8/8/8/8/8/4r3/4K3 w - - 0 1","corpus-full","0","0","true","0","e1e2","e1e2","0","4","4","1","0.0651","61443","0","0","0","identical","matched","4"
"corpus:king-capture-evasion:lower","king-capture-evasion","4k3/8/8/8/8/8/4r3/4K3 w - - 0 1","corpus-lower","0","0","true","0","e1e2","e1e2","0","2","2","1","0.0336","59523","0","0","0","identical","not-repeated","0"
"corpus:king-capture-evasion:upper","king-capture-evasion","4k3/8/8/8/8/8/4r3/4K3 w - - 0 1","corpus-upper","0","0","true","0","e1e2","e1e2","0","4","4","1","0.071","56338","0","0","0","identical","not-repeated","0"
"corpus:unsafe-king-recapture:full","unsafe-king-recapture","8/8/4k3/3r4/8/1B6/8/3RK3 w - - 0 1","corpus-full","0","0","true","1131","d1d5","d1d5","0","4","4","2","0.0995","40201","1","1","0","identical","matched","9"
"corpus:unsafe-king-recapture:lower","unsafe-king-recapture","8/8/4k3/3r4/8/1B6/8/3RK3 w - - 0 1","corpus-lower","0","0","true","1131","d1d5","d1d5","0","2","2","1","0.0457","43763","1","1","0","identical","not-repeated","0"
"corpus:unsafe-king-recapture:upper","unsafe-king-recapture","8/8/4k3/3r4/8/1B6/8/3RK3 w - - 0 1","corpus-upper","0","0","true","1131","d1d5","d1d5","0","4","4","2","0.0828","48309","1","1","0","identical","not-repeated","0"
"corpus:ep-winning:full","ep-winning","4k3/8/8/3pP3/8/8/8/4K3 w - d6 0 1","corpus-full","0","0","true","434","e5d6","e5d6","0","2","2","1","0.0462","43290","1","1","0","identical","matched","2"
"corpus:ep-winning:lower","ep-winning","4k3/8/8/3pP3/8/8/8/4K3 w - d6 0 1","corpus-lower","0","0","true","434","e5d6","e5d6","0","2","2","1","0.1978","10111","1","1","0","identical","not-repeated","0"
"corpus:ep-winning:upper","ep-winning","4k3/8/8/3pP3/8/8/8/4K3 w - d6 0 1","corpus-upper","0","0","true","434","e5d6","e5d6","0","2","2","1","0.0524","38167","1","1","0","identical","not-repeated","0"
"corpus:ep-defended:full","ep-defended","4k3/8/8/3pP3/3r4/8/8/4K3 w - d6 0 1","corpus-full","0","0","true","-682","none","","0","3","3","2","0.0922","32537","2","2","0","identical","matched","3"
"corpus:ep-defended:lower","ep-defended","4k3/8/8/3pP3/3r4/8/8/4K3 w - d6 0 1","corpus-lower","0","0","true","-682","none","","0","1","1","0","0.027","37037","0","0","0","identical","not-repeated","0"
"corpus:ep-defended:upper","ep-defended","4k3/8/8/3pP3/3r4/8/8/4K3 w - d6 0 1","corpus-upper","0","0","true","-682","none","","0","3","3","2","2.5304","1185","2","2","0","identical","not-repeated","0"
"corpus:ep-black:full","ep-black","4k3/8/8/3R4/3Pp3/8/8/4K3 b - d3 0 1","corpus-full","0","0","true","-682","none","","0","3","3","2","0.0523","57361","2","2","0","identical","matched","3"
"corpus:ep-black:lower","ep-black","4k3/8/8/3R4/3Pp3/8/8/4K3 b - d3 0 1","corpus-lower","0","0","true","-682","none","","0","1","1","0","0.049","20408","0","0","0","identical","not-repeated","0"
"corpus:ep-black:upper","ep-black","4k3/8/8/3R4/3Pp3/8/8/4K3 b - d3 0 1","corpus-upper","0","0","true","-682","none","","0","3","3","2","0.2411","12442","2","2","0","identical","not-repeated","0"
"corpus:quiet-promotion:full","quiet-promotion","7k/P7/8/8/8/8/8/7K w - - 0 1","corpus-full","0","0","true","1063","none","","0","8","8","2","0.7164","11166","0","0","0","identical","matched","9"
"corpus:quiet-promotion:lower","quiet-promotion","7k/P7/8/8/8/8/8/7K w - - 0 1","corpus-lower","0","0","true","1063","none","","0","1","1","0","0.0174","57471","0","0","0","identical","not-repeated","0"
"corpus:quiet-promotion:upper","quiet-promotion","7k/P7/8/8/8/8/8/7K w - - 0 1","corpus-upper","0","0","true","1063","none","","0","8","8","2","6.5046","1229","0","0","0","identical","not-repeated","0"
"corpus:quiet-promotion-black:full","quiet-promotion-black","k7/8/8/8/8/8/p7/7K b - - 0 1","corpus-full","0","0","true","1081","none","","0","7","7","2","0.8993","7783","0","0","0","identical","matched","9"
"corpus:quiet-promotion-black:lower","quiet-promotion-black","k7/8/8/8/8/8/p7/7K b - - 0 1","corpus-lower","0","0","true","1081","none","","0","1","1","0","0.0208","48076","0","0","0","identical","not-repeated","0"
"corpus:quiet-promotion-black:upper","quiet-promotion-black","k7/8/8/8/8/8/p7/7K b - - 0 1","corpus-upper","0","0","true","1081","none","","0","7","7","2","0.0869","80552","0","0","0","identical","not-repeated","0"
"corpus:defended-quiet-promotion:full","defended-quiet-promotion","7k/P7/r7/8/8/8/8/7K w - - 0 1","corpus-full","0","0","true","33","none","","0","15","15","3","1.5578","9628","4","4","0","identical","matched","17"
"corpus:defended-quiet-promotion:lower","defended-quiet-promotion","7k/P7/r7/8/8/8/8/7K w - - 0 1","corpus-lower","0","0","true","33","none","","0","1","1","0","0.0177","56497","0","0","0","identical","not-repeated","0"
"corpus:defended-quiet-promotion:upper","defended-quiet-promotion","7k/P7/r7/8/8/8/8/7K w - - 0 1","corpus-upper","0","0","true","33","none","","0","13","13","3","0.0859","151338","2","2","0","identical","not-repeated","0"
"corpus:promotion-stalemate-resource:full","promotion-stalemate-resource","3r4/1P6/8/8/8/1k6/p7/K7 w - - 0 1","corpus-full","0","0","true","0","b7b8q","b7b8q d8b8","0","29","29","3","4.2032","6899","12","12","0","identical","matched","45"
"corpus:promotion-stalemate-resource:lower","promotion-stalemate-resource","3r4/1P6/8/8/8/1k6/p7/K7 w - - 0 1","corpus-lower","0","0","true","0","b7b8q","b7b8q","0","13","13","3","0.2802","46395","5","5","0","identical","not-repeated","0"
"corpus:promotion-stalemate-resource:upper","promotion-stalemate-resource","3r4/1P6/8/8/8/1k6/p7/K7 w - - 0 1","corpus-upper","0","0","true","0","b7b8q","b7b8q d8b8","0","27","27","3","0.8313","32479","10","10","0","identical","not-repeated","0"
"corpus:promotion-positional-resource:full","promotion-positional-resource","3r4/1P6/8/7q/8/1k6/p7/K7 w - - 0 1","corpus-full","0","0","true","-389","b7b8q","b7b8q b3a3 b8d8","0","25","25","4","0.6775","36900","8","8","0","identical","matched","67"
"corpus:promotion-positional-resource:lower","promotion-positional-resource","3r4/1P6/8/7q/8/1k6/p7/K7 w - - 0 1","corpus-lower","0","0","true","-389","b7b8q","b7b8q","0","18","18","4","0.144","125000","5","5","0","identical","not-repeated","0"
"corpus:promotion-positional-resource:upper","promotion-positional-resource","3r4/1P6/8/7q/8/1k6/p7/K7 w - - 0 1","corpus-upper","0","0","true","-389","b7b8q","b7b8q b3a3","0","12","12","3","0.0628","191082","4","4","0","identical","not-repeated","0"
"corpus:capture-promotion:full","capture-promotion","1r5k/P7/8/8/8/8/8/7K w - - 0 1","corpus-full","0","0","true","1070","a7b8q","a7b8q h8h7","0","12","12","2","0.0447","268456","0","0","0","identical","matched","17"
"corpus:capture-promotion:lower","capture-promotion","1r5k/P7/8/8/8/8/8/7K w - - 0 1","corpus-lower","0","0","true","1070","a7b8q","a7b8q","0","4","4","2","4.9511","807","0","0","0","identical","not-repeated","0"
"corpus:capture-promotion:upper","capture-promotion","1r5k/P7/8/8/8/8/8/7K w - - 0 1","corpus-upper","0","0","true","1070","a7b8q","a7b8q h8h7","0","12","12","2","0.0446","269058","0","0","0","identical","not-repeated","0"
"corpus:capture-promotion-black:full","capture-promotion-black","4k3/8/8/8/8/8/6p1/4K2R b - - 0 1","corpus-full","0","0","true","1116","g2h1q","g2h1q e1d2","0","17","17","3","0.2867","59295","2","2","0","identical","matched","29"
"corpus:capture-promotion-black:lower","capture-promotion-black","4k3/8/8/8/8/8/6p1/4K2R b - - 0 1","corpus-lower","0","0","true","1116","g2h1q","g2h1q","0","5","5","2","0.3673","13612","0","0","0","identical","not-repeated","0"
"corpus:capture-promotion-black:upper","capture-promotion-black","4k3/8/8/8/8/8/6p1/4K2R b - - 0 1","corpus-upper","0","0","true","1116","g2h1q","g2h1q e1d2","0","15","15","3","0.1763","85082","2","2","0","identical","not-repeated","0"
"corpus:promotion-recapture:full","promotion-recapture","r6b/4k1P1/8/8/8/8/8/4K2R w - - 0 1","corpus-full","0","0","true","738","g7h8q","g7h8q a8h8 h1h8","0","16","16","3","0.0542","295202","6","6","0","identical","matched","73"
"corpus:promotion-recapture:lower","promotion-recapture","r6b/4k1P1/8/8/8/8/8/4K2R w - - 0 1","corpus-lower","0","0","true","738","g7h8q","g7h8q","0","4","4","3","0.0494","80971","2","2","0","identical","not-repeated","0"
"corpus:promotion-recapture:upper","promotion-recapture","r6b/4k1P1/8/8/8/8/8/4K2R w - - 0 1","corpus-upper","0","0","true","738","g7h8q","g7h8q a8h8","0","16","16","3","0.0898","178173","6","6","0","identical","not-repeated","0"
"corpus:rook-underpromotion:full","rook-underpromotion","8/k1P5/2K5/8/8/8/8/8 w - - 0 1","corpus-full","0","0","true","1110","none","","0","5","5","1","0.0215","232558","0","0","0","identical","matched","5"
"corpus:rook-underpromotion:lower","rook-underpromotion","8/k1P5/2K5/8/8/8/8/8 w - - 0 1","corpus-lower","0","0","true","1110","none","","0","1","1","0","0.011","90909","0","0","0","identical","not-repeated","0"
"corpus:rook-underpromotion:upper","rook-underpromotion","8/k1P5/2K5/8/8/8/8/8 w - - 0 1","corpus-upper","0","0","true","1110","none","","0","5","5","1","0.0225","222222","0","0","0","identical","not-repeated","0"
"corpus:checking-sacrifice:full","checking-sacrifice","5r1k/4Qpbp/4NN1N/8/8/8/8/4K3 w - - 0 1","corpus-full","0","0","true","32765","e7f8","e7f8 g7f8 h6f7","0","25","25","5","0.3713","67330","16","16","0","identical","matched","735"
"corpus:checking-sacrifice:lower","checking-sacrifice","5r1k/4Qpbp/4NN1N/8/8/8/8/4K3 w - - 0 1","corpus-lower","0","0","true","32765","e7f8","e7f8","0","12","12","3","0.0485","247422","6","6","0","identical","not-repeated","0"
"corpus:checking-sacrifice:upper","checking-sacrifice","5r1k/4Qpbp/4NN1N/8/8/8/8/4K3 w - - 0 1","corpus-upper","0","0","true","32765","e7f8","e7f8 g7f8","0","15","15","3","0.0556","269784","9","9","0","identical","not-repeated","0"
"corpus:capture-mate:full","capture-mate","7k/6p1/5KQ1/8/8/8/8/8 w - - 0 1","corpus-full","0","0","true","32767","g6g7","g6g7","0","8","8","1","0.049","163265","0","0","0","identical","matched","8"
"corpus:capture-mate:lower","capture-mate","7k/6p1/5KQ1/8/8/8/8/8 w - - 0 1","corpus-lower","0","0","true","32767","g6g7","g6g7","0","8","8","1","0.2577","31043","0","0","0","identical","not-repeated","0"
"corpus:capture-mate:upper","capture-mate","7k/6p1/5KQ1/8/8/8/8/8 w - - 0 1","corpus-upper","0","0","true","32767","g6g7","g6g7","0","8","8","1","0.0409","195599","0","0","0","identical","not-repeated","0"
"corpus:quiet-evasions:full","quiet-evasions","4r1k1/8/8/8/8/8/8/4K3 w - - 0 1","corpus-full","0","0","true","-722","e1d1","e1d1","0","5","5","1","0.0287","174216","0","0","0","identical","matched","5"
"corpus:quiet-evasions:lower","quiet-evasions","4r1k1/8/8/8/8/8/8/4K3 w - - 0 1","corpus-lower","0","0","true","-722","e1d1","e1d1","0","2","2","1","0.0183","109289","0","0","0","identical","not-repeated","0"
"corpus:quiet-evasions:upper","quiet-evasions","4r1k1/8/8/8/8/8/8/4K3 w - - 0 1","corpus-upper","0","0","true","-722","e1d1","e1d1","0","5","5","1","0.0174","287356","0","0","0","identical","not-repeated","0"
"corpus:negative-capture-evasion:full","negative-capture-evasion","4k3/6b1/8/8/3b4/8/3Q4/6K1 w - - 0 1","corpus-full","0","0","true","247","g1f1","g1f1","0","45","45","6","0.0919","489662","4","4","0","identical","matched","88"
"corpus:negative-capture-evasion:lower","negative-capture-evasion","4k3/6b1/8/8/3b4/8/3Q4/6K1 w - - 0 1","corpus-lower","0","0","true","247","g1f1","g1f1","0","2","2","1","0.3867","5171","0","0","0","identical","not-repeated","0"
"corpus:negative-capture-evasion:upper","negative-capture-evasion","4k3/6b1/8/8/3b4/8/3Q4/6K1 w - - 0 1","corpus-upper","0","0","true","247","g1f1","g1f1","0","15","15","2","0.0414","362318","0","0","0","identical","not-repeated","0"
"corpus:counterchecking-block:full","counterchecking-block","4r3/8/8/8/8/8/8/2B1K1k1 w - - 0 1","corpus-full","0","0","true","-349","e1d1","e1d1","0","10","10","3","0.0288","347222","0","0","0","identical","matched","10"
"corpus:counterchecking-block:lower","counterchecking-block","4r3/8/8/8/8/8/8/2B1K1k1 w - - 0 1","corpus-lower","0","0","true","-349","e1d1","e1d1","0","2","2","1","0.016","125000","0","0","0","identical","not-repeated","0"
"corpus:counterchecking-block:upper","counterchecking-block","4r3/8/8/8/8/8/8/2B1K1k1 w - - 0 1","corpus-upper","0","0","true","-349","e1d1","e1d1","0","10","10","3","0.0266","375939","0","0","0","identical","not-repeated","0"
"corpus:three-capture-xray:full","three-capture-xray","7k/8/1p6/q7/8/Q7/8/R6K w - - 0 1","corpus-full","0","0","true","707","a3a5","a3a5 b6a5 a1a5","0","4","4","3","0.0217","184331","3","3","0","identical","matched","4"
"corpus:three-capture-xray:lower","three-capture-xray","7k/8/1p6/q7/8/Q7/8/R6K w - - 0 1","corpus-lower","0","0","true","707","a3a5","a3a5","0","4","4","3","0.017","235294","3","3","0","identical","not-repeated","0"
"corpus:three-capture-xray:upper","three-capture-xray","7k/8/1p6/q7/8/Q7/8/R6K w - - 0 1","corpus-upper","0","0","true","707","a3a5","a3a5 b6a5","0","4","4","3","0.017","235294","3","3","0","identical","not-repeated","0"
"corpus:nonchecking-clearance:full","nonchecking-clearance","b1q4k/8/8/2p5/N7/8/8/R3K3 w - - 0 1","corpus-full","0","0","true","-410","a4c5","a4c5","0","8","8","4","0.0264","303030","2","2","0","identical","matched","14"
"corpus:nonchecking-clearance:lower","nonchecking-clearance","b1q4k/8/8/2p5/N7/8/8/R3K3 w - - 0 1","corpus-lower","0","0","true","-410","a4c5","a4c5","0","8","8","4","0.0265","301886","2","2","0","identical","not-repeated","0"
"corpus:nonchecking-clearance:upper","nonchecking-clearance","b1q4k/8/8/2p5/N7/8/8/R3K3 w - - 0 1","corpus-upper","0","0","true","-410","a4c5","a4c5","0","2","2","1","0.0135","148148","1","1","0","identical","not-repeated","0"
"corpus:tactical:full","tactical","4k3/8/2p1p3/3q4/2P1P3/3Q4/8/4K3 w - - 0 1","corpus-full","0","0","true","1072","c4d5","c4d5 c6d5 e4d5","0","31","31","5","0.067","462686","30","30","0","identical","matched","46"
"corpus:tactical:lower","tactical","4k3/8/2p1p3/3q4/2P1P3/3Q4/8/4K3 w - - 0 1","corpus-lower","0","0","true","1072","c4d5","c4d5","0","14","14","5","0.0481","291060","13","13","0","identical","not-repeated","0"
"corpus:tactical:upper","tactical","4k3/8/2p1p3/3q4/2P1P3/3Q4/8/4K3 w - - 0 1","corpus-upper","0","0","true","1072","c4d5","c4d5 c6d5","0","17","17","5","0.0676","251479","16","16","0","identical","not-repeated","0"
"corpus:quiet-mate-excluded:full","quiet-mate-excluded","7k/8/5KQ1/8/8/8/8/8 w - - 0 1","corpus-full","0","0","true","1146","none","","0","1","1","0","0.0109","91743","0","0","0","identical","matched","1"
"corpus:quiet-mate-excluded:lower","quiet-mate-excluded","7k/8/5KQ1/8/8/8/8/8 w - - 0 1","corpus-lower","0","0","true","1146","none","","0","1","1","0","0.0103","97087","0","0","0","identical","not-repeated","0"
"corpus:quiet-mate-excluded:upper","quiet-mate-excluded","7k/8/5KQ1/8/8/8/8/8 w - - 0 1","corpus-upper","0","0","true","1146","none","","0","1","1","0","0.0098","102040","0","0","0","identical","not-repeated","0"
"corpus:fifty-evasion:full","fifty-evasion","4r1k1/8/8/8/8/8/8/4K3 w - - 99 1","corpus-full","0","0","true","0","e1d1","e1d1","0","5","5","1","0.0253","197628","0","0","0","identical","matched","5"
"corpus:fifty-evasion:lower","fifty-evasion","4r1k1/8/8/8/8/8/8/4K3 w - - 99 1","corpus-lower","0","0","true","0","e1d1","e1d1","0","2","2","1","0.0183","109289","0","0","0","identical","not-repeated","0"
"corpus:fifty-evasion:upper","fifty-evasion","4r1k1/8/8/8/8/8/8/4K3 w - - 99 1","corpus-upper","0","0","true","0","e1d1","e1d1","0","5","5","1","0.0212","235849","0","0","0","identical","not-repeated","0"
"corpus:mate-before-fifty:full","mate-before-fifty","7k/6Q1/5K2/8/8/8/8/8 b - - 100 1","corpus-full","0","0","true","-32768","none","","0","1","1","0","0.0155","64516","0","0","0","identical","matched","1"
"corpus:mate-before-fifty:lower","mate-before-fifty","7k/6Q1/5K2/8/8/8/8/8 b - - 100 1","corpus-lower","0","0","true","-32768","none","","0","1","1","0","0.0178","56179","0","0","0","identical","not-repeated","0"
"corpus:mate-before-fifty:upper","mate-before-fifty","7k/6Q1/5K2/8/8/8/8/8 b - - 100 1","corpus-upper","0","0","true","-32768","none","","0","1","1","0","0.0182","54945","0","0","0","identical","not-repeated","0"
"corpus:stalemate:full","stalemate","7k/5K2/6Q1/8/8/8/8/8 b - - 0 1","corpus-full","0","0","true","0","none","","0","1","1","0","0.0091","109890","0","0","0","identical","matched","1"
"corpus:stalemate:lower","stalemate","7k/5K2/6Q1/8/8/8/8/8 b - - 0 1","corpus-lower","0","0","true","0","none","","0","1","1","0","0.0084","119047","0","0","0","identical","not-repeated","0"
"corpus:stalemate:upper","stalemate","7k/5K2/6Q1/8/8/8/8/8 b - - 0 1","corpus-upper","0","0","true","0","none","","0","1","1","0","0.2396","4173","0","0","0","identical","not-repeated","0"
"corpus:insufficient:full","insufficient","4k3/8/8/8/8/8/8/4K3 w - - 0 1","corpus-full","0","0","true","0","none","","0","1","1","0","0.0066","151515","0","0","0","identical","matched","1"
"corpus:insufficient:lower","insufficient","4k3/8/8/8/8/8/8/4K3 w - - 0 1","corpus-lower","0","0","true","0","none","","0","1","1","0","0.0035","285714","0","0","0","identical","not-repeated","0"
"corpus:insufficient:upper","insufficient","4k3/8/8/8/8/8/8/4K3 w - - 0 1","corpus-upper","0","0","true","0","none","","0","1","1","0","0.0036","277777","0","0","0","identical","not-repeated","0"
"corpus:mate-five:full","mate-five","7k/5prp/4QB2/8/8/7R/8/4K2R w - - 0 1","corpus-full","0","0","true","32763","h3h7","h3h7 h8g8 h7g7 g8f8 e6f7","0","34","34","6","0.0785","433121","6","6","0","identical","matched","50"
"corpus:mate-five:lower","mate-five","7k/5prp/4QB2/8/8/7R/8/4K2R w - - 0 1","corpus-lower","0","0","true","32763","h3h7","h3h7","0","19","19","5","2.2517","8438","3","3","0","identical","not-repeated","0"
"corpus:mate-five:upper","mate-five","7k/5prp/4QB2/8/8/7R/8/4K2R w - - 0 1","corpus-upper","0","0","true","32763","f6g7","f6g7 h8g7","0","26","26","6","1.2845","20241","3","3","0","identical","not-repeated","0"
"corpus:draw-five:full","draw-five","7k/2b4n/1p6/qK6/8/Q7/8/R7 w - - 0 1","corpus-full","0","0","true","0","a3a5","a3a5 b6a5 a1a5 c7a5 b5a5","0","12","12","5","0.0371","323450","8","7","1","identical","matched","15"
"corpus:draw-five:lower","draw-five","7k/2b4n/1p6/qK6/8/Q7/8/R7 w - - 0 1","corpus-lower","0","0","true","0","a3a5","a3a5","0","8","8","5","0.0196","408163","4","3","1","identical","not-repeated","0"
"corpus:draw-five:upper","draw-five","7k/2b4n/1p6/qK6/8/Q7/8/R7 w - - 0 1","corpus-upper","0","0","true","0","a3a5","a3a5 b6a5","0","8","8","5","0.7388","10828","4","3","1","identical","not-repeated","0"
"corpus:tail-kiwipete-e1d1:full","tail-kiwipete-e1d1","r3k2r/p1ppqpb1/bn2pnp1/3PN3/1p2P3/2N2Q1p/PPPBBPPP/R2K3R b kq - 1 1","corpus-full","0","0","true","300","h3g2","h3g2 f3g2 b4c3 d2c3 a6e2 d1e2 e6d5 e5g6 f7g6 g2g6 e8d8","0","35898","35898","31","101.9248","352200","21029","21029","0","identical","guard-rejected-not-exact","200001"
"corpus:tail-kiwipete-e1d1:lower","tail-kiwipete-e1d1","r3k2r/p1ppqpb1/bn2pnp1/3PN3/1p2P3/2N2Q1p/PPPBBPPP/R2K3R b kq - 1 1","corpus-lower","0","0","true","300","h3g2","h3g2","0","4926","4926","26","54.1927","90897","2650","2650","0","identical","not-repeated","0"
"corpus:tail-kiwipete-e1d1:upper","tail-kiwipete-e1d1","r3k2r/p1ppqpb1/bn2pnp1/3PN3/1p2P3/2N2Q1p/PPPBBPPP/R2K3R b kq - 1 1","corpus-upper","0","0","true","300","a6e2","a6e2 d1e2","0","467","467","15","0.5913","789785","365","365","0","identical","not-repeated","0"
"corpus:tail-kiwipete-f3h3:full","tail-kiwipete-f3h3","r3k2r/p1ppqpb1/bn2pnp1/3PN3/1p2P3/2N4Q/PPPBBPPP/R3K2R b KQkq - 0 1","corpus-full","0","0","true","590","h8h3","h8h3 g2h3 b4c3","0","743","743","16","0.6949","1069218","475","475","0","identical","guard-rejected-not-exact","200001"
"corpus:tail-kiwipete-f3h3:lower","tail-kiwipete-f3h3","r3k2r/p1ppqpb1/bn2pnp1/3PN3/1p2P3/2N4Q/PPPBBPPP/R3K2R b KQkq - 0 1","corpus-lower","0","0","true","590","h8h3","h8h3","0","337","337","16","0.4819","699315","206","206","0","identical","not-repeated","0"
"corpus:tail-kiwipete-f3h3:upper","tail-kiwipete-f3h3","r3k2r/p1ppqpb1/bn2pnp1/3PN3/1p2P3/2N4Q/PPPBBPPP/R3K2R b KQkq - 0 1","corpus-upper","0","0","true","590","h8h3","h8h3 g2h3","0","21","21","5","0.0359","584958","20","20","0","identical","not-repeated","0"
"corpus:tail-evasion-:full","tail-evasion-","r3k2r/Pppp1ppp/1b3nbN/nP6/BBP1P3/q4N2/Pp1P2PP/R2Q1RK1 w kq - 0 1","corpus-full","0","0","true","-391","d2d4","d2d4 b2a1q d1a1 a3b4","0","2508","2508","18","1.867","1343331","1925","1925","0","identical","guard-rejected-not-exact","200001"
"corpus:tail-evasion-:lower","tail-evasion-","r3k2r/Pppp1ppp/1b3nbN/nP6/BBP1P3/q4N2/Pp1P2PP/R2Q1RK1 w kq - 0 1","corpus-lower","0","0","true","-391","d2d4","d2d4","0","662","662","18","0.5154","1284439","515","515","0","identical","not-repeated","0"
"corpus:tail-evasion-:upper","tail-evasion-","r3k2r/Pppp1ppp/1b3nbN/nP6/BBP1P3/q4N2/Pp1P2PP/R2Q1RK1 w kq - 0 1","corpus-upper","0","0","true","-391","d2d4","d2d4 b2a1q","0","773","773","18","1.0809","715144","572","572","0","identical","not-repeated","0"
"corpus:tail-evasion-f1f2:full","tail-evasion-f1f2","r3k2r/Pppp1ppp/1b3nbN/nP6/BBP1P3/q4N2/Pp1P1RPP/R2Q2K1 b kq - 1 1","corpus-full","0","0","true","696","b2a1q","b2a1q d1a1 b6f2 g1f2 a3b4","0","1827","1827","22","1.0484","1742655","1192","1192","0","identical","guard-rejected-not-exact","200001"
"corpus:tail-evasion-f1f2:lower","tail-evasion-f1f2","r3k2r/Pppp1ppp/1b3nbN/nP6/BBP1P3/q4N2/Pp1P1RPP/R2Q2K1 b kq - 1 1","corpus-lower","0","0","true","696","b2a1q","b2a1q","0","96","96","17","0.1536","625000","65","65","0","identical","not-repeated","0"
"corpus:tail-evasion-f1f2:upper","tail-evasion-f1f2","r3k2r/Pppp1ppp/1b3nbN/nP6/BBP1P3/q4N2/Pp1P1RPP/R2Q2K1 b kq - 1 1","corpus-upper","0","0","true","696","b2a1q","b2a1q d1a1","0","652","652","11","0.8116","803351","438","438","0","identical","not-repeated","0"
"corpus:tail-evasion-f3d4:full","tail-evasion-f3d4","r3k2r/Pppp1ppp/1b3nbN/nP6/BBPNP3/q7/Pp1P2PP/R2Q1RK1 b kq - 1 1","corpus-full","0","0","true","671","b6d4","b6d4 g1h1 b2a1q d1a1 d4a1 b4a3 a8a7 f1a1 g7h6","0","746","746","15","1.3404","556550","636","636","0","identical","guard-rejected-not-exact","200001"
"corpus:tail-evasion-f3d4:lower","tail-evasion-f3d4","r3k2r/Pppp1ppp/1b3nbN/nP6/BBPNP3/q7/Pp1P2PP/R2Q1RK1 b kq - 1 1","corpus-lower","0","0","true","671","b6d4","b6d4","0","112","112","11","0.1992","562248","85","85","0","identical","not-repeated","0"
"corpus:tail-evasion-f3d4:upper","tail-evasion-f3d4","r3k2r/Pppp1ppp/1b3nbN/nP6/BBPNP3/q7/Pp1P2PP/R2Q1RK1 b kq - 1 1","corpus-upper","0","0","true","671","b2a1q","b2a1q d1a1","0","308","308","11","0.4803","641265","285","285","0","identical","not-repeated","0"
"corpus:tail-middlegame-d3d4:full","tail-middlegame-d3d4","r4rk1/1pp1qppp/p1np1n2/2b1p1B1/2BPP1b1/P1N2N2/1PP1QPPP/R4RK1 b - - 0 10","corpus-full","0","0","true","133","c6d4","c6d4","0","1123","1123","20","1.4609","768704","719","719","0","identical","guard-rejected-not-exact","200001"
"corpus:tail-middlegame-d3d4:lower","tail-middlegame-d3d4","r4rk1/1pp1qppp/p1np1n2/2b1p1B1/2BPP1b1/P1N2N2/1PP1QPPP/R4RK1 b - - 0 10","corpus-lower","0","0","true","133","c6d4","c6d4","0","178","178","20","0.2691","661464","135","135","0","identical","not-repeated","0"
"corpus:tail-middlegame-d3d4:upper","tail-middlegame-d3d4","r4rk1/1pp1qppp/p1np1n2/2b1p1B1/2BPP1b1/P1N2N2/1PP1QPPP/R4RK1 b - - 0 10","corpus-upper","0","0","true","133","c6d4","c6d4","0","13","13","3","0.0269","483271","12","12","0","identical","not-repeated","0"
"corpus:quiet-direct-mate:full","quiet-direct-mate","7k/8/5KQ1/8/8/8/8/8 w - - 98 1","corpus-full","0","0","true","1146","none","","0","1","1","0","0.01","100000","0","0","0","identical","matched","1"
"corpus:quiet-direct-mate:lower","quiet-direct-mate","7k/8/5KQ1/8/8/8/8/8 w - - 98 1","corpus-lower","0","0","true","1146","none","","0","1","1","0","0.1637","6108","0","0","0","identical","not-repeated","0"
"corpus:quiet-direct-mate:upper","quiet-direct-mate","7k/8/5KQ1/8/8/8/8/8 w - - 98 1","corpus-upper","0","0","true","1146","none","","0","1","1","0","0.0292","34246","0","0","0","identical","not-repeated","0"
"corpus:quiet-double-discovery:full","quiet-double-discovery","k7/8/B1K5/8/8/8/8/R7 w - - 98 1","corpus-full","0","0","true","1115","none","","0","1","1","0","0.0039","256410","0","0","0","identical","matched","1"
"corpus:quiet-double-discovery:lower","quiet-double-discovery","k7/8/B1K5/8/8/8/8/R7 w - - 98 1","corpus-lower","0","0","true","1115","none","","0","1","1","0","0.0071","140845","0","0","0","identical","not-repeated","0"
"corpus:quiet-double-discovery:upper","quiet-double-discovery","k7/8/B1K5/8/8/8/8/R7 w - - 98 1","corpus-upper","0","0","true","1115","none","","0","1","1","0","0.0038","263157","0","0","0","identical","not-repeated","0"
"corpus:quiet-pawn-check:full","quiet-pawn-check","8/8/3kp3/8/4PK2/8/8/8 w - - 0 1","corpus-full","0","0","true","18","none","","0","1","1","0","0.0036","277777","0","0","0","identical","matched","1"
"corpus:quiet-pawn-check:lower","quiet-pawn-check","8/8/3kp3/8/4PK2/8/8/8 w - - 0 1","corpus-lower","0","0","true","18","none","","0","1","1","0","0.0033","303030","0","0","0","identical","not-repeated","0"
"corpus:quiet-pawn-check:upper","quiet-pawn-check","8/8/3kp3/8/4PK2/8/8/8 w - - 0 1","corpus-upper","0","0","true","18","none","","0","1","1","0","0.0034","294117","0","0","0","identical","not-repeated","0"
"corpus:quiet-king-discovery:full","quiet-king-discovery","k7/8/K7/8/8/8/8/R7 w - - 98 1","corpus-full","0","0","true","724","none","","0","1","1","0","0.0032","312500","0","0","0","identical","matched","1"
"corpus:quiet-king-discovery:lower","quiet-king-discovery","k7/8/K7/8/8/8/8/R7 w - - 98 1","corpus-lower","0","0","true","724","none","","0","1","1","0","0.0033","303030","0","0","0","identical","not-repeated","0"
"corpus:quiet-king-discovery:upper","quiet-king-discovery","k7/8/K7/8/8/8/8/R7 w - - 98 1","corpus-upper","0","0","true","724","none","","0","1","1","0","0.0032","312500","0","0","0","identical","not-repeated","0"
"corpus:quiet-castling-check:full","quiet-castling-check","5k2/8/8/8/8/8/8/4K2R w K - 98 1","corpus-full","0","0","true","699","none","","0","1","1","0","0.0148","67567","0","0","0","identical","matched","1"
"corpus:quiet-castling-check:lower","quiet-castling-check","5k2/8/8/8/8/8/8/4K2R w K - 98 1","corpus-lower","0","0","true","699","none","","0","1","1","0","0.0069","144927","0","0","0","identical","not-repeated","0"
"corpus:quiet-castling-check:upper","quiet-castling-check","5k2/8/8/8/8/8/8/4K2R w K - 98 1","corpus-upper","0","0","true","699","none","","0","1","1","0","0.0071","140845","0","0","0","identical","not-repeated","0"
"corpus:quiet-knight-fork:full","quiet-knight-fork","4k3/5q2/8/5N2/8/8/8/4K3 w - - 0 1","corpus-full","0","0","true","-752","none","","0","1","1","0","0.008","125000","0","0","0","identical","matched","1"
"corpus:quiet-knight-fork:lower","quiet-knight-fork","4k3/5q2/8/5N2/8/8/8/4K3 w - - 0 1","corpus-lower","0","0","true","-752","none","","0","1","1","0","0.0061","163934","0","0","0","identical","not-repeated","0"
"corpus:quiet-knight-fork:upper","quiet-knight-fork","4k3/5q2/8/5N2/8/8/8/4K3 w - - 0 1","corpus-upper","0","0","true","-752","none","","0","1","1","0","0.0068","147058","0","0","0","identical","not-repeated","0"
"corpus:quiet-smother-sacrifice:full","quiet-smother-sacrifice","5r1k/6pp/4Q2N/8/8/8/8/4K3 w - - 0 1","corpus-full","0","0","true","82","none","","0","1","1","0","0.0067","149253","0","0","0","identical","matched","1"
"corpus:quiet-smother-sacrifice:lower","quiet-smother-sacrifice","5r1k/6pp/4Q2N/8/8/8/8/4K3 w - - 0 1","corpus-lower","0","0","true","82","none","","0","1","1","0","0.0062","161290","0","0","0","identical","not-repeated","0"
"corpus:quiet-smother-sacrifice:upper","quiet-smother-sacrifice","5r1k/6pp/4Q2N/8/8/8/8/4K3 w - - 0 1","corpus-upper","0","0","true","82","none","","0","1","1","0","0.0063","158730","0","0","0","identical","not-repeated","0"
"corpus:quiet-check-rule50-draw:full","quiet-check-rule50-draw","4k3/8/8/8/8/8/7q/R3K3 w - - 98 1","corpus-full","0","0","true","-454","none","","0","1","1","0","0.006","166666","0","0","0","identical","matched","1"
"corpus:quiet-check-rule50-draw:lower","quiet-check-rule50-draw","4k3/8/8/8/8/8/7q/R3K3 w - - 98 1","corpus-lower","0","0","true","-454","none","","0","1","1","0","0.0054","185185","0","0","0","identical","not-repeated","0"
"corpus:quiet-check-rule50-draw:upper","quiet-check-rule50-draw","4k3/8/8/8/8/8/7q/R3K3 w - - 98 1","corpus-upper","0","0","true","-454","none","","0","1","1","0","0.0055","181818","0","0","0","identical","not-repeated","0"
"corpus:quiet-rook-checks-standpat:full","quiet-rook-checks-standpat","4k3/8/8/8/8/8/8/R3K3 w - - 98 1","corpus-full","0","0","true","692","none","","0","1","1","0","0.0058","172413","0","0","0","identical","matched","1"
"corpus:quiet-rook-checks-standpat:lower","quiet-rook-checks-standpat","4k3/8/8/8/8/8/8/R3K3 w - - 98 1","corpus-lower","0","0","true","692","none","","0","1","1","0","0.0062","161290","0","0","0","identical","not-repeated","0"
"corpus:quiet-rook-checks-standpat:upper","quiet-rook-checks-standpat","4k3/8/8/8/8/8/8/R3K3 w - - 98 1","corpus-upper","0","0","true","692","none","","0","1","1","0","0.006","166666","0","0","0","identical","not-repeated","0"
"corpus:quiet-mate-unlimited:full","quiet-mate-unlimited","7k/8/5KQ1/8/8/8/8/8 w - - 0 1","corpus-full","0","0","true","1146","none","","0","1","1","0","0.0058","172413","0","0","0","identical","matched","1"
"corpus:quiet-mate-unlimited:lower","quiet-mate-unlimited","7k/8/5KQ1/8/8/8/8/8 w - - 0 1","corpus-lower","0","0","true","1146","none","","0","1","1","0","0.0055","181818","0","0","0","identical","not-repeated","0"
"corpus:quiet-mate-unlimited:upper","quiet-mate-unlimited","7k/8/5KQ1/8/8/8/8/8 w - - 0 1","corpus-upper","0","0","true","1146","none","","0","1","1","0","0.0063","158730","0","0","0","identical","not-repeated","0"
"corpus:endgame-pawn-displacement:full","endgame-pawn-displacement","8/2p5/3p4/KPr4k/5R2/8/4P1P1/8 w - - 1 3","corpus-full","0","0","true","146","none","","0","1","1","0","0.006","166666","0","0","0","identical","matched","1"
"corpus:endgame-pawn-displacement:lower","endgame-pawn-displacement","8/2p5/3p4/KPr4k/5R2/8/4P1P1/8 w - - 1 3","corpus-lower","0","0","true","146","none","","0","1","1","0","0.0057","175438","0","0","0","identical","not-repeated","0"
"corpus:endgame-pawn-displacement:upper","endgame-pawn-displacement","8/2p5/3p4/KPr4k/5R2/8/4P1P1/8 w - - 1 3","corpus-upper","0","0","true","146","none","","0","1","1","0","0.0089","112359","0","0","0","identical","not-repeated","0"
"corpus:first-after-capture-mate:full","first-after-capture-mate","5rRk/6pp/7N/8/8/8/8/4K3 b - - 0 1","corpus-full","0","0","true","546","f8g8","f8g8 h6g8 h8g8","0","4","4","3","0.012","333333","2","2","0","identical","matched","4"
"corpus:first-after-capture-mate:lower","first-after-capture-mate","5rRk/6pp/7N/8/8/8/8/4K3 b - - 0 1","corpus-lower","0","0","true","546","f8g8","f8g8","0","4","4","3","0.0082","487804","2","2","0","identical","not-repeated","0"
"corpus:first-after-capture-mate:upper","first-after-capture-mate","5rRk/6pp/7N/8/8/8/8/4K3 b - - 0 1","corpus-upper","0","0","true","546","f8g8","f8g8 h6g8","0","4","4","3","0.0079","506329","2","2","0","identical","not-repeated","0"
"corpus:exchange-deeper-check:full","exchange-deeper-check","5rrk/8/6KN/8/8/1Q6/8/8 w - - 0 1","corpus-full","0","0","true","381","h6g8","h6g8 f8g8 g6h6","0","18","18","4","0.0508","354330","0","0","0","identical","matched","18"
"corpus:exchange-deeper-check:lower","exchange-deeper-check","5rrk/8/6KN/8/8/1Q6/8/8 w - - 0 1","corpus-lower","0","0","true","381","h6g8","h6g8","0","15","15","3","0.2293","65416","0","0","0","identical","not-repeated","0"
"corpus:exchange-deeper-check:upper","exchange-deeper-check","5rrk/8/6KN/8/8/1Q6/8/8 w - - 0 1","corpus-upper","0","0","true","381","h6g8","h6g8 f8g8","0","18","18","4","0.0111","1621621","0","0","0","identical","not-repeated","0"
"corpus:capture-allows-queen-fork:full","capture-allows-queen-fork","4k3/8/8/8/5n2/1r6/P4Q2/4K3 w - - 0 1","corpus-full","0","0","true","944","a2b3","a2b3","0","3","3","1","0.0063","476190","2","2","0","identical","matched","3"
"corpus:capture-allows-queen-fork:lower","capture-allows-queen-fork","4k3/8/8/8/5n2/1r6/P4Q2/4K3 w - - 0 1","corpus-lower","0","0","true","944","a2b3","a2b3","0","2","2","1","0.0053","377358","1","1","0","identical","not-repeated","0"
"corpus:capture-allows-queen-fork:upper","capture-allows-queen-fork","4k3/8/8/8/5n2/1r6/P4Q2/4K3 w - - 0 1","corpus-upper","0","0","true","944","a2b3","a2b3","0","3","3","1","0.0065","461538","2","2","0","identical","not-repeated","0"
"corpus:third-check-smother:full","third-check-smother","4k3/8/8/8/8/3q4/PPn5/1KR5 b - - 96 1","corpus-full","0","0","true","155","none","","0","1","1","0","0.0036","277777","0","0","0","identical","matched","1"
"corpus:third-check-smother:lower","third-check-smother","4k3/8/8/8/8/3q4/PPn5/1KR5 b - - 96 1","corpus-lower","0","0","true","155","none","","0","1","1","0","0.0073","136986","0","0","0","identical","not-repeated","0"
"corpus:third-check-smother:upper","third-check-smother","4k3/8/8/8/8/3q4/PPn5/1KR5 b - - 96 1","corpus-upper","0","0","true","155","none","","0","1","1","0","0.0038","263157","0","0","0","identical","not-repeated","0"
"corpus:repeated-check-no-extra-value:full","repeated-check-no-extra-value","4k3/8/8/8/8/8/8/R3K3 w - - 96 1","corpus-full","0","0","true","692","none","","0","1","1","0","0.0042","238095","0","0","0","identical","matched","1"
"corpus:repeated-check-no-extra-value:lower","repeated-check-no-extra-value","4k3/8/8/8/8/8/8/R3K3 w - - 96 1","corpus-lower","0","0","true","692","none","","0","1","1","0","0.0064","156250","0","0","0","identical","not-repeated","0"
"corpus:repeated-check-no-extra-value:upper","repeated-check-no-extra-value","4k3/8/8/8/8/8/8/R3K3 w - - 96 1","corpus-upper","0","0","true","692","none","","0","1","1","0","0.0043","232558","0","0","0","identical","not-repeated","0"
"corpus:deeper-two-reply-fork:full","deeper-two-reply-fork","4k3/8/8/8/5n2/1rp5/P4Qp1/4K3 w - - 0 1","corpus-full","0","0","true","41","a2b3","a2b3","0","10","10","3","0.0129","775193","3","3","0","identical","matched","41"
"corpus:deeper-two-reply-fork:lower","deeper-two-reply-fork","4k3/8/8/8/5n2/1rp5/P4Qp1/4K3 w - - 0 1","corpus-lower","0","0","true","41","a2b3","a2b3","0","8","8","3","0.0112","714285","1","1","0","identical","not-repeated","0"
"corpus:deeper-two-reply-fork:upper","deeper-two-reply-fork","4k3/8/8/8/5n2/1rp5/P4Qp1/4K3 w - - 0 1","corpus-upper","0","0","true","41","a2b3","a2b3","0","4","4","1","0.0141","283687","3","3","0","identical","not-repeated","0"
"corpus:deeper-one-reply-fork:full","deeper-one-reply-fork","4k3/8/8/8/5n2/1rp2p2/P4Qp1/4K3 w - - 0 1","corpus-full","0","0","true","-436","a2b3","a2b3","0","10","10","3","0.0086","1162790","3","3","0","identical","matched","58"
"corpus:deeper-one-reply-fork:lower","deeper-one-reply-fork","4k3/8/8/8/5n2/1rp2p2/P4Qp1/4K3 w - - 0 1","corpus-lower","0","0","true","-436","a2b3","a2b3","0","8","8","3","0.0132","606060","1","1","0","identical","not-repeated","0"
"corpus:deeper-one-reply-fork:upper","deeper-one-reply-fork","4k3/8/8/8/5n2/1rp2p2/P4Qp1/4K3 w - - 0 1","corpus-upper","0","0","true","-436","a2b3","a2b3","0","4","4","1","0.0084","476190","3","3","0","identical","not-repeated","0"
"corpus:nonchecking-capture-dead-draw:full","nonchecking-capture-dead-draw","4k3/8/8/8/8/8/3r4/4K3 w - - 0 1","corpus-full","0","0","true","0","e1d2","e1d2","0","2","2","1","0.0042","476190","1","0","1","identical","matched","2"
"corpus:nonchecking-capture-dead-draw:lower","nonchecking-capture-dead-draw","4k3/8/8/8/8/8/3r4/4K3 w - - 0 1","corpus-lower","0","0","true","0","e1d2","e1d2","0","2","2","1","0.0073","273972","1","0","1","identical","not-repeated","0"
"corpus:nonchecking-capture-dead-draw:upper","nonchecking-capture-dead-draw","4k3/8/8/8/8/8/3r4/4K3 w - - 0 1","corpus-upper","0","0","true","0","e1d2","e1d2","0","2","2","1","0.0072","277777","1","0","1","identical","not-repeated","0"
"corpus:capture-to-stalemate:full","capture-to-stalemate","k7/8/1p2Q3/4K3/8/8/8/8 w - - 0 1","corpus-full","0","0","true","789","none","","0","2","2","1","0.0074","270270","1","0","1","identical","matched","2"
"corpus:capture-to-stalemate:lower","capture-to-stalemate","k7/8/1p2Q3/4K3/8/8/8/8 w - - 0 1","corpus-lower","0","0","true","789","none","","0","1","1","0","0.0049","204081","0","0","0","identical","not-repeated","0"
"corpus:capture-to-stalemate:upper","capture-to-stalemate","k7/8/1p2Q3/4K3/8/8/8/8 w - - 0 1","corpus-upper","0","0","true","789","none","","0","2","2","1","0.0056","357142","1","0","1","identical","not-repeated","0"
"benchmark:start:2","start","rnbqkbnr/pppppppp/8/8/8/8/PPPPPPPP/RNBQKBNR w KQkq - 0 1","benchmark","2","2","true","0","g1f3","g1f3 b8c6","21","98","119","2","0.1558","763799","5","5","0","identical","not-attempted","0"
"benchmark:kiwipete:2","kiwipete","r3k2r/p1ppqpb1/bn2pnp1/3PN3/1p2P3/2N2Q1p/PPPBBPPP/R3K2R w KQkq - 0 1","benchmark","2","2","true","61","e2a6","e2a6 h3g2 f3g2 b4c3 d2c3 e6d5 e5g6 f7g6 g2g6 e7f7","49","18871","18920","23","16.4014","1153560","11940","11940","0","identical","not-attempted","0"
"benchmark:tactical:2","tactical","4k3/8/2p1p3/3q4/2P1P3/3Q4/8/4K3 w - - 0 1","benchmark","2","2","true","1072","c4d5","c4d5 c6d5 e4d5","25","87","112","3","0.1325","845283","31","31","0","identical","not-attempted","0"
"benchmark:evasion:2","evasion","r3k2r/Pppp1ppp/1b3nbN/nP6/BBP1P3/q4N2/Pp1P2PP/R2Q1RK1 w kq - 0 1","benchmark","2","2","true","-410","g1h1","g1h1 b2a1q d1a1 a3b4","7","18326","18333","28","85.2851","214961","12530","12530","0","identical","not-attempted","0"
"benchmark:middlegame:2","middlegame","r4rk1/1pp1qppp/p1np1n2/2b1p1B1/2B1P1b1/P1NP1N2/1PP1QPPP/R4RK1 w - - 0 10","benchmark","2","2","true","111","c3d5","c3d5 e7d8 g5f6 g7f6","47","13957","14004","19","15.2148","920419","8413","8413","0","identical","not-attempted","0"
"benchmark:transposition-pawns:2","transposition-pawns","4k3/pp6/8/8/8/8/PP6/4K3 w - - 0 1","benchmark","2","2","true","0","e1d2","e1d2 e8d7","10","25","35","0","0.0755","463576","0","0","0","identical","not-attempted","0"
"benchmark:endgame:2","endgame","8/2p5/3p4/KP5r/1R3p1k/8/4P1P1/8 w - - 0 1","benchmark","2","2","true","165","b4f4","b4f4 h4g3","15","100","115","4","0.1217","944946","26","26","0","identical","not-attempted","0"
"benchmark:start:3","start","rnbqkbnr/pppppppp/8/8/8/8/PPPPPPPP/RNBQKBNR w KQkq - 0 1","benchmark","3","3","true","38","b1c3","b1c3 d7d5 g1f3","96","978","1074","6","1.5988","671753","56","56","0","identical","not-attempted","0"
"benchmark:kiwipete:3","kiwipete","r3k2r/p1ppqpb1/bn2pnp1/3PN3/1p2P3/2N2Q1p/PPPBBPPP/R3K2R w KQkq - 0 1","benchmark","3","3","true","32","e2a6","e2a6 e6d5 c3d5 e7e5","175","108106","108281","26","111.4943","971179","68481","68481","0","identical","not-attempted","0"
"benchmark:tactical:3","tactical","4k3/8/2p1p3/3q4/2P1P3/3Q4/8/4K3 w - - 0 1","benchmark","3","3","true","1072","c4d5","c4d5 c6d5 e4d5","63","444","507","5","0.2475","2048484","30","30","0","identical","not-attempted","0"
"benchmark:evasion:3","evasion","r3k2r/Pppp1ppp/1b3nbN/nP6/BBP1P3/q4N2/Pp1P2PP/R2Q1RK1 w kq - 0 1","benchmark","3","3","true","-503","c4c5","c4c5 b6c5 d2d4 b2a1q d1a1 a3b4","112","30656","30768","27","31.8889","964849","20356","20356","0","identical","not-attempted","0"
"benchmark:middlegame:3","middlegame","r4rk1/1pp1qppp/p1np1n2/2b1p1B1/2B1P1b1/P1NP1N2/1PP1QPPP/R4RK1 w - - 0 10","benchmark","3","3","true","111","c3d5","c3d5 e7d8 g5f6 g7f6","324","61721","62045","24","63.7004","974012","42398","42398","0","identical","not-attempted","0"
"benchmark:transposition-pawns:3","transposition-pawns","4k3/pp6/8/8/8/8/PP6/4K3 w - - 0 1","benchmark","3","3","true","3","e1d2","e1d2 e8d7 d2d3","35","111","146","0","0.0682","2140762","0","0","0","identical","not-attempted","0"
"benchmark:endgame:3","endgame","8/2p5/3p4/KP5r/1R3p1k/8/4P1P1/8 w - - 0 1","benchmark","3","3","true","167","b4f4","b4f4 h4g3 f4f7","44","352","396","4","0.1396","2836676","53","53","0","identical","not-attempted","0"
