predictor,convention,margin,eligible,predicted_pruned,pruned_pct,alpha_raises,beta_cutoffs,final_best_fail_low,mate_lines,relevant_mate,draw_lines,relevant_draw,oracle_best,oracle_uniquely_best,oracle_above_alpha,existing_child_stand_pat_cutoffs
post_static,strict_gt,0,195913,101671,51.896,0,0,30701,0,0,0,0,23,23,0,101671
post_static,inclusive_ge,0,195913,102120,52.1252,0,0,31064,0,0,0,0,40,40,0,102120
post_static,strict_gt,300,195913,50724,25.8911,0,0,11761,0,0,0,0,18,18,0,50724
post_static,inclusive_ge,300,195913,50838,25.9493,0,0,11785,0,0,0,0,18,18,0,50838
post_static,strict_gt,832,195913,10117,5.164,0,0,1935,0,0,0,0,5,5,0,10117
post_static,inclusive_ge,832,195913,10179,5.1957,0,0,1938,0,0,0,0,5,5,0,10179
post_static,strict_gt,31709,195913,14,0.0071,0,0,0,0,0,0,0,0,0,0,14
post_static,inclusive_ge,31709,195913,15,0.0077,0,0,1,0,0,0,0,1,1,0,15
post_static,strict_gt,31710,195913,14,0.0071,0,0,0,0,0,0,0,0,0,0,14
post_static,inclusive_ge,31710,195913,14,0.0071,0,0,0,0,0,0,0,0,0,0,14
material_delta,strict_gt,0,195913,113773,58.0732,5230,4198,32008,76,0,2,2,82,78,39,99129
material_delta,inclusive_ge,0,195913,114004,58.1911,5289,4245,32056,76,0,2,2,82,78,39,99203
material_delta,strict_gt,67,195913,98689,50.3739,2596,2091,27299,34,0,2,2,80,76,38,91744
material_delta,inclusive_ge,67,195913,98872,50.4673,2632,2122,27368,34,0,2,2,80,76,38,91854
material_delta,strict_gt,269,195913,59896,30.5728,251,155,15079,1,0,0,0,33,33,8,59226
material_delta,inclusive_ge,269,195913,60062,30.6575,261,160,15111,1,0,0,0,33,33,8,59371
material_delta,strict_gt,354,195913,50407,25.7293,52,31,12472,0,0,0,0,20,20,0,50322
material_delta,inclusive_ge,354,195913,50506,25.7798,53,32,12499,0,0,0,0,20,20,0,50419
material_delta,strict_gt,520,195913,34028,17.3689,0,0,7949,0,0,0,0,16,16,0,34024
material_delta,inclusive_ge,520,195913,34137,17.4246,4,4,7974,0,0,0,0,16,16,0,34129
