fixture,fen,mode,baseline_score,score,best,pv,qnodes,max_qply,oracle_nodes,baseline_pv,witness_path,pruned_move,see_sign,promotion,gives_check,qply,witness_baseline_score,witness_candidate_score,witness_move_score
"winning","4k3/8/8/3q4/4P3/8/8/4K3 w - - 0 1","QSEARCH_BASELINE","413","413","e4d5","e4d5","2","1","2","e4d5","","","","","","","","",""
"winning","4k3/8/8/3q4/4P3/8/8/4K3 w - - 0 1","SEE_ALL","413","413","e4d5","e4d5","2","1","2","e4d5","","","","","","","","",""
"winning","4k3/8/8/3q4/4P3/8/8/4K3 w - - 0 1","SEE_PROMO_SAFE","413","413","e4d5","e4d5","2","1","2","e4d5","","","","","","","","",""
"winning","4k3/8/8/3q4/4P3/8/8/4K3 w - - 0 1","SEE_CHECK_PROMO_SAFE","413","413","e4d5","e4d5","2","1","2","e4d5","","","","","","","","",""
"losing-defended","3rk3/8/8/3p4/8/8/8/3QK3 w - - 0 1","QSEARCH_BASELINE","6","6","none","","3","2","3","","","","","","","","","",""
"losing-defended","3rk3/8/8/3p4/8/8/8/3QK3 w - - 0 1","SEE_ALL","6","6","none","","1","0","1","","","","","","","","","",""
"losing-defended","3rk3/8/8/3p4/8/8/8/3QK3 w - - 0 1","SEE_PROMO_SAFE","6","6","none","","1","0","1","","","","","","","","","",""
"losing-defended","3rk3/8/8/3p4/8/8/8/3QK3 w - - 0 1","SEE_CHECK_PROMO_SAFE","6","6","none","","1","0","1","","","","","","","","","",""
"equal-defended","rq2k3/8/8/8/8/8/8/R3K3 w - - 0 1","QSEARCH_BASELINE","-989","-989","none","","3","2","3","","","","","","","","","",""
"equal-defended","rq2k3/8/8/8/8/8/8/R3K3 w - - 0 1","SEE_ALL","-989","-989","none","","3","2","3","","","","","","","","","",""
"equal-defended","rq2k3/8/8/8/8/8/8/R3K3 w - - 0 1","SEE_PROMO_SAFE","-989","-989","none","","3","2","3","","","","","","","","","",""
"equal-defended","rq2k3/8/8/8/8/8/8/R3K3 w - - 0 1","SEE_CHECK_PROMO_SAFE","-989","-989","none","","3","2","3","","","","","","","","","",""
"bishop-xray","4k3/6b1/8/8/3p4/8/3Q4/3RK3 w - - 0 1","QSEARCH_BASELINE","877","877","none","","4","3","4","","","","","","","","","",""
"bishop-xray","4k3/6b1/8/8/3p4/8/3Q4/3RK3 w - - 0 1","SEE_ALL","877","877","none","","1","0","1","","","","","","","","","",""
"bishop-xray","4k3/6b1/8/8/3p4/8/3Q4/3RK3 w - - 0 1","SEE_PROMO_SAFE","877","877","none","","1","0","1","","","","","","","","","",""
"bishop-xray","4k3/6b1/8/8/3p4/8/3Q4/3RK3 w - - 0 1","SEE_CHECK_PROMO_SAFE","877","877","none","","1","0","1","","","","","","","","","",""
"diagonal-xray","4k3/8/6b1/8/8/3r4/2Q5/1B2K3 w - - 0 1","QSEARCH_BASELINE","284","284","none","","3","2","3","","","","","","","","","",""
"diagonal-xray","4k3/8/6b1/8/8/3r4/2Q5/1B2K3 w - - 0 1","SEE_ALL","284","284","none","","1","0","1","","","","","","","","","",""
"diagonal-xray","4k3/8/6b1/8/8/3r4/2Q5/1B2K3 w - - 0 1","SEE_PROMO_SAFE","284","284","none","","1","0","1","","","","","","","","","",""
"diagonal-xray","4k3/8/6b1/8/8/3r4/2Q5/1B2K3 w - - 0 1","SEE_CHECK_PROMO_SAFE","284","284","none","","1","0","1","","","","","","","","","",""
"successive-xrays","7k/3r4/3q4/3r4/3p4/3R4/3Q4/K2R4 w - - 0 1","QSEARCH_BASELINE","-306","-306","none","","11","6","48","","","","","","","","","",""
"successive-xrays","7k/3r4/3q4/3r4/3p4/3R4/3Q4/K2R4 w - - 0 1","SEE_ALL","-306","-306","none","","1","0","1","","","","","","","","","",""
"successive-xrays","7k/3r4/3q4/3r4/3p4/3R4/3Q4/K2R4 w - - 0 1","SEE_PROMO_SAFE","-306","-306","none","","1","0","1","","","","","","","","","",""
"successive-xrays","7k/3r4/3q4/3r4/3p4/3R4/3Q4/K2R4 w - - 0 1","SEE_CHECK_PROMO_SAFE","-306","-306","none","","1","0","1","","","","","","","","","",""
"pinned-defender","4k3/3n4/8/1B2p3/5P2/8/8/4K3 w - - 0 1","QSEARCH_BASELINE","514","514","f4e5","f4e5","5","3","15","f4e5","","","","","","","","",""
"pinned-defender","4k3/3n4/8/1B2p3/5P2/8/8/4K3 w - - 0 1","SEE_ALL","514","514","f4e5","f4e5","2","1","2","f4e5","","","","","","","","",""
"pinned-defender","4k3/3n4/8/1B2p3/5P2/8/8/4K3 w - - 0 1","SEE_PROMO_SAFE","514","514","f4e5","f4e5","2","1","2","f4e5","","","","","","","","",""
"pinned-defender","4k3/3n4/8/1B2p3/5P2/8/8/4K3 w - - 0 1","SEE_CHECK_PROMO_SAFE","514","514","f4e5","f4e5","5","3","15","f4e5","","","","","","","","",""
"king-capture-evasion","4k3/8/8/8/8/8/4r3/4K3 w - - 0 1","QSEARCH_BASELINE","0","0","e1e2","e1e2","4","1","4","e1e2","","","","","","","","",""
"king-capture-evasion","4k3/8/8/8/8/8/4r3/4K3 w - - 0 1","SEE_ALL","0","0","e1e2","e1e2","4","1","4","e1e2","","","","","","","","",""
"king-capture-evasion","4k3/8/8/8/8/8/4r3/4K3 w - - 0 1","SEE_PROMO_SAFE","0","0","e1e2","e1e2","4","1","4","e1e2","","","","","","","","",""
"king-capture-evasion","4k3/8/8/8/8/8/4r3/4K3 w - - 0 1","SEE_CHECK_PROMO_SAFE","0","0","e1e2","e1e2","4","1","4","e1e2","","","","","","","","",""
"unsafe-king-recapture","8/8/4k3/3r4/8/1B6/8/3RK3 w - - 0 1","QSEARCH_BASELINE","1131","1131","d1d5","d1d5","4","2","9","d1d5","","","","","","","","",""
"unsafe-king-recapture","8/8/4k3/3r4/8/1B6/8/3RK3 w - - 0 1","SEE_ALL","1131","1131","d1d5","d1d5","4","2","9","d1d5","","","","","","","","",""
"unsafe-king-recapture","8/8/4k3/3r4/8/1B6/8/3RK3 w - - 0 1","SEE_PROMO_SAFE","1131","1131","d1d5","d1d5","4","2","9","d1d5","","","","","","","","",""
"unsafe-king-recapture","8/8/4k3/3r4/8/1B6/8/3RK3 w - - 0 1","SEE_CHECK_PROMO_SAFE","1131","1131","d1d5","d1d5","4","2","9","d1d5","","","","","","","","",""
"ep-winning","4k3/8/8/3pP3/8/8/8/4K3 w - d6 0 1","QSEARCH_BASELINE","434","434","e5d6","e5d6","2","1","2","e5d6","","","","","","","","",""
"ep-winning","4k3/8/8/3pP3/8/8/8/4K3 w - d6 0 1","SEE_ALL","434","434","e5d6","e5d6","2","1","2","e5d6","","","","","","","","",""
"ep-winning","4k3/8/8/3pP3/8/8/8/4K3 w - d6 0 1","SEE_PROMO_SAFE","434","434","e5d6","e5d6","2","1","2","e5d6","","","","","","","","",""
"ep-winning","4k3/8/8/3pP3/8/8/8/4K3 w - d6 0 1","SEE_CHECK_PROMO_SAFE","434","434","e5d6","e5d6","2","1","2","e5d6","","","","","","","","",""
"ep-defended","4k3/8/8/3pP3/3r4/8/8/4K3 w - d6 0 1","QSEARCH_BASELINE","-682","-682","none","","3","2","3","","","","","","","","","",""
"ep-defended","4k3/8/8/3pP3/3r4/8/8/4K3 w - d6 0 1","SEE_ALL","-682","-682","none","","3","2","3","","","","","","","","","",""
"ep-defended","4k3/8/8/3pP3/3r4/8/8/4K3 w - d6 0 1","SEE_PROMO_SAFE","-682","-682","none","","3","2","3","","","","","","","","","",""
"ep-defended","4k3/8/8/3pP3/3r4/8/8/4K3 w - d6 0 1","SEE_CHECK_PROMO_SAFE","-682","-682","none","","3","2","3","","","","","","","","","",""
"ep-black","4k3/8/8/3R4/3Pp3/8/8/4K3 b - d3 0 1","QSEARCH_BASELINE","-682","-682","none","","3","2","3","","","","","","","","","",""
"ep-black","4k3/8/8/3R4/3Pp3/8/8/4K3 b - d3 0 1","SEE_ALL","-682","-682","none","","3","2","3","","","","","","","","","",""
"ep-black","4k3/8/8/3R4/3Pp3/8/8/4K3 b - d3 0 1","SEE_PROMO_SAFE","-682","-682","none","","3","2","3","","","","","","","","","",""
"ep-black","4k3/8/8/3R4/3Pp3/8/8/4K3 b - d3 0 1","SEE_CHECK_PROMO_SAFE","-682","-682","none","","3","2","3","","","","","","","","","",""
"quiet-promotion","7k/P7/8/8/8/8/8/7K w - - 0 1","QSEARCH_BASELINE","1063","1063","none","","8","2","9","","","","","","","","","",""
"quiet-promotion","7k/P7/8/8/8/8/8/7K w - - 0 1","SEE_ALL","1063","1063","none","","8","2","9","","","","","","","","","",""
"quiet-promotion","7k/P7/8/8/8/8/8/7K w - - 0 1","SEE_PROMO_SAFE","1063","1063","none","","8","2","9","","","","","","","","","",""
"quiet-promotion","7k/P7/8/8/8/8/8/7K w - - 0 1","SEE_CHECK_PROMO_SAFE","1063","1063","none","","8","2","9","","","","","","","","","",""
"quiet-promotion-black","k7/8/8/8/8/8/p7/7K b - - 0 1","QSEARCH_BASELINE","1081","1081","none","","7","2","9","","","","","","","","","",""
"quiet-promotion-black","k7/8/8/8/8/8/p7/7K b - - 0 1","SEE_ALL","1081","1081","none","","7","2","9","","","","","","","","","",""
"quiet-promotion-black","k7/8/8/8/8/8/p7/7K b - - 0 1","SEE_PROMO_SAFE","1081","1081","none","","7","2","9","","","","","","","","","",""
"quiet-promotion-black","k7/8/8/8/8/8/p7/7K b - - 0 1","SEE_CHECK_PROMO_SAFE","1081","1081","none","","7","2","9","","","","","","","","","",""
"defended-quiet-promotion","7k/P7/r7/8/8/8/8/7K w - - 0 1","QSEARCH_BASELINE","33","33","none","","15","3","17","","","","","","","","","",""
"defended-quiet-promotion","7k/P7/r7/8/8/8/8/7K w - - 0 1","SEE_ALL","33","33","none","","1","0","1","","","","","","","","","",""
"defended-quiet-promotion","7k/P7/r7/8/8/8/8/7K w - - 0 1","SEE_PROMO_SAFE","33","33","none","","15","3","17","","","","","","","","","",""
"defended-quiet-promotion","7k/P7/r7/8/8/8/8/7K w - - 0 1","SEE_CHECK_PROMO_SAFE","33","33","none","","15","3","17","","","","","","","","","",""
"promotion-stalemate-resource","3r4/1P6/8/8/8/1k6/p7/K7 w - - 0 1","QSEARCH_BASELINE","0","0","b7b8q","b7b8q d8b8","29","3","45","b7b8q d8b8","","","","","","","","",""
"promotion-stalemate-resource","3r4/1P6/8/8/8/1k6/p7/K7 w - - 0 1","SEE_ALL","0","-904","none","","1","0","1","b7b8q d8b8","","b7b8q","negative","true","true","0","0","-904","0"
"promotion-stalemate-resource","3r4/1P6/8/8/8/1k6/p7/K7 w - - 0 1","SEE_PROMO_SAFE","0","0","b7b8q","b7b8q d8b8","29","3","45","b7b8q d8b8","","","","","","","","",""
"promotion-stalemate-resource","3r4/1P6/8/8/8/1k6/p7/K7 w - - 0 1","SEE_CHECK_PROMO_SAFE","0","0","b7b8q","b7b8q d8b8","29","3","45","b7b8q d8b8","","","","","","","","",""
"promotion-positional-resource","3r4/1P6/8/7q/8/1k6/p7/K7 w - - 0 1","QSEARCH_BASELINE","-389","-389","b7b8q","b7b8q b3a3 b8d8","25","4","67","b7b8q b3a3 b8d8","","","","","","","","",""
"promotion-positional-resource","3r4/1P6/8/7q/8/1k6/p7/K7 w - - 0 1","SEE_ALL","-389","-1563","none","","1","0","1","b7b8q b3a3 b8d8","","b7b8q","negative","true","true","0","-389","-1563","-389"
"promotion-positional-resource","3r4/1P6/8/7q/8/1k6/p7/K7 w - - 0 1","SEE_PROMO_SAFE","-389","-389","b7b8q","b7b8q b3a3 b8d8","25","4","67","b7b8q b3a3 b8d8","","","","","","","","",""
"promotion-positional-resource","3r4/1P6/8/7q/8/1k6/p7/K7 w - - 0 1","SEE_CHECK_PROMO_SAFE","-389","-389","b7b8q","b7b8q b3a3 b8d8","25","4","67","b7b8q b3a3 b8d8","","","","","","","","",""
"capture-promotion","1r5k/P7/8/8/8/8/8/7K w - - 0 1","QSEARCH_BASELINE","1070","1070","a7b8q","a7b8q h8h7","12","2","17","a7b8q h8h7","","","","","","","","",""
"capture-promotion","1r5k/P7/8/8/8/8/8/7K w - - 0 1","SEE_ALL","1070","1070","a7b8q","a7b8q h8h7","8","2","9","a7b8q h8h7","","","","","","","","",""
"capture-promotion","1r5k/P7/8/8/8/8/8/7K w - - 0 1","SEE_PROMO_SAFE","1070","1070","a7b8q","a7b8q h8h7","12","2","17","a7b8q h8h7","","","","","","","","",""
"capture-promotion","1r5k/P7/8/8/8/8/8/7K w - - 0 1","SEE_CHECK_PROMO_SAFE","1070","1070","a7b8q","a7b8q h8h7","12","2","17","a7b8q h8h7","","","","","","","","",""
"capture-promotion-black","4k3/8/8/8/8/8/6p1/4K2R b - - 0 1","QSEARCH_BASELINE","1116","1116","g2h1q","g2h1q e1d2","17","3","29","g2h1q e1d2","","","","","","","","",""
"capture-promotion-black","4k3/8/8/8/8/8/6p1/4K2R b - - 0 1","SEE_ALL","1116","1116","g2h1q","g2h1q e1d2","9","2","11","g2h1q e1d2","","","","","","","","",""
"capture-promotion-black","4k3/8/8/8/8/8/6p1/4K2R b - - 0 1","SEE_PROMO_SAFE","1116","1116","g2h1q","g2h1q e1d2","17","3","29","g2h1q e1d2","","","","","","","","",""
"capture-promotion-black","4k3/8/8/8/8/8/6p1/4K2R b - - 0 1","SEE_CHECK_PROMO_SAFE","1116","1116","g2h1q","g2h1q e1d2","17","3","29","g2h1q e1d2","","","","","","","","",""
"promotion-recapture","r6b/4k1P1/8/8/8/8/8/4K2R w - - 0 1","QSEARCH_BASELINE","738","738","g7h8q","g7h8q a8h8 h1h8","16","3","73","g7h8q a8h8 h1h8","","","","","","","","",""
"promotion-recapture","r6b/4k1P1/8/8/8/8/8/4K2R w - - 0 1","SEE_ALL","738","738","g7h8q","g7h8q a8h8 h1h8","8","3","10","g7h8q a8h8 h1h8","","","","","","","","",""
"promotion-recapture","r6b/4k1P1/8/8/8/8/8/4K2R w - - 0 1","SEE_PROMO_SAFE","738","738","g7h8q","g7h8q a8h8 h1h8","15","3","35","g7h8q a8h8 h1h8","","","","","","","","",""
"promotion-recapture","r6b/4k1P1/8/8/8/8/8/4K2R w - - 0 1","SEE_CHECK_PROMO_SAFE","738","738","g7h8q","g7h8q a8h8 h1h8","15","3","35","g7h8q a8h8 h1h8","","","","","","","","",""
"rook-underpromotion","8/k1P5/2K5/8/8/8/8/8 w - - 0 1","QSEARCH_BASELINE","1110","1110","none","","5","1","5","","","","","","","","","",""
"rook-underpromotion","8/k1P5/2K5/8/8/8/8/8 w - - 0 1","SEE_ALL","1110","1110","none","","5","1","5","","","","","","","","","",""
"rook-underpromotion","8/k1P5/2K5/8/8/8/8/8 w - - 0 1","SEE_PROMO_SAFE","1110","1110","none","","5","1","5","","","","","","","","","",""
"rook-underpromotion","8/k1P5/2K5/8/8/8/8/8 w - - 0 1","SEE_CHECK_PROMO_SAFE","1110","1110","none","","5","1","5","","","","","","","","","",""
"checking-sacrifice","5r1k/4Qpbp/4NN1N/8/8/8/8/4K3 w - - 0 1","QSEARCH_BASELINE","32765","32765","e7f8","e7f8 g7f8 h6f7","25","5","735","e7f8 g7f8 h6f7","","","","","","","","",""
"checking-sacrifice","5r1k/4Qpbp/4NN1N/8/8/8/8/4K3 w - - 0 1","SEE_ALL","32765","1076","e6f8","e6f8 g7h6 e7f7","11","3","65","e7f8 g7f8 h6f7","","e7f8","negative","false","true","0","32765","1076","32765"
"checking-sacrifice","5r1k/4Qpbp/4NN1N/8/8/8/8/4K3 w - - 0 1","SEE_PROMO_SAFE","32765","1076","e6f8","e6f8 g7h6 e7f7","11","3","65","e7f8 g7f8 h6f7","","e7f8","negative","false","true","0","32765","1076","32765"
"checking-sacrifice","5r1k/4Qpbp/4NN1N/8/8/8/8/4K3 w - - 0 1","SEE_CHECK_PROMO_SAFE","32765","32765","e7f8","e7f8 g7f8 h6f7","15","3","136","e7f8 g7f8 h6f7","","","","","","","","",""
"capture-mate","7k/6p1/5KQ1/8/8/8/8/8 w - - 0 1","QSEARCH_BASELINE","32767","32767","g6g7","g6g7","8","1","8","g6g7","","","","","","","","",""
"capture-mate","7k/6p1/5KQ1/8/8/8/8/8 w - - 0 1","SEE_ALL","32767","32767","g6g7","g6g7","8","1","8","g6g7","","","","","","","","",""
"capture-mate","7k/6p1/5KQ1/8/8/8/8/8 w - - 0 1","SEE_PROMO_SAFE","32767","32767","g6g7","g6g7","8","1","8","g6g7","","","","","","","","",""
"capture-mate","7k/6p1/5KQ1/8/8/8/8/8 w - - 0 1","SEE_CHECK_PROMO_SAFE","32767","32767","g6g7","g6g7","8","1","8","g6g7","","","","","","","","",""
"quiet-evasions","4r1k1/8/8/8/8/8/8/4K3 w - - 0 1","QSEARCH_BASELINE","-722","-722","e1d1","e1d1","5","1","5","e1d1","","","","","","","","",""
"quiet-evasions","4r1k1/8/8/8/8/8/8/4K3 w - - 0 1","SEE_ALL","-722","-722","e1d1","e1d1","5","1","5","e1d1","","","","","","","","",""
"quiet-evasions","4r1k1/8/8/8/8/8/8/4K3 w - - 0 1","SEE_PROMO_SAFE","-722","-722","e1d1","e1d1","5","1","5","e1d1","","","","","","","","",""
"quiet-evasions","4r1k1/8/8/8/8/8/8/4K3 w - - 0 1","SEE_CHECK_PROMO_SAFE","-722","-722","e1d1","e1d1","5","1","5","e1d1","","","","","","","","",""
"negative-capture-evasion","4k3/6b1/8/8/3b4/8/3Q4/6K1 w - - 0 1","QSEARCH_BASELINE","247","247","g1f1","g1f1","45","6","88","g1f1","","","","","","","","",""
"negative-capture-evasion","4k3/6b1/8/8/3b4/8/3Q4/6K1 w - - 0 1","SEE_ALL","247","247","g1f1","g1f1","15","2","17","g1f1","","","","","","","","",""
"negative-capture-evasion","4k3/6b1/8/8/3b4/8/3Q4/6K1 w - - 0 1","SEE_PROMO_SAFE","247","247","g1f1","g1f1","15","2","17","g1f1","","","","","","","","",""
"negative-capture-evasion","4k3/6b1/8/8/3b4/8/3Q4/6K1 w - - 0 1","SEE_CHECK_PROMO_SAFE","247","247","g1f1","g1f1","45","6","82","g1f1","","","","","","","","",""
"counterchecking-block","4r3/8/8/8/8/8/8/2B1K1k1 w - - 0 1","QSEARCH_BASELINE","-349","-349","e1d1","e1d1","10","3","10","e1d1","","","","","","","","",""
"counterchecking-block","4r3/8/8/8/8/8/8/2B1K1k1 w - - 0 1","SEE_ALL","-349","-349","e1d1","e1d1","10","3","10","e1d1","","","","","","","","",""
"counterchecking-block","4r3/8/8/8/8/8/8/2B1K1k1 w - - 0 1","SEE_PROMO_SAFE","-349","-349","e1d1","e1d1","10","3","10","e1d1","","","","","","","","",""
"counterchecking-block","4r3/8/8/8/8/8/8/2B1K1k1 w - - 0 1","SEE_CHECK_PROMO_SAFE","-349","-349","e1d1","e1d1","10","3","10","e1d1","","","","","","","","",""
"three-capture-xray","7k/8/1p6/q7/8/Q7/8/R6K w - - 0 1","QSEARCH_BASELINE","707","707","a3a5","a3a5 b6a5 a1a5","4","3","4","a3a5 b6a5 a1a5","","","","","","","","",""
"three-capture-xray","7k/8/1p6/q7/8/Q7/8/R6K w - - 0 1","SEE_ALL","707","707","a3a5","a3a5 b6a5 a1a5","4","3","4","a3a5 b6a5 a1a5","","","","","","","","",""
"three-capture-xray","7k/8/1p6/q7/8/Q7/8/R6K w - - 0 1","SEE_PROMO_SAFE","707","707","a3a5","a3a5 b6a5 a1a5","4","3","4","a3a5 b6a5 a1a5","","","","","","","","",""
"three-capture-xray","7k/8/1p6/q7/8/Q7/8/R6K w - - 0 1","SEE_CHECK_PROMO_SAFE","707","707","a3a5","a3a5 b6a5 a1a5","4","3","4","a3a5 b6a5 a1a5","","","","","","","","",""
"nonchecking-clearance","b1q4k/8/8/2p5/N7/8/8/R3K3 w - - 0 1","QSEARCH_BASELINE","-410","-410","a4c5","a4c5","8","4","14","a4c5","","","","","","","","",""
"nonchecking-clearance","b1q4k/8/8/2p5/N7/8/8/R3K3 w - - 0 1","SEE_ALL","-410","-691","none","","1","0","1","a4c5","","a4c5","negative","false","false","0","-410","-691","-410"
"nonchecking-clearance","b1q4k/8/8/2p5/N7/8/8/R3K3 w - - 0 1","SEE_PROMO_SAFE","-410","-691","none","","1","0","1","a4c5","","a4c5","negative","false","false","0","-410","-691","-410"
"nonchecking-clearance","b1q4k/8/8/2p5/N7/8/8/R3K3 w - - 0 1","SEE_CHECK_PROMO_SAFE","-410","-691","none","","1","0","1","a4c5","","a4c5","negative","false","false","0","-410","-691","-410"
"tactical","4k3/8/2p1p3/3q4/2P1P3/3Q4/8/4K3 w - - 0 1","QSEARCH_BASELINE","1072","1072","c4d5","c4d5 c6d5 e4d5","31","5","46","c4d5 c6d5 e4d5","","","","","","","","",""
"tactical","4k3/8/2p1p3/3q4/2P1P3/3Q4/8/4K3 w - - 0 1","SEE_ALL","1072","1072","c4d5","c4d5 c6d5 e4d5","25","5","34","c4d5 c6d5 e4d5","","","","","","","","",""
"tactical","4k3/8/2p1p3/3q4/2P1P3/3Q4/8/4K3 w - - 0 1","SEE_PROMO_SAFE","1072","1072","c4d5","c4d5 c6d5 e4d5","25","5","34","c4d5 c6d5 e4d5","","","","","","","","",""
"tactical","4k3/8/2p1p3/3q4/2P1P3/3Q4/8/4K3 w - - 0 1","SEE_CHECK_PROMO_SAFE","1072","1072","c4d5","c4d5 c6d5 e4d5","25","5","34","c4d5 c6d5 e4d5","","","","","","","","",""
"quiet-mate-excluded","7k/8/5KQ1/8/8/8/8/8 w - - 0 1","QSEARCH_BASELINE","1146","1146","none","","1","0","1","","","","","","","","","",""
"quiet-mate-excluded","7k/8/5KQ1/8/8/8/8/8 w - - 0 1","SEE_ALL","1146","1146","none","","1","0","1","","","","","","","","","",""
"quiet-mate-excluded","7k/8/5KQ1/8/8/8/8/8 w - - 0 1","SEE_PROMO_SAFE","1146","1146","none","","1","0","1","","","","","","","","","",""
"quiet-mate-excluded","7k/8/5KQ1/8/8/8/8/8 w - - 0 1","SEE_CHECK_PROMO_SAFE","1146","1146","none","","1","0","1","","","","","","","","","",""
"fifty-evasion","4r1k1/8/8/8/8/8/8/4K3 w - - 99 1","QSEARCH_BASELINE","0","0","e1d1","e1d1","5","1","5","e1d1","","","","","","","","",""
"fifty-evasion","4r1k1/8/8/8/8/8/8/4K3 w - - 99 1","SEE_ALL","0","0","e1d1","e1d1","5","1","5","e1d1","","","","","","","","",""
"fifty-evasion","4r1k1/8/8/8/8/8/8/4K3 w - - 99 1","SEE_PROMO_SAFE","0","0","e1d1","e1d1","5","1","5","e1d1","","","","","","","","",""
"fifty-evasion","4r1k1/8/8/8/8/8/8/4K3 w - - 99 1","SEE_CHECK_PROMO_SAFE","0","0","e1d1","e1d1","5","1","5","e1d1","","","","","","","","",""
"mate-before-fifty","7k/6Q1/5K2/8/8/8/8/8 b - - 100 1","QSEARCH_BASELINE","-32768","-32768","none","","1","0","1","","","","","","","","","",""
"mate-before-fifty","7k/6Q1/5K2/8/8/8/8/8 b - - 100 1","SEE_ALL","-32768","-32768","none","","1","0","1","","","","","","","","","",""
"mate-before-fifty","7k/6Q1/5K2/8/8/8/8/8 b - - 100 1","SEE_PROMO_SAFE","-32768","-32768","none","","1","0","1","","","","","","","","","",""
"mate-before-fifty","7k/6Q1/5K2/8/8/8/8/8 b - - 100 1","SEE_CHECK_PROMO_SAFE","-32768","-32768","none","","1","0","1","","","","","","","","","",""
"stalemate","7k/5K2/6Q1/8/8/8/8/8 b - - 0 1","QSEARCH_BASELINE","0","0","none","","1","0","1","","","","","","","","","",""
"stalemate","7k/5K2/6Q1/8/8/8/8/8 b - - 0 1","SEE_ALL","0","0","none","","1","0","1","","","","","","","","","",""
"stalemate","7k/5K2/6Q1/8/8/8/8/8 b - - 0 1","SEE_PROMO_SAFE","0","0","none","","1","0","1","","","","","","","","","",""
"stalemate","7k/5K2/6Q1/8/8/8/8/8 b - - 0 1","SEE_CHECK_PROMO_SAFE","0","0","none","","1","0","1","","","","","","","","","",""
"insufficient","4k3/8/8/8/8/8/8/4K3 w - - 0 1","QSEARCH_BASELINE","0","0","none","","1","0","1","","","","","","","","","",""
"insufficient","4k3/8/8/8/8/8/8/4K3 w - - 0 1","SEE_ALL","0","0","none","","1","0","1","","","","","","","","","",""
"insufficient","4k3/8/8/8/8/8/8/4K3 w - - 0 1","SEE_PROMO_SAFE","0","0","none","","1","0","1","","","","","","","","","",""
"insufficient","4k3/8/8/8/8/8/8/4K3 w - - 0 1","SEE_CHECK_PROMO_SAFE","0","0","none","","1","0","1","","","","","","","","","",""
