position,fen,mode,requested_depth,completed_depth,completed,best_move,score,pv,normal_nodes,qnodes,total_nodes,max_qply,median_ms,nps,warmups,repetitions,node_limit,completion_reason,run_set,source
start,rnbqkbnr/pppppppp/8/8/8/8/PPPPPPPP/RNBQKBNR w KQkq - 0 1,CONTROL,2,2,true,e2e4,0,e2e4 e7e5,128,0,128,0,0.087,1474654,12,7,1000000,completed,primary,sr001f-depth2-clean.txt
start,rnbqkbnr/pppppppp/8/8/8/8/PPPPPPPP/RNBQKBNR w KQkq - 0 1,QSEARCH_BASELINE,2,2,true,g1f3,0,g1f3 b8c6,21,98,119,2,0.093,1275455,12,7,1000000,completed,primary,sr001f-depth2-clean.txt
start,rnbqkbnr/pppppppp/8/8/8/8/PPPPPPPP/RNBQKBNR w KQkq - 0 1,QCHECK_INITIAL_ONLY,2,2,true,g1f3,0,g1f3 b8c6,21,98,119,2,0.103,1158714,12,7,1000000,completed,primary,sr001f-depth2-clean.txt
start,rnbqkbnr/pppppppp/8/8/8/8/PPPPPPPP/RNBQKBNR w KQkq - 0 1,QCHECK_MAX_ONE,2,2,true,g1f3,0,g1f3 b8c6,21,98,119,2,0.123,970636,12,7,1000000,completed,primary,sr001f-depth2-clean.txt
start,rnbqkbnr/pppppppp/8/8/8/8/PPPPPPPP/RNBQKBNR w KQkq - 0 1,QCHECK_MAX_TWO,2,2,true,g1f3,0,g1f3 b8c6,21,98,119,2,0.105,1138755,12,7,1000000,completed,primary,sr001f-depth2-clean.txt
kiwipete,r3k2r/p1ppqpb1/bn2pnp1/3PN3/1p2P3/2N2Q1p/PPPBBPPP/R3K2R w KQkq - 0 1,CONTROL,2,2,true,e2a6,-12,e2a6 h3g2,214,0,214,0,0.163,1314496,12,7,1000000,completed,primary,sr001f-depth2-clean.txt
kiwipete,r3k2r/p1ppqpb1/bn2pnp1/3PN3/1p2P3/2N2Q1p/PPPBBPPP/R3K2R w KQkq - 0 1,QSEARCH_BASELINE,2,2,true,e2a6,61,e2a6 h3g2 f3g2 b4c3 d2c3 e6d5 e5g6 f7g6 g2g6 e7f7,49,18871,18920,23,9.931,1905126,12,7,1000000,completed,primary,sr001f-depth2-clean.txt
kiwipete,r3k2r/p1ppqpb1/bn2pnp1/3PN3/1p2P3/2N2Q1p/PPPBBPPP/R3K2R w KQkq - 0 1,QCHECK_INITIAL_ONLY,2,2,true,e2a6,61,e2a6 h3g2 f3g2 b4c3 d2c3 e6d5 e5g6 f7g6 g2g6 e7f7,49,18958,19007,23,11.072,1716610,12,7,1000000,completed,primary,sr001f-depth2-clean.txt
kiwipete,r3k2r/p1ppqpb1/bn2pnp1/3PN3/1p2P3/2N2Q1p/PPPBBPPP/R3K2R w KQkq - 0 1,QCHECK_MAX_ONE,2,2,true,e2a6,61,e2a6 h3g2 f3g2 b4c3 d2c3 e6d5 e5g6 f7g6 g2g6 e7f7,49,124876,124925,34,69.845,1788605,12,7,1000000,completed,primary,sr001f-depth2-clean.txt
kiwipete,r3k2r/p1ppqpb1/bn2pnp1/3PN3/1p2P3/2N2Q1p/PPPBBPPP/R3K2R w KQkq - 0 1,QCHECK_MAX_TWO,2,-1,false,none,-2147483648,,35,999965,1000000,42,526.262,1900194,12,7,1000000,node-budget,primary,sr001f-depth2-clean.txt
endgame,8/2p5/3p4/KP5r/1R3p1k/8/4P1P1/8 w - - 0 1,CONTROL,2,2,true,b4f4,165,b4f4 h4g3,30,0,30,0,0.009,3296703,12,7,1000000,completed,primary,sr001f-depth2-clean.txt
endgame,8/2p5/3p4/KP5r/1R3p1k/8/4P1P1/8 w - - 0 1,QSEARCH_BASELINE,2,2,true,b4f4,165,b4f4 h4g3,15,100,115,4,0.034,3352769,12,7,1000000,completed,primary,sr001f-depth2-clean.txt
endgame,8/2p5/3p4/KP5r/1R3p1k/8/4P1P1/8 w - - 0 1,QCHECK_INITIAL_ONLY,2,2,true,b4f4,165,b4f4 h4g3,15,140,155,4,0.060,2574750,12,7,1000000,completed,primary,sr001f-depth2-clean.txt
endgame,8/2p5/3p4/KP5r/1R3p1k/8/4P1P1/8 w - - 0 1,QCHECK_MAX_ONE,2,2,true,b4c4,173,b4c4 h5c5 c4f4 h4g3,15,384,399,6,0.136,2938144,12,7,1000000,completed,primary,sr001f-depth2-clean.txt
endgame,8/2p5/3p4/KP5r/1R3p1k/8/4P1P1/8 w - - 0 1,QCHECK_MAX_TWO,2,2,true,b4c4,173,b4c4 h5c5 c4f4 h4g3,15,572,587,8,0.212,2770174,12,7,1000000,completed,primary,sr001f-depth2-clean.txt
tactical,4k3/8/2p1p3/3q4/2P1P3/3Q4/8/4K3 w - - 0 1,CONTROL,2,2,true,c4d5,690,c4d5 e6d5,63,0,63,0,0.018,3461538,12,7,1000000,completed,primary,sr001f-depth2-clean.txt
tactical,4k3/8/2p1p3/3q4/2P1P3/3Q4/8/4K3 w - - 0 1,QSEARCH_BASELINE,2,2,true,c4d5,1072,c4d5 c6d5 e4d5,25,87,112,3,0.032,3533123,12,7,1000000,completed,primary,sr001f-depth2-clean.txt
tactical,4k3/8/2p1p3/3q4/2P1P3/3Q4/8/4K3 w - - 0 1,QCHECK_INITIAL_ONLY,2,2,true,c4d5,1072,c4d5 c6d5 e4d5,25,154,179,6,0.055,3284403,12,7,1000000,completed,primary,sr001f-depth2-clean.txt
tactical,4k3/8/2p1p3/3q4/2P1P3/3Q4/8/4K3 w - - 0 1,QCHECK_MAX_ONE,2,2,true,c4d5,1072,c4d5 c6d5 e4d5,25,182,207,7,0.061,3387888,12,7,1000000,completed,primary,sr001f-depth2-clean.txt
tactical,4k3/8/2p1p3/3q4/2P1P3/3Q4/8/4K3 w - - 0 1,QCHECK_MAX_TWO,2,2,true,c4d5,1072,c4d5 e6d5 e4d5,25,647,672,10,0.212,3177304,12,7,1000000,completed,primary,sr001f-depth2-clean.txt
evasion,r3k2r/Pppp1ppp/1b3nbN/nP6/BBP1P3/q4N2/Pp1P2PP/R2Q1RK1 w kq - 0 1,CONTROL,2,2,true,d2d4,-1011,d2d4 b2a1q,138,0,138,0,0.140,983606,12,7,1000000,completed,primary,sr001f-depth2-clean.txt
evasion,r3k2r/Pppp1ppp/1b3nbN/nP6/BBP1P3/q4N2/Pp1P2PP/R2Q1RK1 w kq - 0 1,QSEARCH_BASELINE,2,2,true,g1h1,-410,g1h1 b2a1q d1a1 a3b4,7,18326,18333,28,10.903,1681463,12,7,1000000,completed,primary,sr001f-depth2-clean.txt
evasion,r3k2r/Pppp1ppp/1b3nbN/nP6/BBP1P3/q4N2/Pp1P2PP/R2Q1RK1 w kq - 0 1,QCHECK_INITIAL_ONLY,2,2,true,g1h1,-410,g1h1 b2a1q d1a1 a3b4,7,18326,18333,28,12.082,1517393,12,7,1000000,completed,primary,sr001f-depth2-clean.txt
evasion,r3k2r/Pppp1ppp/1b3nbN/nP6/BBP1P3/q4N2/Pp1P2PP/R2Q1RK1 w kq - 0 1,QCHECK_MAX_ONE,2,2,true,g1h1,-273,g1h1 b2a1q d1a1 a3b4 a1e5 b4e7,7,184762,184769,33,105.318,1754393,12,7,1000000,completed,primary,sr001f-depth2-clean.txt
evasion,r3k2r/Pppp1ppp/1b3nbN/nP6/BBP1P3/q4N2/Pp1P2PP/R2Q1RK1 w kq - 0 1,QCHECK_MAX_TWO,2,-1,false,none,-2147483648,,6,999994,1000000,38,510.611,1958437,12,7,1000000,node-budget,primary,sr001f-depth2-clean.txt
middlegame,r4rk1/1pp1qppp/p1np1n2/2b1p1B1/2B1P1b1/P1NP1N2/1PP1QPPP/R4RK1 w - - 0 10,CONTROL,2,2,true,g5f6,-6,g5f6 e7f6,185,0,185,0,0.115,1610095,12,7,1000000,completed,primary,sr001f-depth2-clean.txt
middlegame,r4rk1/1pp1qppp/p1np1n2/2b1p1B1/2B1P1b1/P1NP1N2/1PP1QPPP/R4RK1 w - - 0 10,QSEARCH_BASELINE,2,2,true,c3d5,111,c3d5 e7d8 g5f6 g7f6,47,13957,14004,19,8.475,1652408,12,7,1000000,completed,primary,sr001f-depth2-clean.txt
middlegame,r4rk1/1pp1qppp/p1np1n2/2b1p1B1/2B1P1b1/P1NP1N2/1PP1QPPP/R4RK1 w - - 0 10,QCHECK_INITIAL_ONLY,2,2,true,c3d5,111,c3d5 e7d8 g5f6 g7f6,47,14195,14242,19,9.364,1520931,12,7,1000000,completed,primary,sr001f-depth2-clean.txt
middlegame,r4rk1/1pp1qppp/p1np1n2/2b1p1B1/2B1P1b1/P1NP1N2/1PP1QPPP/R4RK1 w - - 0 10,QCHECK_MAX_ONE,2,2,true,c3d5,111,c3d5 e7d8 g5f6 g7f6,47,82201,82248,29,48.939,1680612,12,7,1000000,completed,primary,sr001f-depth2-clean.txt
middlegame,r4rk1/1pp1qppp/p1np1n2/2b1p1B1/2B1P1b1/P1NP1N2/1PP1QPPP/R4RK1 w - - 0 10,QCHECK_MAX_TWO,2,2,true,c3d5,111,c3d5 e7d8 g5f6 g7f6,47,325837,325884,36,185.881,1753188,12,7,1000000,completed,primary,sr001f-depth2-clean.txt
transposition-pawns,4k3/pp6/8/8/8/8/PP6/4K3 w - - 0 1,CONTROL,2,2,true,e1d2,0,e1d2 e8d7,35,0,35,0,0.007,4729729,12,7,1000000,completed,primary,sr001f-depth2-clean.txt
transposition-pawns,4k3/pp6/8/8/8/8/PP6/4K3 w - - 0 1,QSEARCH_BASELINE,2,2,true,e1d2,0,e1d2 e8d7,10,25,35,0,0.009,3723404,12,7,1000000,completed,primary,sr001f-depth2-clean.txt
transposition-pawns,4k3/pp6/8/8/8/8/PP6/4K3 w - - 0 1,QCHECK_INITIAL_ONLY,2,2,true,e1d2,0,e1d2 e8d7,10,25,35,0,0.012,3043478,12,7,1000000,completed,primary,sr001f-depth2-clean.txt
transposition-pawns,4k3/pp6/8/8/8/8/PP6/4K3 w - - 0 1,QCHECK_MAX_ONE,2,2,true,e1d2,0,e1d2 e8d7,10,25,35,0,0.012,3017241,12,7,1000000,completed,primary,sr001f-depth2-clean.txt
transposition-pawns,4k3/pp6/8/8/8/8/PP6/4K3 w - - 0 1,QCHECK_MAX_TWO,2,2,true,e1d2,0,e1d2 e8d7,10,25,35,0,0.012,3017241,12,7,1000000,completed,primary,sr001f-depth2-clean.txt
start,rnbqkbnr/pppppppp/8/8/8/8/PPPPPPPP/RNBQKBNR w KQkq - 0 1,CONTROL,3,3,true,d2d4,42,d2d4 b8c6 e2e4,992,0,992,0,0.502,1974915,12,7,1000000,completed,primary,sr001f-depth3-clean.txt
start,rnbqkbnr/pppppppp/8/8/8/8/PPPPPPPP/RNBQKBNR w KQkq - 0 1,QSEARCH_BASELINE,3,3,true,b1c3,38,b1c3 d7d5 g1f3,96,978,1074,6,0.578,1859096,12,7,1000000,completed,primary,sr001f-depth3-clean.txt
start,rnbqkbnr/pppppppp/8/8/8/8/PPPPPPPP/RNBQKBNR w KQkq - 0 1,QCHECK_INITIAL_ONLY,3,3,true,b1c3,38,b1c3 d7d5 g1f3,96,978,1074,6,0.652,1647239,12,7,1000000,completed,primary,sr001f-depth3-clean.txt
start,rnbqkbnr/pppppppp/8/8/8/8/PPPPPPPP/RNBQKBNR w KQkq - 0 1,QCHECK_MAX_ONE,3,3,true,b1c3,38,b1c3 d7d5 g1f3,96,1066,1162,9,0.718,1619286,12,7,1000000,completed,primary,sr001f-depth3-clean.txt
start,rnbqkbnr/pppppppp/8/8/8/8/PPPPPPPP/RNBQKBNR w KQkq - 0 1,QCHECK_MAX_TWO,3,3,true,b1c3,38,b1c3 d7d5 g1f3,96,1161,1257,13,0.764,1644427,12,7,1000000,completed,primary,sr001f-depth3-clean.txt
kiwipete,r3k2r/p1ppqpb1/bn2pnp1/3PN3/1p2P3/2N2Q1p/PPPBBPPP/R3K2R w KQkq - 0 1,CONTROL,3,3,true,e2a6,393,e2a6 h3g2 f3f6,2707,0,2707,0,1.885,1435921,12,7,1000000,completed,primary,sr001f-depth3-clean.txt
kiwipete,r3k2r/p1ppqpb1/bn2pnp1/3PN3/1p2P3/2N2Q1p/PPPBBPPP/R3K2R w KQkq - 0 1,QSEARCH_BASELINE,3,3,true,e2a6,32,e2a6 e6d5 c3d5 e7e5,175,108106,108281,26,61.029,1774269,12,7,1000000,completed,primary,sr001f-depth3-clean.txt
kiwipete,r3k2r/p1ppqpb1/bn2pnp1/3PN3/1p2P3/2N2Q1p/PPPBBPPP/R3K2R w KQkq - 0 1,QCHECK_INITIAL_ONLY,3,3,true,e2a6,32,e2a6 e6d5 c3d5 e7e5,175,110460,110635,26,62.238,1777614,12,7,1000000,completed,primary,sr001f-depth3-clean.txt
kiwipete,r3k2r/p1ppqpb1/bn2pnp1/3PN3/1p2P3/2N2Q1p/PPPBBPPP/R3K2R w KQkq - 0 1,QCHECK_MAX_ONE,3,3,true,e2a6,32,e2a6 e6d5 c3d5 e7e5,175,644354,644529,34,350.995,1836289,12,7,1000000,completed,primary,sr001f-depth3-clean.txt
kiwipete,r3k2r/p1ppqpb1/bn2pnp1/3PN3/1p2P3/2N2Q1p/PPPBBPPP/R3K2R w KQkq - 0 1,QCHECK_MAX_TWO,3,-1,false,none,-2147483648,,32,999968,1000000,38,521.658,1916964,12,7,1000000,node-budget,primary,sr001f-depth3-clean.txt
endgame,8/2p5/3p4/KP5r/1R3p1k/8/4P1P1/8 w - - 0 1,CONTROL,3,3,true,b4c4,477,b4c4 h5b5 a5b5,317,0,317,0,0.119,2654941,12,7,1000000,completed,primary,sr001f-depth3-clean.txt
endgame,8/2p5/3p4/KP5r/1R3p1k/8/4P1P1/8 w - - 0 1,QSEARCH_BASELINE,3,3,true,b4f4,167,b4f4 h4g3 f4f7,44,352,396,4,0.123,3224755,12,7,1000000,completed,primary,sr001f-depth3-clean.txt
endgame,8/2p5/3p4/KP5r/1R3p1k/8/4P1P1/8 w - - 0 1,QCHECK_INITIAL_ONLY,3,3,true,b4f4,167,b4f4 h4g3 f4f7,44,381,425,4,0.128,3322908,12,7,1000000,completed,primary,sr001f-depth3-clean.txt
endgame,8/2p5/3p4/KP5r/1R3p1k/8/4P1P1/8 w - - 0 1,QCHECK_MAX_ONE,3,3,true,b4c4,173,b4c4 h5c5 c4f4 h4g3,54,717,771,5,0.271,2849223,12,7,1000000,completed,primary,sr001f-depth3-clean.txt
endgame,8/2p5/3p4/KP5r/1R3p1k/8/4P1P1/8 w - - 0 1,QCHECK_MAX_TWO,3,3,true,b4c4,173,b4c4 h5c5 c4f4 h4g3,54,915,969,7,0.373,2601342,12,7,1000000,completed,primary,sr001f-depth3-clean.txt
tactical,4k3/8/2p1p3/3q4/2P1P3/3Q4/8/4K3 w - - 0 1,CONTROL,3,3,true,c4d5,1111,c4d5 e6d5 d3d5,453,0,453,0,0.127,3569739,12,7,1000000,completed,primary,sr001f-depth3-clean.txt
tactical,4k3/8/2p1p3/3q4/2P1P3/3Q4/8/4K3 w - - 0 1,QSEARCH_BASELINE,3,3,true,c4d5,1072,c4d5 c6d5 e4d5,63,444,507,5,0.129,3942457,12,7,1000000,completed,primary,sr001f-depth3-clean.txt
tactical,4k3/8/2p1p3/3q4/2P1P3/3Q4/8/4K3 w - - 0 1,QCHECK_INITIAL_ONLY,3,3,true,c4d5,1072,c4d5 c6d5 e4d5,63,444,507,5,0.127,4004739,12,7,1000000,completed,primary,sr001f-depth3-clean.txt
tactical,4k3/8/2p1p3/3q4/2P1P3/3Q4/8/4K3 w - - 0 1,QCHECK_MAX_ONE,3,3,true,c4d5,1072,c4d5 e6d5 e4d5,63,851,914,7,0.274,3338203,12,7,1000000,completed,primary,sr001f-depth3-clean.txt
tactical,4k3/8/2p1p3/3q4/2P1P3/3Q4/8/4K3 w - - 0 1,QCHECK_MAX_TWO,3,3,true,c4d5,1072,c4d5 e6d5 e4d5,63,2634,2697,9,0.764,3529180,12,7,1000000,completed,primary,sr001f-depth3-clean.txt
evasion,r3k2r/Pppp1ppp/1b3nbN/nP6/BBP1P3/q4N2/Pp1P2PP/R2Q1RK1 w kq - 0 1,CONTROL,3,3,true,d2d4,-28,d2d4 a3b4 h6f7,1027,0,1027,0,0.744,1380005,12,7,1000000,completed,primary,sr001f-depth3-clean.txt
evasion,r3k2r/Pppp1ppp/1b3nbN/nP6/BBP1P3/q4N2/Pp1P2PP/R2Q1RK1 w kq - 0 1,QSEARCH_BASELINE,3,3,true,c4c5,-503,c4c5 b6c5 d2d4 b2a1q d1a1 a3b4,112,30656,30768,27,19.549,1573867,12,7,1000000,completed,primary,sr001f-depth3-clean.txt
evasion,r3k2r/Pppp1ppp/1b3nbN/nP6/BBP1P3/q4N2/Pp1P2PP/R2Q1RK1 w kq - 0 1,QCHECK_INITIAL_ONLY,3,3,true,c4c5,-523,c4c5 b6c5 b4c5 a3c5 d2d4 b2a1q d1a1 c5a7,112,32684,32796,27,19.701,1664695,12,7,1000000,completed,primary,sr001f-depth3-clean.txt
evasion,r3k2r/Pppp1ppp/1b3nbN/nP6/BBP1P3/q4N2/Pp1P2PP/R2Q1RK1 w kq - 0 1,QCHECK_MAX_ONE,3,3,true,c4c5,-399,c4c5 b6c5 g1h1 b2a1q d1a1 a3b4 a1e5 c5e7,112,267605,267717,32,153.574,1743246,12,7,1000000,completed,primary,sr001f-depth3-clean.txt
evasion,r3k2r/Pppp1ppp/1b3nbN/nP6/BBP1P3/q4N2/Pp1P2PP/R2Q1RK1 w kq - 0 1,QCHECK_MAX_TWO,3,-1,false,none,-2147483648,,66,999934,1000000,37,513.964,1945661,12,7,1000000,node-budget,primary,sr001f-depth3-clean.txt
middlegame,r4rk1/1pp1qppp/p1np1n2/2b1p1B1/2B1P1b1/P1NP1N2/1PP1QPPP/R4RK1 w - - 0 10,CONTROL,3,3,true,c3d5,252,c3d5 c5f2 e2f2,2296,0,2296,0,1.599,1436077,12,7,1000000,completed,primary,sr001f-depth3-clean.txt
middlegame,r4rk1/1pp1qppp/p1np1n2/2b1p1B1/2B1P1b1/P1NP1N2/1PP1QPPP/R4RK1 w - - 0 10,QSEARCH_BASELINE,3,3,true,c3d5,111,c3d5 e7d8 g5f6 g7f6,324,61721,62045,24,38.892,1595315,12,7,1000000,completed,primary,sr001f-depth3-clean.txt
middlegame,r4rk1/1pp1qppp/p1np1n2/2b1p1B1/2B1P1b1/P1NP1N2/1PP1QPPP/R4RK1 w - - 0 10,QCHECK_INITIAL_ONLY,3,3,true,c3d5,111,c3d5 e7d8 g5f6 g7f6,324,61960,62284,24,39.742,1567200,12,7,1000000,completed,primary,sr001f-depth3-clean.txt
middlegame,r4rk1/1pp1qppp/p1np1n2/2b1p1B1/2B1P1b1/P1NP1N2/1PP1QPPP/R4RK1 w - - 0 10,QCHECK_MAX_ONE,3,3,true,c3d5,111,c3d5 e7d8 g5f6 g7f6,324,375078,375402,33,226.673,1656140,12,7,1000000,completed,primary,sr001f-depth3-clean.txt
middlegame,r4rk1/1pp1qppp/p1np1n2/2b1p1B1/2B1P1b1/P1NP1N2/1PP1QPPP/R4RK1 w - - 0 10,QCHECK_MAX_TWO,3,-1,false,none,-2147483648,,279,999721,1000000,38,607.495,1646105,12,7,1000000,node-budget,primary,sr001f-depth3-clean.txt
transposition-pawns,4k3/pp6/8/8/8/8/PP6/4K3 w - - 0 1,CONTROL,3,3,true,e1d2,3,e1d2 e8d7 d2d3,146,0,146,0,0.031,4786885,12,7,1000000,completed,primary,sr001f-depth3-clean.txt
transposition-pawns,4k3/pp6/8/8/8/8/PP6/4K3 w - - 0 1,QSEARCH_BASELINE,3,3,true,e1d2,3,e1d2 e8d7 d2d3,35,111,146,0,0.038,3802083,12,7,1000000,completed,primary,sr001f-depth3-clean.txt
transposition-pawns,4k3/pp6/8/8/8/8/PP6/4K3 w - - 0 1,QCHECK_INITIAL_ONLY,3,3,true,e1d2,3,e1d2 e8d7 d2d3,35,111,146,0,0.042,3459715,12,7,1000000,completed,primary,sr001f-depth3-clean.txt
transposition-pawns,4k3/pp6/8/8/8/8/PP6/4K3 w - - 0 1,QCHECK_MAX_ONE,3,3,true,e1d2,3,e1d2 e8d7 d2d3,35,111,146,0,0.042,3451536,12,7,1000000,completed,primary,sr001f-depth3-clean.txt
transposition-pawns,4k3/pp6/8/8/8/8/PP6/4K3 w - - 0 1,QCHECK_MAX_TWO,3,3,true,e1d2,3,e1d2 e8d7 d2d3,35,111,146,0,0.042,3467933,12,7,1000000,completed,primary,sr001f-depth3-clean.txt
start,rnbqkbnr/pppppppp/8/8/8/8/PPPPPPPP/RNBQKBNR w KQkq - 0 1,CONTROL,4,4,true,b1c3,-4,b1c3 d7d5 g1f3 e7e5,4864,0,4864,0,2.414,2014746,12,7,1000000,completed,primary,sr001f-depth4-common-clean.txt
start,rnbqkbnr/pppppppp/8/8/8/8/PPPPPPPP/RNBQKBNR w KQkq - 0 1,QSEARCH_BASELINE,4,4,true,e2e4,4,e2e4 b8c6 d2d4 g8f6,1151,6824,7975,11,4.242,1879920,12,7,1000000,completed,primary,sr001f-depth4-common-clean.txt
start,rnbqkbnr/pppppppp/8/8/8/8/PPPPPPPP/RNBQKBNR w KQkq - 0 1,QCHECK_INITIAL_ONLY,4,4,true,e2e4,4,e2e4 b8c6 d2d4 g8f6,1151,7188,8339,11,5.602,1488655,12,7,1000000,completed,primary,sr001f-depth4-common-clean.txt
start,rnbqkbnr/pppppppp/8/8/8/8/PPPPPPPP/RNBQKBNR w KQkq - 0 1,QCHECK_MAX_ONE,4,4,true,e2e4,4,e2e4 b8c6 d2d4 g8f6,1151,8136,9287,11,6.473,1434640,12,7,1000000,completed,primary,sr001f-depth4-common-clean.txt
start,rnbqkbnr/pppppppp/8/8/8/8/PPPPPPPP/RNBQKBNR w KQkq - 0 1,QCHECK_MAX_TWO,4,4,true,e2e4,4,e2e4 b8c6 d2d4 g8f6,1151,12297,13448,20,8.684,1548684,12,7,1000000,completed,primary,sr001f-depth4-common-clean.txt
endgame,8/2p5/3p4/KP5r/1R3p1k/8/4P1P1/8 w - - 0 1,CONTROL,4,4,true,b4f4,14,b4f4 h4g3 f4f3 g3g2,748,0,748,0,0.232,3221360,12,7,1000000,completed,primary,sr001f-depth4-common-clean.txt
endgame,8/2p5/3p4/KP5r/1R3p1k/8/4P1P1/8 w - - 0 1,QSEARCH_BASELINE,4,4,true,b4f4,155,b4f4 h4g3 f4f7 c7c6,331,1917,2248,5,0.752,2990554,12,7,1000000,completed,primary,sr001f-depth4-common-clean.txt
endgame,8/2p5/3p4/KP5r/1R3p1k/8/4P1P1/8 w - - 0 1,QCHECK_INITIAL_ONLY,4,4,true,b4c4,173,b4c4 h5c5 c4f4 h4g3,357,3210,3567,6,1.350,2642417,12,7,1000000,completed,primary,sr001f-depth4-common-clean.txt
endgame,8/2p5/3p4/KP5r/1R3p1k/8/4P1P1/8 w - - 0 1,QCHECK_MAX_ONE,4,4,true,b4c4,173,b4c4 h5c5 c4f4 h4g3,357,4045,4402,7,1.700,2588802,12,7,1000000,completed,primary,sr001f-depth4-common-clean.txt
endgame,8/2p5/3p4/KP5r/1R3p1k/8/4P1P1/8 w - - 0 1,QCHECK_MAX_TWO,4,4,true,b4c4,173,b4c4 h5c5 c4f4 h4g3,347,5585,5932,9,2.655,2234274,12,7,1000000,completed,primary,sr001f-depth4-common-clean.txt
tactical,4k3/8/2p1p3/3q4/2P1P3/3Q4/8/4K3 w - - 0 1,CONTROL,4,4,true,c4d5,675,c4d5 e6d5 e4d5 c6d5,1119,0,1119,0,0.407,2751413,12,7,1000000,completed,primary,sr001f-depth4-common-clean.txt
tactical,4k3/8/2p1p3/3q4/2P1P3/3Q4/8/4K3 w - - 0 1,QSEARCH_BASELINE,4,4,true,c4d5,992,c4d5 e6d5 e4d5 c6c5,453,1744,2197,4,0.714,3079187,12,7,1000000,completed,primary,sr001f-depth4-common-clean.txt
tactical,4k3/8/2p1p3/3q4/2P1P3/3Q4/8/4K3 w - - 0 1,QCHECK_INITIAL_ONLY,4,4,true,c4d5,1073,c4d5 c6d5 d3b5 e8f8 b5c5 f8g8 e4d5,430,2672,3102,6,0.927,3344835,12,7,1000000,completed,primary,sr001f-depth4-common-clean.txt
tactical,4k3/8/2p1p3/3q4/2P1P3/3Q4/8/4K3 w - - 0 1,QCHECK_MAX_ONE,4,4,true,c4d5,1073,c4d5 c6d5 d3b5 e8f8 b5c5 f8g8 e4d5,430,3225,3655,7,1.134,3222251,12,7,1000000,completed,primary,sr001f-depth4-common-clean.txt
tactical,4k3/8/2p1p3/3q4/2P1P3/3Q4/8/4K3 w - - 0 1,QCHECK_MAX_TWO,4,4,true,c4d5,1187,c4d5 c6d5 e4d5 e6d5 d3d5,430,9169,9599,10,2.940,3265077,12,7,1000000,completed,primary,sr001f-depth4-common-clean.txt
transposition-pawns,4k3/pp6/8/8/8/8/PP6/4K3 w - - 0 1,CONTROL,4,4,true,e1d2,0,e1d2 e8d7 d2d3 d7d6,653,0,653,0,0.219,2988558,12,7,1000000,completed,primary,sr001f-depth4-common-clean.txt
transposition-pawns,4k3/pp6/8/8/8/8/PP6/4K3 w - - 0 1,QSEARCH_BASELINE,4,4,true,e1d2,0,e1d2 e8d7 d2d3 d7d6,183,470,653,0,0.264,2476298,12,7,1000000,completed,primary,sr001f-depth4-common-clean.txt
transposition-pawns,4k3/pp6/8/8/8/8/PP6/4K3 w - - 0 1,QCHECK_INITIAL_ONLY,4,4,true,e1d2,0,e1d2 e8d7 d2d3 d7d6,183,500,683,2,0.335,2036374,12,7,1000000,completed,primary,sr001f-depth4-common-clean.txt
transposition-pawns,4k3/pp6/8/8/8/8/PP6/4K3 w - - 0 1,QCHECK_MAX_ONE,4,4,true,e1d2,0,e1d2 e8d7 d2d3 d7d6,183,500,683,2,0.337,2024903,12,7,1000000,completed,primary,sr001f-depth4-common-clean.txt
transposition-pawns,4k3/pp6/8/8/8/8/PP6/4K3 w - - 0 1,QCHECK_MAX_TWO,4,4,true,e1d2,0,e1d2 e8d7 d2d3 d7d6,183,526,709,4,0.356,1992132,12,7,1000000,completed,primary,sr001f-depth4-common-clean.txt
kiwipete,r3k2r/p1ppqpb1/bn2pnp1/3PN3/1p2P3/2N2Q1p/PPPBBPPP/R3K2R w KQkq - 0 1,QCHECK_INITIAL_ONLY,4,-1,false,none,-2147483648,,787,999213,1000000,32,508.315,1967282,12,7,1000000,node-budget,primary,sr001f-depth4-qcheck-initial-clean.txt
evasion,r3k2r/Pppp1ppp/1b3nbN/nP6/BBP1P3/q4N2/Pp1P2PP/R2Q1RK1 w kq - 0 1,QCHECK_INITIAL_ONLY,4,4,true,c4c5,-523,c4c5 b6c5 b4c5 a3c5 d2d4 b2a1q d1a1 c5a7,890,194599,195489,28,121.006,1615536,12,7,1000000,completed,primary,sr001f-depth4-qcheck-initial-clean.txt
middlegame,r4rk1/1pp1qppp/p1np1n2/2b1p1B1/2B1P1b1/P1NP1N2/1PP1QPPP/R4RK1 w - - 0 10,QCHECK_INITIAL_ONLY,4,4,true,c3d5,111,c3d5 e7d8 g5f6 g7f6,2568,128770,131338,23,83.774,1567765,12,7,1000000,completed,primary,sr001f-depth4-qcheck-initial-clean.txt
kiwipete,r3k2r/p1ppqpb1/bn2pnp1/3PN3/1p2P3/2N2Q1p/PPPBBPPP/R3K2R w KQkq - 0 1,QCHECK_MAX_ONE,4,-1,false,none,-2147483648,,173,999827,1000000,34,545.527,1833091,12,7,1000000,node-budget,primary,sr001f-depth4-qcheck-one-clean.txt
evasion,r3k2r/Pppp1ppp/1b3nbN/nP6/BBP1P3/q4N2/Pp1P2PP/R2Q1RK1 w kq - 0 1,QCHECK_MAX_ONE,4,-1,false,none,-2147483648,,865,999135,1000000,34,562.575,1777539,12,7,1000000,node-budget,primary,sr001f-depth4-qcheck-one-clean.txt
middlegame,r4rk1/1pp1qppp/p1np1n2/2b1p1B1/2B1P1b1/P1NP1N2/1PP1QPPP/R4RK1 w - - 0 10,QCHECK_MAX_ONE,4,4,true,c3d5,111,c3d5 e7d8 g5f6 g7f6,2568,525870,528438,29,316.120,1671639,12,7,1000000,completed,primary,sr001f-depth4-qcheck-one-clean.txt
kiwipete,r3k2r/p1ppqpb1/bn2pnp1/3PN3/1p2P3/2N2Q1p/PPPBBPPP/R3K2R w KQkq - 0 1,CONTROL,4,4,true,d5e6,-211,d5e6 h3g2 e6f7 e7f7,15130,0,15130,0,10.229,1479113,12,7,1000000,completed,primary,sr001f-depth4-both-clean.txt
kiwipete,r3k2r/p1ppqpb1/bn2pnp1/3PN3/1p2P3/2N2Q1p/PPPBBPPP/R3K2R w KQkq - 0 1,QSEARCH_BASELINE,4,-1,false,none,-2147483648,,800,999200,1000000,32,497.107,2011637,12,7,1000000,node-budget,primary,sr001f-depth4-both-clean.txt
evasion,r3k2r/Pppp1ppp/1b3nbN/nP6/BBP1P3/q4N2/Pp1P2PP/R2Q1RK1 w kq - 0 1,CONTROL,4,4,true,g1h1,-601,g1h1 a3b4 a1b1 b6a7,5807,0,5807,0,3.795,1530090,12,7,1000000,completed,primary,sr001f-depth4-both-clean.txt
evasion,r3k2r/Pppp1ppp/1b3nbN/nP6/BBP1P3/q4N2/Pp1P2PP/R2Q1RK1 w kq - 0 1,QSEARCH_BASELINE,4,4,true,c4c5,-523,c4c5 b6c5 b4c5 a3c5 d2d4 b2a1q d1a1 c5a7,890,132427,133317,26,78.022,1708719,12,7,1000000,completed,primary,sr001f-depth4-both-clean.txt
middlegame,r4rk1/1pp1qppp/p1np1n2/2b1p1B1/2B1P1b1/P1NP1N2/1PP1QPPP/R4RK1 w - - 0 10,CONTROL,4,4,true,c3d5,-132,c3d5 c5f2 e2f2 f6d5,31464,0,31464,0,22.073,1425445,12,7,1000000,completed,primary,sr001f-depth4-both-clean.txt
middlegame,r4rk1/1pp1qppp/p1np1n2/2b1p1B1/2B1P1b1/P1NP1N2/1PP1QPPP/R4RK1 w - - 0 10,QSEARCH_BASELINE,4,4,true,c3d5,111,c3d5 e7d8 g5f6 g7f6,2568,120959,123527,21,75.634,1633214,12,7,1000000,completed,primary,sr001f-depth4-both-clean.txt
start,rnbqkbnr/pppppppp/8/8/8/8/PPPPPPPP/RNBQKBNR w KQkq - 0 1,CONTROL,2,2,true,e2e4,0,e2e4 e7e5,128,0,128,0,0.060,2144053,128,15,1000000,completed,paired_warmed,sr001f-depth2-paired.txt
start,rnbqkbnr/pppppppp/8/8/8/8/PPPPPPPP/RNBQKBNR w KQkq - 0 1,QSEARCH_BASELINE,2,2,true,g1f3,0,g1f3 b8c6,21,98,119,2,0.059,2023809,128,15,1000000,completed,paired_warmed,sr001f-depth2-paired.txt
start,rnbqkbnr/pppppppp/8/8/8/8/PPPPPPPP/RNBQKBNR w KQkq - 0 1,QCHECK_INITIAL_ONLY,2,2,true,g1f3,0,g1f3 b8c6,21,98,119,2,0.071,1673699,128,15,1000000,completed,paired_warmed,sr001f-depth2-paired.txt
start,rnbqkbnr/pppppppp/8/8/8/8/PPPPPPPP/RNBQKBNR w KQkq - 0 1,QCHECK_MAX_ONE,2,2,true,g1f3,0,g1f3 b8c6,21,98,119,2,0.077,1549479,128,15,1000000,completed,paired_warmed,sr001f-depth2-paired.txt
start,rnbqkbnr/pppppppp/8/8/8/8/PPPPPPPP/RNBQKBNR w KQkq - 0 1,QCHECK_MAX_TWO,2,2,true,g1f3,0,g1f3 b8c6,21,98,119,2,0.071,1673699,128,15,1000000,completed,paired_warmed,sr001f-depth2-paired.txt
start,rnbqkbnr/pppppppp/8/8/8/8/PPPPPPPP/RNBQKBNR w KQkq - 0 1,QSEARCH_QUIET_CHECKS,2,2,true,g1f3,0,g1f3 b8c6,21,98,119,2,0.082,1460122,128,15,1000000,completed,paired_warmed,sr001f-depth2-paired.txt
endgame,8/2p5/3p4/KP5r/1R3p1k/8/4P1P1/8 w - - 0 1,CONTROL,2,2,true,b4f4,165,b4f4 h4g3,30,0,30,0,0.008,3703703,128,15,1000000,completed,paired_warmed,sr001f-depth2-paired.txt
endgame,8/2p5/3p4/KP5r/1R3p1k/8/4P1P1/8 w - - 0 1,QSEARCH_BASELINE,2,2,true,b4f4,165,b4f4 h4g3,15,100,115,4,0.033,3495440,128,15,1000000,completed,paired_warmed,sr001f-depth2-paired.txt
endgame,8/2p5/3p4/KP5r/1R3p1k/8/4P1P1/8 w - - 0 1,QCHECK_INITIAL_ONLY,2,2,true,b4f4,165,b4f4 h4g3,15,140,155,4,0.047,3276955,128,15,1000000,completed,paired_warmed,sr001f-depth2-paired.txt
endgame,8/2p5/3p4/KP5r/1R3p1k/8/4P1P1/8 w - - 0 1,QCHECK_MAX_ONE,2,2,true,b4c4,173,b4c4 h5c5 c4f4 h4g3,15,384,399,6,0.129,3085846,128,15,1000000,completed,paired_warmed,sr001f-depth2-paired.txt
endgame,8/2p5/3p4/KP5r/1R3p1k/8/4P1P1/8 w - - 0 1,QCHECK_MAX_TWO,2,2,true,b4c4,173,b4c4 h5c5 c4f4 h4g3,15,572,587,8,0.199,2949748,128,15,1000000,completed,paired_warmed,sr001f-depth2-paired.txt
endgame,8/2p5/3p4/KP5r/1R3p1k/8/4P1P1/8 w - - 0 1,QSEARCH_QUIET_CHECKS,2,2,true,b4c4,173,b4c4 h5c5 c4f4 h4g3,15,1034,1049,26,0.384,2731770,128,15,1000000,completed,paired_warmed,sr001f-depth2-paired.txt
transposition-pawns,4k3/pp6/8/8/8/8/PP6/4K3 w - - 0 1,CONTROL,2,2,true,e1d2,0,e1d2 e8d7,35,0,35,0,0.007,4729729,128,15,1000000,completed,paired_warmed,sr001f-depth2-paired.txt
transposition-pawns,4k3/pp6/8/8/8/8/PP6/4K3 w - - 0 1,QSEARCH_BASELINE,2,2,true,e1d2,0,e1d2 e8d7,10,25,35,0,0.009,3723404,128,15,1000000,completed,paired_warmed,sr001f-depth2-paired.txt
transposition-pawns,4k3/pp6/8/8/8/8/PP6/4K3 w - - 0 1,QCHECK_INITIAL_ONLY,2,2,true,e1d2,0,e1d2 e8d7,10,25,35,0,0.011,3181818,128,15,1000000,completed,paired_warmed,sr001f-depth2-paired.txt
transposition-pawns,4k3/pp6/8/8/8/8/PP6/4K3 w - - 0 1,QCHECK_MAX_ONE,2,2,true,e1d2,0,e1d2 e8d7,10,25,35,0,0.011,3211009,128,15,1000000,completed,paired_warmed,sr001f-depth2-paired.txt
transposition-pawns,4k3/pp6/8/8/8/8/PP6/4K3 w - - 0 1,QCHECK_MAX_TWO,2,2,true,e1d2,0,e1d2 e8d7,10,25,35,0,0.011,3211009,128,15,1000000,completed,paired_warmed,sr001f-depth2-paired.txt
transposition-pawns,4k3/pp6/8/8/8/8/PP6/4K3 w - - 0 1,QSEARCH_QUIET_CHECKS,2,2,true,e1d2,0,e1d2 e8d7,10,25,35,0,0.011,3211009,128,15,1000000,completed,paired_warmed,sr001f-depth2-paired.txt
endgame,8/2p5/3p4/KP5r/1R3p1k/8/4P1P1/8 w - - 0 1,CONTROL,3,3,true,b4c4,477,b4c4 h5b5 a5b5,317,0,317,0,0.090,3518312,128,15,1000000,completed,paired_warmed,sr001f-depth3-paired.txt
endgame,8/2p5/3p4/KP5r/1R3p1k/8/4P1P1/8 w - - 0 1,QSEARCH_BASELINE,3,3,true,b4f4,167,b4f4 h4g3 f4f7,44,352,396,4,0.108,3666666,128,15,1000000,completed,paired_warmed,sr001f-depth3-paired.txt
endgame,8/2p5/3p4/KP5r/1R3p1k/8/4P1P1/8 w - - 0 1,QCHECK_INITIAL_ONLY,3,3,true,b4f4,167,b4f4 h4g3 f4f7,44,381,425,4,0.125,3402722,128,15,1000000,completed,paired_warmed,sr001f-depth3-paired.txt
endgame,8/2p5/3p4/KP5r/1R3p1k/8/4P1P1/8 w - - 0 1,QCHECK_MAX_ONE,3,3,true,b4c4,173,b4c4 h5c5 c4f4 h4g3,54,717,771,5,0.236,3271107,128,15,1000000,completed,paired_warmed,sr001f-depth3-paired.txt
endgame,8/2p5/3p4/KP5r/1R3p1k/8/4P1P1/8 w - - 0 1,QCHECK_MAX_TWO,3,3,true,b4c4,173,b4c4 h5c5 c4f4 h4g3,54,915,969,7,0.356,2718855,128,15,1000000,completed,paired_warmed,sr001f-depth3-paired.txt
endgame,8/2p5/3p4/KP5r/1R3p1k/8/4P1P1/8 w - - 0 1,QSEARCH_QUIET_CHECKS,3,3,true,b4c4,173,b4c4 h5c5 c4f4 h4g3,54,1702,1756,25,0.586,2998633,128,15,1000000,completed,paired_warmed,sr001f-depth3-paired.txt
transposition-pawns,4k3/pp6/8/8/8/8/PP6/4K3 w - - 0 1,CONTROL,3,3,true,e1d2,3,e1d2 e8d7 d2d3,146,0,146,0,0.029,5087108,128,15,1000000,completed,paired_warmed,sr001f-depth3-paired.txt
transposition-pawns,4k3/pp6/8/8/8/8/PP6/4K3 w - - 0 1,QSEARCH_BASELINE,3,3,true,e1d2,3,e1d2 e8d7 d2d3,35,111,146,0,0.036,4033149,128,15,1000000,completed,paired_warmed,sr001f-depth3-paired.txt
transposition-pawns,4k3/pp6/8/8/8/8/PP6/4K3 w - - 0 1,QCHECK_INITIAL_ONLY,3,3,true,e1d2,3,e1d2 e8d7 d2d3,35,111,146,0,0.055,2664233,128,15,1000000,completed,paired_warmed,sr001f-depth3-paired.txt
transposition-pawns,4k3/pp6/8/8/8/8/PP6/4K3 w - - 0 1,QCHECK_MAX_ONE,3,3,true,e1d2,3,e1d2 e8d7 d2d3,35,111,146,0,0.040,3659147,128,15,1000000,completed,paired_warmed,sr001f-depth3-paired.txt
transposition-pawns,4k3/pp6/8/8/8/8/PP6/4K3 w - - 0 1,QCHECK_MAX_TWO,3,3,true,e1d2,3,e1d2 e8d7 d2d3,35,111,146,0,0.040,3686868,128,15,1000000,completed,paired_warmed,sr001f-depth3-paired.txt
transposition-pawns,4k3/pp6/8/8/8/8/PP6/4K3 w - - 0 1,QSEARCH_QUIET_CHECKS,3,3,true,e1d2,3,e1d2 e8d7 d2d3,35,111,146,0,0.048,3073684,128,15,1000000,completed,paired_warmed,sr001f-depth3-paired.txt
endgame,8/2p5/3p4/KP5r/1R3p1k/8/4P1P1/8 w - - 0 1,CONTROL,4,4,true,b4f4,14,b4f4 h4g3 f4f3 g3g2,748,0,748,0,0.234,3202054,128,15,1000000,completed,paired_warmed,sr001f-depth4-paired.txt
endgame,8/2p5/3p4/KP5r/1R3p1k/8/4P1P1/8 w - - 0 1,QSEARCH_BASELINE,4,4,true,b4f4,155,b4f4 h4g3 f4f7 c7c6,331,1917,2248,5,0.803,2799850,128,15,1000000,completed,paired_warmed,sr001f-depth4-paired.txt
endgame,8/2p5/3p4/KP5r/1R3p1k/8/4P1P1/8 w - - 0 1,QCHECK_INITIAL_ONLY,4,4,true,b4c4,173,b4c4 h5c5 c4f4 h4g3,357,3210,3567,6,1.384,2577312,128,15,1000000,completed,paired_warmed,sr001f-depth4-paired.txt
endgame,8/2p5/3p4/KP5r/1R3p1k/8/4P1P1/8 w - - 0 1,QCHECK_MAX_ONE,4,4,true,b4c4,173,b4c4 h5c5 c4f4 h4g3,357,4045,4402,7,1.666,2641781,128,15,1000000,completed,paired_warmed,sr001f-depth4-paired.txt
endgame,8/2p5/3p4/KP5r/1R3p1k/8/4P1P1/8 w - - 0 1,QCHECK_MAX_TWO,4,4,true,b4c4,173,b4c4 h5c5 c4f4 h4g3,347,5585,5932,9,2.377,2495582,128,15,1000000,completed,paired_warmed,sr001f-depth4-paired.txt
endgame,8/2p5/3p4/KP5r/1R3p1k/8/4P1P1/8 w - - 0 1,QSEARCH_QUIET_CHECKS,4,4,true,b4c4,173,b4c4 h5c5 c4f4 h4g3,347,58127,58474,133,22.022,2655229,128,15,1000000,completed,paired_warmed,sr001f-depth4-paired.txt
transposition-pawns,4k3/pp6/8/8/8/8/PP6/4K3 w - - 0 1,CONTROL,4,4,true,e1d2,0,e1d2 e8d7 d2d3 d7d6,653,0,653,0,0.132,4946969,128,15,1000000,completed,paired_warmed,sr001f-depth4-paired.txt
transposition-pawns,4k3/pp6/8/8/8/8/PP6/4K3 w - - 0 1,QSEARCH_BASELINE,4,4,true,e1d2,0,e1d2 e8d7 d2d3 d7d6,183,470,653,0,0.160,4071072,128,15,1000000,completed,paired_warmed,sr001f-depth4-paired.txt
transposition-pawns,4k3/pp6/8/8/8/8/PP6/4K3 w - - 0 1,QCHECK_INITIAL_ONLY,4,4,true,e1d2,0,e1d2 e8d7 d2d3 d7d6,183,500,683,2,0.195,3497183,128,15,1000000,completed,paired_warmed,sr001f-depth4-paired.txt
transposition-pawns,4k3/pp6/8/8/8/8/PP6/4K3 w - - 0 1,QCHECK_MAX_ONE,4,4,true,e1d2,0,e1d2 e8d7 d2d3 d7d6,183,500,683,2,0.197,3459979,128,15,1000000,completed,paired_warmed,sr001f-depth4-paired.txt
transposition-pawns,4k3/pp6/8/8/8/8/PP6/4K3 w - - 0 1,QCHECK_MAX_TWO,4,4,true,e1d2,0,e1d2 e8d7 d2d3 d7d6,183,526,709,4,0.204,3475490,128,15,1000000,completed,paired_warmed,sr001f-depth4-paired.txt
transposition-pawns,4k3/pp6/8/8/8/8/PP6/4K3 w - - 0 1,QSEARCH_QUIET_CHECKS,4,4,true,e1d2,0,e1d2 e8d7 d2d3 d7d6,183,526,709,4,0.210,3376190,128,15,1000000,completed,paired_warmed,sr001f-depth4-paired.txt
start,rnbqkbnr/pppppppp/8/8/8/8/PPPPPPPP/RNBQKBNR w KQkq - 0 1,QSEARCH_QUIET_CHECKS,2,2,true,g1f3,0,g1f3 b8c6,21,98,119,2,0.227,523537,12,7,1000000,completed,retained_e_primary,SEARCH_QUIESCENCE_CHECKS_SR001E_2026-09-28_BENCHMARK.csv
kiwipete,r3k2r/p1ppqpb1/bn2pnp1/3PN3/1p2P3/2N2Q1p/PPPBBPPP/R3K2R w KQkq - 0 1,QSEARCH_QUIET_CHECKS,2,-1,false,none,-2147483648,,2,999998,1000000,139,387.610,2579914,12,7,1000000,node-budget,retained_e_primary,SEARCH_QUIESCENCE_CHECKS_SR001E_2026-09-28_BENCHMARK.csv
endgame,8/2p5/3p4/KP5r/1R3p1k/8/4P1P1/8 w - - 0 1,QSEARCH_QUIET_CHECKS,2,2,true,b4c4,173,b4c4 h5c5 c4f4 h4g3,15,1034,1049,26,0.378,2773664,12,7,1000000,completed,retained_e_primary,SEARCH_QUIESCENCE_CHECKS_SR001E_2026-09-28_BENCHMARK.csv
tactical,4k3/8/2p1p3/3q4/2P1P3/3Q4/8/4K3 w - - 0 1,QSEARCH_QUIET_CHECKS,2,-1,false,none,-2147483648,,3,999997,1000000,115,212.097,4714834,12,7,1000000,node-budget,retained_e_primary,SEARCH_QUIESCENCE_CHECKS_SR001E_2026-09-28_BENCHMARK.csv
evasion,r3k2r/Pppp1ppp/1b3nbN/nP6/BBP1P3/q4N2/Pp1P2PP/R2Q1RK1 w kq - 0 1,QSEARCH_QUIET_CHECKS,2,-1,false,none,-2147483648,,2,999998,1000000,117,389.058,2570311,12,7,1000000,node-budget,retained_e_primary,SEARCH_QUIESCENCE_CHECKS_SR001E_2026-09-28_BENCHMARK.csv
middlegame,r4rk1/1pp1qppp/p1np1n2/2b1p1B1/2B1P1b1/P1NP1N2/1PP1QPPP/R4RK1 w - - 0 10,QSEARCH_QUIET_CHECKS,2,-1,false,none,-2147483648,,2,15699,15701,254,6.042,2598814,12,7,1000000,absolute-ply-256,retained_e_primary,SEARCH_QUIESCENCE_CHECKS_SR001E_2026-09-28_BENCHMARK.csv
transposition-pawns,4k3/pp6/8/8/8/8/PP6/4K3 w - - 0 1,QSEARCH_QUIET_CHECKS,2,2,true,e1d2,0,e1d2 e8d7,10,25,35,0,0.011,3125000,12,7,1000000,completed,retained_e_primary,SEARCH_QUIESCENCE_CHECKS_SR001E_2026-09-28_BENCHMARK.csv
start,rnbqkbnr/pppppppp/8/8/8/8/PPPPPPPP/RNBQKBNR w KQkq - 0 1,QSEARCH_QUIET_CHECKS,3,-1,false,none,-2147483648,,16,999984,1000000,148,413.415,2418877,12,7,1000000,node-budget,retained_e_primary,SEARCH_QUIESCENCE_CHECKS_SR001E_2026-09-28_BENCHMARK.csv
kiwipete,r3k2r/p1ppqpb1/bn2pnp1/3PN3/1p2P3/2N2Q1p/PPPBBPPP/R3K2R w KQkq - 0 1,QSEARCH_QUIET_CHECKS,3,-1,false,none,-2147483648,,3,999997,1000000,236,404.411,2472735,12,7,1000000,node-budget,retained_e_primary,SEARCH_QUIESCENCE_CHECKS_SR001E_2026-09-28_BENCHMARK.csv
endgame,8/2p5/3p4/KP5r/1R3p1k/8/4P1P1/8 w - - 0 1,QSEARCH_QUIET_CHECKS,3,3,true,b4c4,173,b4c4 h5c5 c4f4 h4g3,54,1702,1756,25,0.670,2619722,12,7,1000000,completed,retained_e_primary,SEARCH_QUIESCENCE_CHECKS_SR001E_2026-09-28_BENCHMARK.csv
tactical,4k3/8/2p1p3/3q4/2P1P3/3Q4/8/4K3 w - - 0 1,QSEARCH_QUIET_CHECKS,3,-1,false,none,-2147483648,,11,999989,1000000,114,210.198,4757425,12,7,1000000,node-budget,retained_e_primary,SEARCH_QUIESCENCE_CHECKS_SR001E_2026-09-28_BENCHMARK.csv
evasion,r3k2r/Pppp1ppp/1b3nbN/nP6/BBP1P3/q4N2/Pp1P2PP/R2Q1RK1 w kq - 0 1,QSEARCH_QUIET_CHECKS,3,-1,false,none,-2147483648,,4,999996,1000000,116,400.127,2499205,12,7,1000000,node-budget,retained_e_primary,SEARCH_QUIESCENCE_CHECKS_SR001E_2026-09-28_BENCHMARK.csv
middlegame,r4rk1/1pp1qppp/p1np1n2/2b1p1B1/2B1P1b1/P1NP1N2/1PP1QPPP/R4RK1 w - - 0 10,QSEARCH_QUIET_CHECKS,3,-1,false,none,-2147483648,,4,15734,15738,253,6.128,2568253,12,7,1000000,absolute-ply-256,retained_e_primary,SEARCH_QUIESCENCE_CHECKS_SR001E_2026-09-28_BENCHMARK.csv
transposition-pawns,4k3/pp6/8/8/8/8/PP6/4K3 w - - 0 1,QSEARCH_QUIET_CHECKS,3,3,true,e1d2,3,e1d2 e8d7 d2d3,35,111,146,0,0.047,3093220,12,7,1000000,completed,retained_e_primary,SEARCH_QUIESCENCE_CHECKS_SR001E_2026-09-28_BENCHMARK.csv
endgame,8/2p5/3p4/KP5r/1R3p1k/8/4P1P1/8 w - - 0 1,QSEARCH_QUIET_CHECKS,4,4,true,b4c4,173,b4c4 h5c5 c4f4 h4g3,347,58127,58474,133,18.964,3083502,12,7,1000000,completed,retained_e_primary,SEARCH_QUIESCENCE_CHECKS_SR001E_2026-09-28_BENCHMARK.csv
transposition-pawns,4k3/pp6/8/8/8/8/PP6/4K3 w - - 0 1,QSEARCH_QUIET_CHECKS,4,4,true,e1d2,0,e1d2 e8d7 d2d3 d7d6,183,526,709,4,0.206,3440077,12,7,1000000,completed,retained_e_primary,SEARCH_QUIESCENCE_CHECKS_SR001E_2026-09-28_BENCHMARK.csv
