fixture,fen,candidate,reference,candidate_score,reference_score,candidate_pv,reference_pv,classification,witness_path,excluded_quiet_check,qply,ordinal,evasions,candidate_admits,reference_admits,higher_mode,witness_status
losing-defended,3rk3/8/8/3p4/8/8/8/3QK3 w - - 0 1,QCHECK_FORCED_ONE,QCHECK_INITIAL_ONLY,6,74,,d1h5 e8f8,positional-evaluation;checking-continuation,,d1h5,0,1,3,false,true,33,first-excluded-check
losing-defended,3rk3/8/8/3p4/8/8/8/3QK3 w - - 0 1,QCHECK_INITIAL_PLUS_ONE,QSEARCH_BASELINE,74,6,d1h5 e8f8,,positional-evaluation;checking-continuation,,d1h5,0,1,3,true,false,37,first-excluded-check
losing-defended,3rk3/8/8/3p4/8/8/8/3QK3 w - - 0 1,QCHECK_INITIAL_PLUS_TWO,QSEARCH_BASELINE,90,6,d1h5 e8e7,,positional-evaluation;checking-continuation,,d1h5,0,1,3,true,false,38,first-excluded-check
losing-defended,3rk3/8/8/3p4/8/8/8/3QK3 w - - 0 1,QCHECK_INITIAL_PLUS_TWO,QCHECK_INITIAL_ONLY,90,74,d1h5 e8e7,d1h5 e8f8,positional-evaluation;checking-continuation,d1h5 e8f8,h5h8,2,2,2,true,false,38,first-excluded-check
losing-defended,3rk3/8/8/3p4/8/8/8/3QK3 w - - 0 1,QCHECK_INITIAL_PLUS_TWO,QCHECK_INITIAL_PLUS_ONE,90,74,d1h5 e8e7,d1h5 e8f8,positional-evaluation;checking-continuation,d1h5 e8f8,h5h8,2,2,2,true,false,38,first-excluded-check
bishop-xray,4k3/6b1/8/8/3p4/8/3Q4/3RK3 w - - 0 1,QCHECK_FORCED_ONE,QCHECK_INITIAL_ONLY,877,927,,d2e2 e8f7,positional-evaluation;checking-continuation,,d2e2,0,1,5,false,true,33,first-excluded-check
bishop-xray,4k3/6b1/8/8/3p4/8/3Q4/3RK3 w - - 0 1,QCHECK_INITIAL_PLUS_ONE,QSEARCH_BASELINE,927,877,d2e2 e8f7,,positional-evaluation;checking-continuation,,d2e2,0,1,5,true,false,37,first-excluded-check
diagonal-xray,4k3/8/6b1/8/8/3r4/2Q5/1B2K3 w - - 0 1,QCHECK_FORCED_ONE,QCHECK_INITIAL_ONLY,284,1058,,c2e2 e8d8 b1d3,material-exchange-recovery,,c2e2,0,1,6,false,true,33,first-excluded-check
diagonal-xray,4k3/8/6b1/8/8/3r4/2Q5/1B2K3 w - - 0 1,QCHECK_INITIAL_PLUS_ONE,QSEARCH_BASELINE,1058,284,c2e2 e8d8 b1d3,,material-exchange-recovery,,c2e2,0,1,6,true,false,37,first-excluded-check
diagonal-xray,4k3/8/6b1/8/8/3r4/2Q5/1B2K3 w - - 0 1,QCHECK_INITIAL_PLUS_TWO,QSEARCH_BASELINE,1058,284,c2e2 e8d8 b1d3,,material-exchange-recovery,,c2e2,0,1,6,true,false,38,first-excluded-check
successive-xrays,7k/3r4/3q4/3r4/3p4/3R4/3Q4/K2R4 w - - 0 1,QCHECK_FORCED_ONE,QCHECK_INITIAL_ONLY,-306,-261,,d3h3 d7h7,exchange;deeper-checking-continuation,,d3h3,0,1,5,false,true,33,first-excluded-check
successive-xrays,7k/3r4/3q4/3r4/3p4/3R4/3Q4/K2R4 w - - 0 1,QCHECK_INITIAL_PLUS_ONE,QSEARCH_BASELINE,-261,-306,d3h3 d7h7,,exchange;deeper-checking-continuation,,d3h3,0,1,5,true,false,37,first-excluded-check
successive-xrays,7k/3r4/3q4/3r4/3p4/3R4/3Q4/K2R4 w - - 0 1,QCHECK_INITIAL_PLUS_TWO,QSEARCH_BASELINE,-261,-306,d3h3 d7h7,,exchange;deeper-checking-continuation,,d3h3,0,1,5,true,false,38,first-excluded-check
promotion-positional-resource,3r4/1P6/8/7q/8/1k6/p7/K7 w - - 0 1,QCHECK_FORCED_ONE,QSEARCH_BASELINE,-386,-389,b7b8q b3a4 b8d8,b7b8q b3a3 b8d8,promotion;deeper-check;positional-evaluation,b7b8q b3a3,b8b3,2,1,1,true,false,36,first-excluded-check
promotion-positional-resource,3r4/1P6/8/7q/8/1k6/p7/K7 w - - 0 1,QCHECK_FORCED_ONE,QCHECK_INITIAL_ONLY,-386,-389,b7b8q b3a4 b8d8,b7b8q b3a3 b8d8,promotion;deeper-check;positional-evaluation,b7b8q b3a3,b8b3,2,1,1,true,false,36,first-excluded-check
promotion-positional-resource,3r4/1P6/8/7q/8/1k6/p7/K7 w - - 0 1,QCHECK_INITIAL_PLUS_ONE,QSEARCH_BASELINE,-386,-389,b7b8q b3a4 b8d8,b7b8q b3a3 b8d8,promotion;deeper-check;positional-evaluation,b7b8q b3a3,b8b3,2,1,1,true,false,37,first-excluded-check
promotion-positional-resource,3r4/1P6/8/7q/8/1k6/p7/K7 w - - 0 1,QCHECK_INITIAL_PLUS_ONE,QCHECK_INITIAL_ONLY,-386,-389,b7b8q b3a4 b8d8,b7b8q b3a3 b8d8,promotion;deeper-check;positional-evaluation,b7b8q b3a3,b8b3,2,1,1,true,false,37,first-excluded-check
promotion-positional-resource,3r4/1P6/8/7q/8/1k6/p7/K7 w - - 0 1,QCHECK_INITIAL_PLUS_TWO,QSEARCH_BASELINE,-552,-389,b7b8q b3c2 b8b2 c2d1 a1a2,b7b8q b3a3 b8d8,promotion;deeper-check;positional-evaluation,b7b8q b3c2 b8d8,,3,1,-1,,,-1,suffix-budget-incomplete
promotion-positional-resource,3r4/1P6/8/7q/8/1k6/p7/K7 w - - 0 1,QCHECK_INITIAL_PLUS_TWO,QCHECK_INITIAL_ONLY,-552,-389,b7b8q b3c2 b8b2 c2d1 a1a2,b7b8q b3a3 b8d8,promotion;deeper-check;positional-evaluation,b7b8q b3c2 b8d8,,3,1,-1,,,-1,suffix-budget-incomplete
promotion-positional-resource,3r4/1P6/8/7q/8/1k6/p7/K7 w - - 0 1,QCHECK_INITIAL_PLUS_TWO,QCHECK_INITIAL_PLUS_ONE,-552,-386,b7b8q b3c2 b8b2 c2d1 a1a2,b7b8q b3a4 b8d8,promotion;deeper-check;positional-evaluation,b7b8q b3c2 b8d8,,3,1,-1,,,-1,suffix-budget-incomplete
three-capture-xray,7k/8/1p6/q7/8/Q7/8/R6K w - - 0 1,QCHECK_FORCED_ONE,QSEARCH_BASELINE,747,707,a3f8 h8h7 a1a5 b6a5,a3a5 b6a5 a1a5,material-exchange-recovery,,a3f8,0,1,1,true,false,36,first-excluded-check
three-capture-xray,7k/8/1p6/q7/8/Q7/8/R6K w - - 0 1,QCHECK_INITIAL_PLUS_ONE,QSEARCH_BASELINE,747,707,a3f8 h8h7 a1a5 b6a5,a3a5 b6a5 a1a5,material-exchange-recovery,,a3f8,0,1,1,true,false,37,first-excluded-check
quiet-mate-excluded,7k/8/5KQ1/8/8/8/8/8 w - - 0 1,QCHECK_FORCED_ONE,QSEARCH_BASELINE,32767,1146,g6g7,,mate,,g6g7,0,1,0,true,false,36,first-excluded-check
quiet-mate-excluded,7k/8/5KQ1/8/8/8/8/8 w - - 0 1,QCHECK_INITIAL_PLUS_ONE,QSEARCH_BASELINE,32767,1146,g6g7,,mate,,g6g7,0,1,0,true,false,37,first-excluded-check
quiet-mate-excluded,7k/8/5KQ1/8/8/8/8/8 w - - 0 1,QCHECK_INITIAL_PLUS_TWO,QSEARCH_BASELINE,32767,1146,g6g7,,mate,,g6g7,0,1,0,true,false,38,first-excluded-check
quiet-direct-mate,7k/8/5KQ1/8/8/8/8/8 w - - 98 1,QCHECK_FORCED_ONE,QSEARCH_BASELINE,32767,1146,g6g7,,mate,,g6g7,0,1,0,true,false,36,first-excluded-check
quiet-direct-mate,7k/8/5KQ1/8/8/8/8/8 w - - 98 1,QCHECK_INITIAL_PLUS_ONE,QSEARCH_BASELINE,32767,1146,g6g7,,mate,,g6g7,0,1,0,true,false,37,first-excluded-check
quiet-direct-mate,7k/8/5KQ1/8/8/8/8/8 w - - 98 1,QCHECK_INITIAL_PLUS_TWO,QSEARCH_BASELINE,32767,1146,g6g7,,mate,,g6g7,0,1,0,true,false,38,first-excluded-check
quiet-knight-fork,4k3/5q2/8/5N2/8/8/8/4K3 w - - 0 1,QCHECK_FORCED_ONE,QCHECK_INITIAL_ONLY,-752,0,,f5d6 e8d7 d6f7,queen-gain;insufficient-material-draw,,f5d6,0,1,4,false,true,33,first-excluded-check
quiet-knight-fork,4k3/5q2/8/5N2/8/8/8/4K3 w - - 0 1,QCHECK_FORCED_ONE,QSEARCH_QUIET_CHECKS,-752,0,,f5d6 e8d7 d6f7,queen-gain;insufficient-material-draw,,f5d6,0,1,4,false,true,32,first-excluded-check
quiet-knight-fork,4k3/5q2/8/5N2/8/8/8/4K3 w - - 0 1,QCHECK_INITIAL_PLUS_ONE,QSEARCH_BASELINE,0,-752,f5d6 e8d7 d6f7,,queen-gain;insufficient-material-draw,,f5d6,0,1,4,true,false,37,first-excluded-check
quiet-knight-fork,4k3/5q2/8/5N2/8/8/8/4K3 w - - 0 1,QCHECK_INITIAL_PLUS_TWO,QSEARCH_BASELINE,0,-752,f5d6 e8d7 d6f7,,queen-gain;insufficient-material-draw,,f5d6,0,1,4,true,false,38,first-excluded-check
quiet-smother-sacrifice,5r1k/6pp/4Q2N/8/8/8/8/4K3 w - - 0 1,QCHECK_FORCED_ONE,QSEARCH_BASELINE,32765,82,e6g8 f8g8 h6f7,,quiet-sacrifice;mate;second-check-required,,e6g8,0,1,1,true,false,36,first-excluded-check
quiet-smother-sacrifice,5r1k/6pp/4Q2N/8/8/8/8/4K3 w - - 0 1,QCHECK_FORCED_ONE,QCHECK_INITIAL_ONLY,32765,152,e6g8 f8g8 h6f7,h6f7 h8g8,quiet-sacrifice;mate;second-check-required,e6g8 f8g8,h6f7,2,2,0,true,false,36,first-excluded-check
quiet-smother-sacrifice,5r1k/6pp/4Q2N/8/8/8/8/4K3 w - - 0 1,QCHECK_INITIAL_PLUS_ONE,QSEARCH_BASELINE,32765,82,e6g8 f8g8 h6f7,,quiet-sacrifice;mate;second-check-required,,e6g8,0,1,1,true,false,37,first-excluded-check
quiet-smother-sacrifice,5r1k/6pp/4Q2N/8/8/8/8/4K3 w - - 0 1,QCHECK_INITIAL_PLUS_ONE,QCHECK_INITIAL_ONLY,32765,152,e6g8 f8g8 h6f7,h6f7 h8g8,quiet-sacrifice;mate;second-check-required,e6g8 f8g8,h6f7,2,2,0,true,false,37,first-excluded-check
quiet-smother-sacrifice,5r1k/6pp/4Q2N/8/8/8/8/4K3 w - - 0 1,QCHECK_INITIAL_PLUS_TWO,QSEARCH_BASELINE,32765,82,e6g8 f8g8 h6f7,,quiet-sacrifice;mate;second-check-required,,e6g8,0,1,1,true,false,38,first-excluded-check
quiet-smother-sacrifice,5r1k/6pp/4Q2N/8/8/8/8/4K3 w - - 0 1,QCHECK_INITIAL_PLUS_TWO,QCHECK_INITIAL_ONLY,32765,152,e6g8 f8g8 h6f7,h6f7 h8g8,quiet-sacrifice;mate;second-check-required,e6g8 f8g8,h6f7,2,2,0,true,false,38,first-excluded-check
quiet-check-rule50-draw,4k3/8/8/8/8/8/7q/R3K3 w - - 98 1,QCHECK_FORCED_ONE,QCHECK_INITIAL_ONLY,-454,0,,a1a8 e8d7,rule50-draw,,a1a8,0,1,4,false,true,33,first-excluded-check
quiet-check-rule50-draw,4k3/8/8/8/8/8/7q/R3K3 w - - 98 1,QCHECK_FORCED_ONE,QSEARCH_QUIET_CHECKS,-454,0,,a1a8 e8d7,rule50-draw,,a1a8,0,1,4,false,true,32,first-excluded-check
quiet-check-rule50-draw,4k3/8/8/8/8/8/7q/R3K3 w - - 98 1,QCHECK_INITIAL_PLUS_ONE,QSEARCH_BASELINE,0,-454,a1a8 e8d7,,rule50-draw,,a1a8,0,1,4,true,false,37,first-excluded-check
quiet-check-rule50-draw,4k3/8/8/8/8/8/7q/R3K3 w - - 98 1,QCHECK_INITIAL_PLUS_TWO,QSEARCH_BASELINE,0,-454,a1a8 e8d7,,rule50-draw,,a1a8,0,1,4,true,false,38,first-excluded-check
quiet-mate-unlimited,7k/8/5KQ1/8/8/8/8/8 w - - 0 1,QCHECK_FORCED_ONE,QSEARCH_BASELINE,32767,1146,g6g7,,mate,,g6g7,0,1,0,true,false,36,first-excluded-check
quiet-mate-unlimited,7k/8/5KQ1/8/8/8/8/8 w - - 0 1,QCHECK_INITIAL_PLUS_ONE,QSEARCH_BASELINE,32767,1146,g6g7,,mate,,g6g7,0,1,0,true,false,37,first-excluded-check
quiet-mate-unlimited,7k/8/5KQ1/8/8/8/8/8 w - - 0 1,QCHECK_INITIAL_PLUS_TWO,QSEARCH_BASELINE,32767,1146,g6g7,,mate,,g6g7,0,1,0,true,false,38,first-excluded-check
endgame-pawn-displacement,8/2p5/3p4/KPr4k/5R2/8/4P1P1/8 w - - 1 3,QCHECK_FORCED_ONE,QCHECK_INITIAL_ONLY,146,241,,g2g4 h5h4,positional-evaluation;checking-continuation,,g2g4,0,1,4,false,true,33,first-excluded-check
endgame-pawn-displacement,8/2p5/3p4/KPr4k/5R2/8/4P1P1/8 w - - 1 3,QCHECK_FORCED_ONE,QSEARCH_QUIET_CHECKS,146,241,,g2g4 h5h4,positional-evaluation;checking-continuation,,g2g4,0,1,4,false,true,32,first-excluded-check
endgame-pawn-displacement,8/2p5/3p4/KPr4k/5R2/8/4P1P1/8 w - - 1 3,QCHECK_INITIAL_PLUS_ONE,QSEARCH_BASELINE,241,146,g2g4 h5h4,,positional-evaluation;checking-continuation,,g2g4,0,1,4,true,false,37,first-excluded-check
endgame-pawn-displacement,8/2p5/3p4/KPr4k/5R2/8/4P1P1/8 w - - 1 3,QCHECK_INITIAL_PLUS_TWO,QSEARCH_BASELINE,241,146,g2g4 h5h4,,positional-evaluation;checking-continuation,,g2g4,0,1,4,true,false,38,first-excluded-check
first-after-capture-mate,5rRk/6pp/7N/8/8/8/8/4K3 b - - 0 1,QCHECK_FORCED_ONE,QSEARCH_BASELINE,-32766,546,f8g8 h6f7,f8g8 h6g8 h8g8,mate;first-check-qply-1,f8g8,h6f7,1,1,0,true,false,36,first-excluded-check
first-after-capture-mate,5rRk/6pp/7N/8/8/8/8/4K3 b - - 0 1,QCHECK_FORCED_ONE,QCHECK_INITIAL_ONLY,-32766,546,f8g8 h6f7,f8g8 h6g8 h8g8,mate;first-check-qply-1,f8g8,h6f7,1,1,0,true,false,36,first-excluded-check
first-after-capture-mate,5rRk/6pp/7N/8/8/8/8/4K3 b - - 0 1,QCHECK_INITIAL_PLUS_ONE,QSEARCH_BASELINE,-32766,546,f8g8 h6f7,f8g8 h6g8 h8g8,mate;first-check-qply-1,f8g8,h6f7,1,1,0,true,false,37,first-excluded-check
first-after-capture-mate,5rRk/6pp/7N/8/8/8/8/4K3 b - - 0 1,QCHECK_INITIAL_PLUS_ONE,QCHECK_INITIAL_ONLY,-32766,546,f8g8 h6f7,f8g8 h6g8 h8g8,mate;first-check-qply-1,f8g8,h6f7,1,1,0,true,false,37,first-excluded-check
first-after-capture-mate,5rRk/6pp/7N/8/8/8/8/4K3 b - - 0 1,QCHECK_INITIAL_PLUS_TWO,QSEARCH_BASELINE,-32766,546,f8g8 h6f7,f8g8 h6g8 h8g8,mate;first-check-qply-1,f8g8,h6f7,1,1,0,true,false,38,first-excluded-check
first-after-capture-mate,5rRk/6pp/7N/8/8/8/8/4K3 b - - 0 1,QCHECK_INITIAL_PLUS_TWO,QCHECK_INITIAL_ONLY,-32766,546,f8g8 h6f7,f8g8 h6g8 h8g8,mate;first-check-qply-1,f8g8,h6f7,1,1,0,true,false,38,first-excluded-check
exchange-deeper-check,5rrk/8/6KN/8/8/1Q6/8/8 w - - 0 1,QCHECK_FORCED_ONE,QSEARCH_QUIET_CHECKS,381,374,h6g8 f8g8 g6h6,h6g8 f8g8 g6h5,exchange;positional;first-check-qply-3,h6g8 f8g8 g6h6,g8g6,3,1,2,false,true,32,first-excluded-check
exchange-deeper-check,5rrk/8/6KN/8/8/1Q6/8/8 w - - 0 1,QCHECK_INITIAL_PLUS_ONE,QSEARCH_QUIET_CHECKS,381,374,h6g8 f8g8 g6h6,h6g8 f8g8 g6h5,exchange;positional;first-check-qply-3,h6g8 f8g8 g6h6,g8g6,3,1,2,false,true,32,first-excluded-check
exchange-deeper-check,5rrk/8/6KN/8/8/1Q6/8/8 w - - 0 1,QCHECK_INITIAL_PLUS_TWO,QSEARCH_BASELINE,377,381,h6g8 f8g8 g6h6 g8g6 h6h5,h6g8 f8g8 g6h6,exchange;positional;first-check-qply-3,h6g8 f8g8 g6h6,g8g6,3,1,2,true,false,38,first-excluded-check
exchange-deeper-check,5rrk/8/6KN/8/8/1Q6/8/8 w - - 0 1,QCHECK_INITIAL_PLUS_TWO,QCHECK_INITIAL_ONLY,377,381,h6g8 f8g8 g6h6 g8g6 h6h5,h6g8 f8g8 g6h6,exchange;positional;first-check-qply-3,h6g8 f8g8 g6h6,g8g6,3,1,2,true,false,38,first-excluded-check
exchange-deeper-check,5rrk/8/6KN/8/8/1Q6/8/8 w - - 0 1,QCHECK_INITIAL_PLUS_TWO,QSEARCH_QUIET_CHECKS,377,374,h6g8 f8g8 g6h6 g8g6 h6h5,h6g8 f8g8 g6h5,exchange;positional;first-check-qply-3,h6g8 f8g8 g6h6 g8g6 h6h5,g6h6,5,2,3,false,true,32,first-excluded-check
exchange-deeper-check,5rrk/8/6KN/8/8/1Q6/8/8 w - - 0 1,QCHECK_INITIAL_PLUS_TWO,QCHECK_INITIAL_PLUS_ONE,377,381,h6g8 f8g8 g6h6 g8g6 h6h5,h6g8 f8g8 g6h6,exchange;positional;first-check-qply-3,h6g8 f8g8 g6h6,g8g6,3,1,2,true,false,38,first-excluded-check
third-check-smother,4k3/8/8/8/8/3q4/PPn5/1KR5 b - - 96 1,QCHECK_FORCED_ONE,QSEARCH_BASELINE,32763,155,c2a3 b1a1 d3b1 c1b1 a3c2,,mate;third-ordinary-check-required,,c2a3,0,1,1,true,false,36,first-excluded-check
third-check-smother,4k3/8/8/8/8/3q4/PPn5/1KR5 b - - 96 1,QCHECK_FORCED_ONE,QCHECK_INITIAL_ONLY,32763,218,c2a3 b1a1 d3b1 c1b1 a3c2,c2b4 b1a1 b4a2 a1a2,mate;third-ordinary-check-required,c2a3 b1a1,d3b1,2,2,1,true,false,36,first-excluded-check
third-check-smother,4k3/8/8/8/8/3q4/PPn5/1KR5 b - - 96 1,QCHECK_INITIAL_PLUS_ONE,QSEARCH_BASELINE,32763,155,c2a3 b1a1 d3b1 c1b1 a3c2,,mate;third-ordinary-check-required,,c2a3,0,1,1,true,false,37,first-excluded-check
third-check-smother,4k3/8/8/8/8/3q4/PPn5/1KR5 b - - 96 1,QCHECK_INITIAL_PLUS_ONE,QCHECK_INITIAL_ONLY,32763,218,c2a3 b1a1 d3b1 c1b1 a3c2,c2b4 b1a1 b4a2 a1a2,mate;third-ordinary-check-required,c2a3 b1a1,d3b1,2,2,1,true,false,37,first-excluded-check
third-check-smother,4k3/8/8/8/8/3q4/PPn5/1KR5 b - - 96 1,QCHECK_INITIAL_PLUS_TWO,QSEARCH_BASELINE,32763,155,c2a3 b1a1 d3b1 c1b1 a3c2,,mate;third-ordinary-check-required,,c2a3,0,1,1,true,false,38,first-excluded-check
third-check-smother,4k3/8/8/8/8/3q4/PPn5/1KR5 b - - 96 1,QCHECK_INITIAL_PLUS_TWO,QCHECK_INITIAL_ONLY,32763,218,c2a3 b1a1 d3b1 c1b1 a3c2,c2b4 b1a1 b4a2 a1a2,mate;third-ordinary-check-required,c2a3 b1a1,d3b1,2,2,1,true,false,38,first-excluded-check
repeated-check-no-extra-value,4k3/8/8/8/8/8/8/R3K3 w - - 96 1,QCHECK_FORCED_ONE,QCHECK_INITIAL_ONLY,692,735,,a1a8 e8e7,second-checks-exist;no-extra-value,,a1a8,0,1,3,false,true,33,first-excluded-check
repeated-check-no-extra-value,4k3/8/8/8/8/8/8/R3K3 w - - 96 1,QCHECK_FORCED_ONE,QSEARCH_QUIET_CHECKS,692,735,,a1a8 e8e7,second-checks-exist;no-extra-value,,a1a8,0,1,3,false,true,32,first-excluded-check
repeated-check-no-extra-value,4k3/8/8/8/8/8/8/R3K3 w - - 96 1,QCHECK_INITIAL_PLUS_ONE,QSEARCH_BASELINE,735,692,a1a8 e8e7,,second-checks-exist;no-extra-value,,a1a8,0,1,3,true,false,37,first-excluded-check
repeated-check-no-extra-value,4k3/8/8/8/8/8/8/R3K3 w - - 96 1,QCHECK_INITIAL_PLUS_TWO,QSEARCH_BASELINE,735,692,a1a8 e8e7,,second-checks-exist;no-extra-value,,a1a8,0,1,3,true,false,38,first-excluded-check
deeper-two-reply-fork,4k3/8/8/8/5n2/1rp5/P4Qp1/4K3 w - - 0 1,QCHECK_FORCED_ONE,QCHECK_INITIAL_ONLY,41,57,a2b3,f2e3 e8f7 a2b3,material;two-reply-knight-fork-after-a2b3,,f2e3,0,1,5,false,true,33,first-excluded-check
deeper-two-reply-fork,4k3/8/8/8/5n2/1rp5/P4Qp1/4K3 w - - 0 1,QCHECK_INITIAL_PLUS_ONE,QSEARCH_BASELINE,57,41,f2e3 e8f7 a2b3,a2b3,material;two-reply-knight-fork-after-a2b3,,f2e3,0,1,5,true,false,37,first-excluded-check
deeper-two-reply-fork,4k3/8/8/8/5n2/1rp5/P4Qp1/4K3 w - - 0 1,QCHECK_INITIAL_PLUS_TWO,QSEARCH_BASELINE,57,41,f2e3 e8f7 a2b3,a2b3,material;two-reply-knight-fork-after-a2b3,,f2e3,0,1,5,true,false,38,first-excluded-check
deeper-one-reply-fork,4k3/8/8/8/5n2/1rp2p2/P4Qp1/4K3 w - - 0 1,QCHECK_FORCED_ONE,QSEARCH_BASELINE,-1138,-436,,a2b3,material;one-reply-knight-fork-after-a2b3,a2b3,f4d3,1,1,1,true,false,36,first-excluded-check
deeper-one-reply-fork,4k3/8/8/8/5n2/1rp2p2/P4Qp1/4K3 w - - 0 1,QCHECK_FORCED_ONE,QCHECK_INITIAL_ONLY,-1138,-436,,a2b3,material;one-reply-knight-fork-after-a2b3,a2b3,f4d3,1,1,1,true,false,36,first-excluded-check
deeper-one-reply-fork,4k3/8/8/8/5n2/1rp2p2/P4Qp1/4K3 w - - 0 1,QCHECK_INITIAL_PLUS_ONE,QSEARCH_BASELINE,-459,-436,f2e3 e8f7 a2b3,a2b3,material;one-reply-knight-fork-after-a2b3,a2b3,f4d3,1,1,1,true,false,37,first-excluded-check
deeper-one-reply-fork,4k3/8/8/8/5n2/1rp2p2/P4Qp1/4K3 w - - 0 1,QCHECK_INITIAL_PLUS_ONE,QCHECK_INITIAL_ONLY,-459,-436,f2e3 e8f7 a2b3,a2b3,material;one-reply-knight-fork-after-a2b3,a2b3,f4d3,1,1,1,true,false,37,first-excluded-check
deeper-one-reply-fork,4k3/8/8/8/5n2/1rp2p2/P4Qp1/4K3 w - - 0 1,QCHECK_INITIAL_PLUS_TWO,QSEARCH_BASELINE,-459,-436,f2e3 e8f7 a2b3,a2b3,material;one-reply-knight-fork-after-a2b3,a2b3,f4d3,1,1,1,true,false,38,first-excluded-check
deeper-one-reply-fork,4k3/8/8/8/5n2/1rp2p2/P4Qp1/4K3 w - - 0 1,QCHECK_INITIAL_PLUS_TWO,QCHECK_INITIAL_ONLY,-459,-436,f2e3 e8f7 a2b3,a2b3,material;one-reply-knight-fork-after-a2b3,a2b3,f4d3,1,1,1,true,false,38,first-excluded-check
