run,observation,fixture,node_fen,qply,path_ply,move,alpha,beta,child_kind,post_move_static,static_gap,alpha_gap,move_score,move_bound,move_exact_score,node_exact_best,relation,unique_draw,unique_mate,exact_continuation_gain,exact_above_visited_alpha
corpus:winning:full,0,winning,4k3/8/8/3q4/4P3/8/8/4K3 w - - 0 1,0,0,e4d5,-731,32769,nonterminal,413,-1144,-975,413,EXACT,413,413,uniquely-best,false,false,0,True
corpus:winning:lower,0,winning,4k3/8/8/3q4/4P3/8/8/4K3 w - - 0 1,0,0,e4d5,412,413,nonterminal,413,-1,168,413,LOWER,413,413,uniquely-best,false,false,0,True
corpus:winning:upper,0,winning,4k3/8/8/3q4/4P3/8/8/4K3 w - - 0 1,0,0,e4d5,413,414,nonterminal,413,0,169,413,UPPER,413,413,uniquely-best,false,false,0,False
corpus:losing-defended:full,0,losing-defended,3rk3/8/8/3p4/8/8/8/3QK3 w - - 0 1,0,0,d1d5,6,32769,nonterminal,529,-523,-100,-737,UPPER,-737,6,below,false,false,-1266,False
corpus:losing-defended:full,1,losing-defended,3rk3/8/8/3Q4/8/8/8/4K3 b - - 0 1,1,1,d8d5,-529,-6,nonterminal,737,-1266,-975,737,LOWER,737,737,uniquely-best,false,false,0,True
corpus:losing-defended:upper,0,losing-defended,3rk3/8/8/3p4/8/8/8/3QK3 w - - 0 1,0,0,d1d5,6,7,nonterminal,529,-523,-100,-737,UPPER,-737,6,below,false,false,-1266,False
corpus:losing-defended:upper,1,losing-defended,3rk3/8/8/3Q4/8/8/8/4K3 b - - 0 1,1,1,d8d5,-7,-6,nonterminal,737,-744,-453,737,LOWER,737,737,uniquely-best,false,false,0,True
corpus:equal-defended:full,0,equal-defended,rq2k3/8/8/8/8/8/8/R3K3 w - - 0 1,0,0,a1a8,-989,32769,nonterminal,-357,-632,-500,-1024,UPPER,-1024,-989,below,false,false,-667,False
corpus:equal-defended:full,1,equal-defended,Rq2k3/8/8/8/8/8/8/4K3 b - - 0 1,1,1,b8a8,357,989,nonterminal,1024,-667,-500,1024,LOWER,1024,1024,uniquely-best,false,false,0,True
corpus:equal-defended:upper,0,equal-defended,rq2k3/8/8/8/8/8/8/R3K3 w - - 0 1,0,0,a1a8,-989,-988,nonterminal,-357,-632,-500,-1024,UPPER,-1024,-989,below,false,false,-667,False
corpus:equal-defended:upper,1,equal-defended,Rq2k3/8/8/8/8/8/8/4K3 b - - 0 1,1,1,b8a8,988,989,nonterminal,1024,-36,131,1024,LOWER,1024,1024,uniquely-best,false,false,0,True
corpus:bishop-xray:full,0,bishop-xray,4k3/6b1/8/8/3p4/8/3Q4/3RK3 w - - 0 1,0,0,d2d4,877,32769,nonterminal,1409,-532,-100,737,UPPER,737,877,below,false,false,-672,False
corpus:bishop-xray:full,1,bishop-xray,4k3/6b1/8/8/3Q4/8/8/3RK3 b - - 0 1,1,1,g7d4,-1409,-877,nonterminal,-306,-1103,-975,-737,LOWER,-737,-737,uniquely-best,false,false,-431,True
corpus:bishop-xray:full,2,bishop-xray,4k3/8/8/8/3b4/8/8/3RK3 w - - 0 2,2,2,d1d4,877,1409,nonterminal,737,140,241,737,UPPER,737,737,uniquely-best,false,false,0,False
corpus:bishop-xray:upper,0,bishop-xray,4k3/6b1/8/8/3p4/8/3Q4/3RK3 w - - 0 1,0,0,d2d4,877,878,nonterminal,1409,-532,-100,737,UPPER,737,877,below,false,false,-672,False
corpus:bishop-xray:upper,1,bishop-xray,4k3/6b1/8/8/3Q4/8/8/3RK3 b - - 0 1,1,1,g7d4,-878,-877,nonterminal,-306,-572,-444,-737,LOWER,-737,-737,uniquely-best,false,false,-431,True
corpus:bishop-xray:upper,2,bishop-xray,4k3/8/8/8/3b4/8/8/3RK3 w - - 0 2,2,2,d1d4,877,878,nonterminal,737,140,241,737,UPPER,737,737,uniquely-best,false,false,0,False
corpus:diagonal-xray:full,0,diagonal-xray,4k3/8/6b1/8/8/3r4/2Q5/1B2K3 w - - 0 1,0,0,c2d3,284,32769,nonterminal,1058,-774,-500,0,UPPER,0,284,below,false,false,-1058,False
corpus:diagonal-xray:full,1,diagonal-xray,4k3/8/6b1/8/8/3Q4/8/1B2K3 b - - 0 1,1,1,g6d3,-1058,-284,insufficient,,,-975,0,LOWER,0,0,uniquely-best,true,false,,True
corpus:diagonal-xray:upper,0,diagonal-xray,4k3/8/6b1/8/8/3r4/2Q5/1B2K3 w - - 0 1,0,0,c2d3,284,285,nonterminal,1058,-774,-500,0,UPPER,0,284,below,false,false,-1058,False
corpus:diagonal-xray:upper,1,diagonal-xray,4k3/8/6b1/8/8/3Q4/8/1B2K3 b - - 0 1,1,1,g6d3,-285,-284,insufficient,,,-202,0,LOWER,0,0,uniquely-best,true,false,,True
corpus:successive-xrays:full,0,successive-xrays,7k/3r4/3q4/3r4/3p4/3R4/3Q4/K2R4 w - - 0 1,0,0,d3d4,-306,32769,nonterminal,-6,-300,-100,-682,UPPER,-682,-306,below,false,false,-676,False
corpus:successive-xrays:full,1,successive-xrays,7k/3r4/3q4/3r4/3R4/8/3Q4/K2R4 b - - 0 1,1,1,d5d4,6,306,nonterminal,682,-676,-500,682,LOWER,682,682,uniquely-best,false,false,0,True
corpus:successive-xrays:full,2,successive-xrays,7k/3r4/8/8/3R4/8/8/K7 b - - 0 3,5,5,d7d4,6,306,nonterminal,709,-703,-492,709,LOWER,709,709,uniquely-best,false,false,0,True
corpus:successive-xrays:upper,0,successive-xrays,7k/3r4/3q4/3r4/3p4/3R4/3Q4/K2R4 w - - 0 1,0,0,d3d4,-306,-305,nonterminal,-6,-300,-100,-682,UPPER,-682,-306,below,false,false,-676,False
corpus:successive-xrays:upper,1,successive-xrays,7k/3r4/3q4/3r4/3R4/8/3Q4/K2R4 b - - 0 1,1,1,d5d4,305,306,nonterminal,682,-377,-201,682,LOWER,682,682,uniquely-best,false,false,0,True
corpus:successive-xrays:upper,2,successive-xrays,7k/3r4/8/8/3R4/8/8/K7 b - - 0 3,5,5,d7d4,305,306,nonterminal,709,-404,-193,709,LOWER,709,709,uniquely-best,false,false,0,True
corpus:pinned-defender:full,0,pinned-defender,4k3/3n4/8/1B2p3/5P2/8/8/4K3 w - - 0 1,0,0,f4e5,86,32769,nonterminal,514,-428,-100,514,EXACT,514,514,uniquely-best,false,false,0,True
corpus:pinned-defender:full,1,pinned-defender,8/3k4/8/4p3/5P2/8/8/4K3 w - - 0 2,2,2,f4e5,514,32769,nonterminal,386,128,430,386,UPPER,386,386,uniquely-best,false,false,0,False
corpus:pinned-defender:lower,0,pinned-defender,4k3/3n4/8/1B2p3/5P2/8/8/4K3 w - - 0 1,0,0,f4e5,513,514,nonterminal,514,-1,327,514,LOWER,514,514,uniquely-best,false,false,0,True
corpus:pinned-defender:upper,0,pinned-defender,4k3/3n4/8/1B2p3/5P2/8/8/4K3 w - - 0 1,0,0,f4e5,514,515,nonterminal,514,0,328,514,UPPER,514,514,uniquely-best,false,false,0,False
corpus:pinned-defender:upper,1,pinned-defender,8/3k4/8/4p3/5P2/8/8/4K3 w - - 0 2,2,2,f4e5,514,515,nonterminal,386,128,430,386,UPPER,386,386,uniquely-best,false,false,0,False
corpus:unsafe-king-recapture:full,0,unsafe-king-recapture,8/8/4k3/3r4/8/1B6/8/3RK3 w - - 0 1,0,0,d1d5,378,32769,nonterminal,1131,-753,-500,1131,EXACT,1131,1131,uniquely-best,false,false,0,True
corpus:unsafe-king-recapture:lower,0,unsafe-king-recapture,8/8/4k3/3r4/8/1B6/8/3RK3 w - - 0 1,0,0,d1d5,1130,1131,nonterminal,1131,-1,252,1131,LOWER,1131,1131,uniquely-best,false,false,0,True
corpus:unsafe-king-recapture:upper,0,unsafe-king-recapture,8/8/4k3/3r4/8/1B6/8/3RK3 w - - 0 1,0,0,d1d5,1131,1132,nonterminal,1131,0,253,1131,UPPER,1131,1131,uniquely-best,false,false,0,False
corpus:ep-winning:full,0,ep-winning,4k3/8/8/3pP3/8/8/8/4K3 w - d6 0 1,0,0,e5d6,29,32769,nonterminal,434,-405,-100,434,EXACT,434,434,uniquely-best,false,false,0,True
corpus:ep-winning:lower,0,ep-winning,4k3/8/8/3pP3/8/8/8/4K3 w - d6 0 1,0,0,e5d6,433,434,nonterminal,434,-1,304,434,LOWER,434,434,uniquely-best,false,false,0,True
corpus:ep-winning:upper,0,ep-winning,4k3/8/8/3pP3/8/8/8/4K3 w - d6 0 1,0,0,e5d6,434,435,nonterminal,434,0,305,434,UPPER,434,434,uniquely-best,false,false,0,False
corpus:ep-defended:full,0,ep-defended,4k3/8/8/3pP3/3r4/8/8/4K3 w - d6 0 1,0,0,e5d6,-682,32769,nonterminal,-285,-397,-100,-734,UPPER,-734,-682,below,false,false,-449,False
corpus:ep-defended:full,1,ep-defended,4k3/8/3P4/8/3r4/8/8/4K3 b - - 0 1,1,1,d4d6,285,682,nonterminal,734,-449,-100,734,LOWER,734,734,uniquely-best,false,false,0,True
corpus:ep-defended:upper,0,ep-defended,4k3/8/8/3pP3/3r4/8/8/4K3 w - d6 0 1,0,0,e5d6,-682,-681,nonterminal,-285,-397,-100,-734,UPPER,-734,-682,below,false,false,-449,False
corpus:ep-defended:upper,1,ep-defended,4k3/8/3P4/8/3r4/8/8/4K3 b - - 0 1,1,1,d4d6,681,682,nonterminal,734,-53,296,734,LOWER,734,734,uniquely-best,false,false,0,True
corpus:ep-black:full,0,ep-black,4k3/8/8/3R4/3Pp3/8/8/4K3 b - d3 0 1,0,0,e4d3,-682,32769,nonterminal,-285,-397,-100,-734,UPPER,-734,-682,below,false,false,-449,False
corpus:ep-black:full,1,ep-black,4k3/8/8/3R4/8/3p4/8/4K3 w - - 0 2,1,1,d5d3,285,682,nonterminal,734,-449,-100,734,LOWER,734,734,uniquely-best,false,false,0,True
corpus:ep-black:upper,0,ep-black,4k3/8/8/3R4/3Pp3/8/8/4K3 b - d3 0 1,0,0,e4d3,-682,-681,nonterminal,-285,-397,-100,-734,UPPER,-734,-682,below,false,false,-449,False
corpus:ep-black:upper,1,ep-black,4k3/8/8/3R4/8/3p4/8/4K3 w - - 0 2,1,1,d5d3,681,682,nonterminal,734,-53,296,734,LOWER,734,734,uniquely-best,false,false,0,True
corpus:defended-quiet-promotion:full,0,defended-quiet-promotion,Q7/6k1/r7/8/8/8/8/7K w - - 1 2,2,2,a8a6,407,32769,nonterminal,1081,-674,-500,1081,EXACT,1081,1081,uniquely-best,false,false,0,True
corpus:defended-quiet-promotion:full,1,defended-quiet-promotion,Q7/7k/r7/8/8/8/8/7K w - - 1 2,2,2,a8a6,394,1081,nonterminal,1066,-672,-500,1066,EXACT,1066,1066,uniquely-best,false,false,0,True
corpus:defended-quiet-promotion:full,2,defended-quiet-promotion,R7/6k1/r7/8/8/8/8/7K w - - 1 2,2,2,a8a6,33,32769,nonterminal,717,-684,-480,717,EXACT,717,717,uniquely-best,false,false,0,True
corpus:defended-quiet-promotion:full,3,defended-quiet-promotion,R7/7k/r7/8/8/8/8/7K w - - 1 2,2,2,a8a6,33,717,nonterminal,715,-682,-474,715,EXACT,715,715,uniquely-best,false,false,0,True
corpus:defended-quiet-promotion:upper,0,defended-quiet-promotion,R7/6k1/r7/8/8/8/8/7K w - - 1 2,2,2,a8a6,33,34,nonterminal,717,-684,-480,717,LOWER,717,717,uniquely-best,false,false,0,True
corpus:defended-quiet-promotion:upper,1,defended-quiet-promotion,R7/7k/r7/8/8/8/8/7K w - - 1 2,2,2,a8a6,33,34,nonterminal,715,-682,-474,715,LOWER,715,715,uniquely-best,false,false,0,True
corpus:promotion-stalemate-resource:full,0,promotion-stalemate-resource,1Q1r4/8/8/8/8/8/p1k5/K7 w - - 1 2,2,2,b8d8,-198,32769,nonterminal,462,-660,-500,462,EXACT,462,462,uniquely-best,false,false,0,True
corpus:promotion-stalemate-resource:full,1,promotion-stalemate-resource,1Q1r4/8/8/8/8/8/p1k5/K7 w - - 1 2,2,2,a1a2,462,32769,nonterminal,435,27,560,435,UPPER,-755,462,below,false,false,-1190,False
corpus:promotion-stalemate-resource:full,2,promotion-stalemate-resource,1Q1r4/8/8/8/8/k7/p7/K7 w - - 1 2,2,2,b8d8,-234,462,nonterminal,349,-583,-500,349,EXACT,349,349,uniquely-best,false,false,0,True
corpus:promotion-stalemate-resource:full,3,promotion-stalemate-resource,1Q1r4/8/8/8/8/2k5/p7/K7 w - - 1 2,2,2,b8d8,-177,349,nonterminal,484,-661,-500,484,LOWER,484,484,uniquely-best,false,false,0,True
corpus:promotion-stalemate-resource:full,4,promotion-stalemate-resource,1Q1r4/8/8/8/k7/8/p7/K7 w - - 1 2,2,2,b8d8,-166,349,nonterminal,424,-590,-500,424,LOWER,424,424,uniquely-best,false,false,0,True
corpus:promotion-stalemate-resource:full,5,promotion-stalemate-resource,1Q1r4/8/8/8/2k5/8/p7/K7 w - - 1 2,2,2,b8d8,-187,349,nonterminal,477,-664,-500,477,LOWER,477,477,uniquely-best,false,false,0,True
corpus:promotion-stalemate-resource:full,6,promotion-stalemate-resource,1R1r4/8/8/8/8/8/p1k5/K7 w - - 1 2,2,2,b8d8,0,32769,nonterminal,108,-108,112,108,EXACT,108,108,uniquely-best,false,false,0,True
corpus:promotion-stalemate-resource:full,7,promotion-stalemate-resource,1R1r4/8/8/8/8/8/p1k5/K7 w - - 1 2,2,2,a1a2,108,32769,nonterminal,19,89,620,19,UPPER,-755,108,below,false,false,-774,False
corpus:promotion-stalemate-resource:full,8,promotion-stalemate-resource,1R1r4/8/8/8/8/k7/p7/K7 w - - 1 2,2,2,b8d8,0,108,nonterminal,20,-20,173,20,EXACT,20,20,uniquely-best,false,false,0,True
corpus:promotion-stalemate-resource:full,9,promotion-stalemate-resource,1R1r4/8/8/8/8/2k5/p7/K7 w - - 1 2,2,2,b8d8,0,20,nonterminal,115,-115,104,115,LOWER,115,115,uniquely-best,false,false,0,True
corpus:promotion-stalemate-resource:full,10,promotion-stalemate-resource,1R1r4/8/8/8/k7/8/p7/K7 w - - 1 2,2,2,b8d8,0,20,nonterminal,92,-92,99,92,LOWER,92,92,uniquely-best,false,false,0,True
corpus:promotion-stalemate-resource:full,11,promotion-stalemate-resource,1R1r4/8/8/8/2k5/8/p7/K7 w - - 1 2,2,2,b8d8,0,20,nonterminal,109,-109,107,109,LOWER,109,109,uniquely-best,false,false,0,True
corpus:promotion-stalemate-resource:lower,0,promotion-stalemate-resource,1Q1r4/8/8/8/8/8/p1k5/K7 w - - 1 2,2,2,b8d8,-1,0,nonterminal,462,-463,-303,462,LOWER,462,462,uniquely-best,false,false,0,True
corpus:promotion-stalemate-resource:lower,1,promotion-stalemate-resource,1Q1r4/8/8/8/8/k7/p7/K7 w - - 1 2,2,2,b8d8,-1,0,nonterminal,349,-350,-267,349,LOWER,349,349,uniquely-best,false,false,0,True
corpus:promotion-stalemate-resource:lower,2,promotion-stalemate-resource,1Q1r4/8/8/8/8/2k5/p7/K7 w - - 1 2,2,2,b8d8,-1,0,nonterminal,484,-485,-324,484,LOWER,484,484,uniquely-best,false,false,0,True
corpus:promotion-stalemate-resource:lower,3,promotion-stalemate-resource,1Q1r4/8/8/8/k7/8/p7/K7 w - - 1 2,2,2,b8d8,-1,0,nonterminal,424,-425,-335,424,LOWER,424,424,uniquely-best,false,false,0,True
corpus:promotion-stalemate-resource:lower,4,promotion-stalemate-resource,1Q1r4/8/8/8/2k5/8/p7/K7 w - - 1 2,2,2,b8d8,-1,0,nonterminal,477,-478,-314,477,LOWER,477,477,uniquely-best,false,false,0,True
corpus:promotion-stalemate-resource:upper,0,promotion-stalemate-resource,1Q1r4/8/8/8/8/8/p1k5/K7 w - - 1 2,2,2,b8d8,0,1,nonterminal,462,-462,-302,462,LOWER,462,462,uniquely-best,false,false,0,True
corpus:promotion-stalemate-resource:upper,1,promotion-stalemate-resource,1Q1r4/8/8/8/8/k7/p7/K7 w - - 1 2,2,2,b8d8,0,1,nonterminal,349,-349,-266,349,LOWER,349,349,uniquely-best,false,false,0,True
corpus:promotion-stalemate-resource:upper,2,promotion-stalemate-resource,1Q1r4/8/8/8/8/2k5/p7/K7 w - - 1 2,2,2,b8d8,0,1,nonterminal,484,-484,-323,484,LOWER,484,484,uniquely-best,false,false,0,True
corpus:promotion-stalemate-resource:upper,3,promotion-stalemate-resource,1Q1r4/8/8/8/k7/8/p7/K7 w - - 1 2,2,2,b8d8,0,1,nonterminal,424,-424,-334,424,LOWER,424,424,uniquely-best,false,false,0,True
corpus:promotion-stalemate-resource:upper,4,promotion-stalemate-resource,1Q1r4/8/8/8/2k5/8/p7/K7 w - - 1 2,2,2,b8d8,0,1,nonterminal,477,-477,-313,477,LOWER,477,477,uniquely-best,false,false,0,True
corpus:promotion-stalemate-resource:upper,5,promotion-stalemate-resource,1R1r4/8/8/8/8/8/p1k5/K7 w - - 1 2,2,2,b8d8,0,1,nonterminal,108,-108,112,108,LOWER,108,108,uniquely-best,false,false,0,True
corpus:promotion-stalemate-resource:upper,6,promotion-stalemate-resource,1R1r4/8/8/8/8/k7/p7/K7 w - - 1 2,2,2,b8d8,0,1,nonterminal,20,-20,173,20,LOWER,20,20,uniquely-best,false,false,0,True
corpus:promotion-stalemate-resource:upper,7,promotion-stalemate-resource,1R1r4/8/8/8/8/2k5/p7/K7 w - - 1 2,2,2,b8d8,0,1,nonterminal,115,-115,104,115,LOWER,115,115,uniquely-best,false,false,0,True
corpus:promotion-stalemate-resource:upper,8,promotion-stalemate-resource,1R1r4/8/8/8/k7/8/p7/K7 w - - 1 2,2,2,b8d8,0,1,nonterminal,92,-92,99,92,LOWER,92,92,uniquely-best,false,false,0,True
corpus:promotion-stalemate-resource:upper,9,promotion-stalemate-resource,1R1r4/8/8/8/2k5/8/p7/K7 w - - 1 2,2,2,b8d8,0,1,nonterminal,109,-109,107,109,LOWER,109,109,uniquely-best,false,false,0,True
corpus:promotion-positional-resource:full,0,promotion-positional-resource,1Q1r4/8/8/7q/8/8/p1k5/K7 w - - 1 2,2,2,b8d8,-1014,32769,nonterminal,-346,-668,-500,-346,EXACT,-346,-346,uniquely-best,false,false,0,True
corpus:promotion-positional-resource:full,1,promotion-positional-resource,1Q1r4/8/8/7q/8/8/p1k5/K7 w - - 1 2,2,2,a1a2,-346,32769,nonterminal,-617,271,568,-617,UPPER,-1715,-346,below,false,false,-1098,False
corpus:promotion-positional-resource:full,2,promotion-positional-resource,1Q1r4/8/8/7q/8/k7/p7/K7 w - - 1 2,2,2,b8d8,-983,-346,nonterminal,-389,-594,-500,-389,EXACT,-389,-389,uniquely-best,false,false,0,True
corpus:promotion-positional-resource:full,3,promotion-positional-resource,1Q1r4/8/8/7q/8/2k5/p7/K7 w - - 1 2,2,2,b8d8,-983,-389,nonterminal,-318,-665,-500,-318,LOWER,-318,-318,uniquely-best,false,false,0,True
corpus:promotion-positional-resource:full,4,promotion-positional-resource,1Q1r4/8/8/7q/k7/8/p7/K7 w - - 1 2,2,2,b8d8,-984,-389,nonterminal,-386,-598,-500,-386,LOWER,-386,-386,uniquely-best,false,false,0,True
corpus:promotion-positional-resource:full,5,promotion-positional-resource,1Q1r4/8/8/7q/2k5/8/p7/K7 w - - 1 2,2,2,b8d8,-986,-389,nonterminal,-321,-665,-500,-321,LOWER,-321,-321,uniquely-best,false,false,0,True
corpus:promotion-positional-resource:full,6,promotion-positional-resource,1R1r4/8/8/7q/8/8/p1k5/K7 w - - 1 2,2,2,b8d8,-389,32769,nonterminal,-766,377,495,-766,UPPER,-766,-766,uniquely-best,false,false,0,False
corpus:promotion-positional-resource:full,7,promotion-positional-resource,1R1r4/8/8/7q/8/8/p1k5/K7 w - - 1 2,2,2,a1a2,-389,32769,nonterminal,-985,596,895,-985,UPPER,-1715,-766,below,false,false,-730,False
corpus:promotion-positional-resource:lower,0,promotion-positional-resource,1Q1r4/8/8/7q/8/8/p1k5/K7 w - - 1 2,2,2,b8d8,-390,-389,nonterminal,-346,-44,124,-346,LOWER,-346,-346,uniquely-best,false,false,0,True
corpus:promotion-positional-resource:lower,1,promotion-positional-resource,1Q1r4/8/8/7q/8/k7/p7/K7 w - - 1 2,2,2,b8d8,-390,-389,nonterminal,-389,-1,93,-389,LOWER,-389,-389,uniquely-best,false,false,0,True
corpus:promotion-positional-resource:lower,2,promotion-positional-resource,1Q1r4/8/8/7q/8/2k5/p7/K7 w - - 1 2,2,2,b8d8,-390,-389,nonterminal,-318,-72,93,-318,LOWER,-318,-318,uniquely-best,false,false,0,True
corpus:promotion-positional-resource:lower,3,promotion-positional-resource,1Q1r4/8/8/7q/k7/8/p7/K7 w - - 1 2,2,2,b8d8,-390,-389,nonterminal,-386,-4,94,-386,LOWER,-386,-386,uniquely-best,false,false,0,True
corpus:promotion-positional-resource:lower,4,promotion-positional-resource,1Q1r4/8/8/7q/2k5/8/p7/K7 w - - 1 2,2,2,b8d8,-390,-389,nonterminal,-321,-69,96,-321,LOWER,-321,-321,uniquely-best,false,false,0,True
corpus:promotion-positional-resource:upper,0,promotion-positional-resource,1Q1r4/8/8/7q/8/8/p1k5/K7 w - - 1 2,2,2,b8d8,-389,-388,nonterminal,-346,-43,125,-346,LOWER,-346,-346,uniquely-best,false,false,0,True
corpus:promotion-positional-resource:upper,1,promotion-positional-resource,1Q1r4/8/8/7q/8/k7/p7/K7 w - - 1 2,2,2,b8d8,-389,-388,nonterminal,-389,0,94,-389,UPPER,-389,-389,uniquely-best,false,false,0,False
corpus:promotion-positional-resource:upper,2,promotion-positional-resource,1R1r4/8/8/7q/8/8/p1k5/K7 w - - 1 2,2,2,b8d8,-389,-388,nonterminal,-766,377,495,-766,UPPER,-766,-766,uniquely-best,false,false,0,False
corpus:promotion-positional-resource:upper,3,promotion-positional-resource,1R1r4/8/8/7q/8/8/p1k5/K7 w - - 1 2,2,2,a1a2,-389,-388,nonterminal,-985,596,895,-985,UPPER,-1715,-766,below,false,false,-730,False
corpus:capture-promotion-black:full,0,capture-promotion-black,4k3/8/8/8/8/8/3K4/6qR b - - 1 2,2,2,g1h1,1116,32769,nonterminal,1116,0,112,1116,UPPER,1116,1116,uniquely-best,false,false,0,False
corpus:capture-promotion-black:full,1,capture-promotion-black,4k3/8/8/8/8/8/3K4/6rR b - - 1 2,2,2,g1h1,1116,32769,nonterminal,732,384,562,732,UPPER,732,732,uniquely-best,false,false,0,False
corpus:capture-promotion-black:upper,0,capture-promotion-black,4k3/8/8/8/8/8/3K4/6qR b - - 1 2,2,2,g1h1,1116,1117,nonterminal,1116,0,112,1116,UPPER,1116,1116,uniquely-best,false,false,0,False
corpus:capture-promotion-black:upper,1,capture-promotion-black,4k3/8/8/8/8/8/3K4/6rR b - - 1 2,2,2,g1h1,1116,1117,nonterminal,732,384,562,732,UPPER,732,732,uniquely-best,false,false,0,False
corpus:promotion-recapture:full,0,promotion-recapture,r6Q/4k3/8/8/8/8/8/4K2R b - - 0 1,1,1,a8h8,-1118,-62,nonterminal,14,-1132,-975,-738,EXACT,-738,-738,uniquely-best,false,false,-752,True
corpus:promotion-recapture:full,1,promotion-recapture,7r/4k3/8/8/8/8/8/4K2R w - - 0 2,2,2,h1h8,62,1118,nonterminal,738,-676,-424,738,EXACT,738,738,uniquely-best,false,false,0,True
corpus:promotion-recapture:full,2,promotion-recapture,r6b/4k1P1/8/8/8/8/8/4K2R w - - 0 1,0,0,h1h8,738,32769,nonterminal,496,242,346,496,UPPER,496,738,below,false,false,0,False
corpus:promotion-recapture:full,3,promotion-recapture,r5Qb/4k3/8/8/8/8/8/4K2R b - - 0 1,1,1,a8g8,-810,-738,nonterminal,420,-1230,-975,-1,LOWER,420,420,uniquely-best,false,false,0,True
corpus:promotion-recapture:full,4,promotion-recapture,6rb/4k3/8/8/8/8/8/4K2R w - - 0 2,2,2,h1h8,738,810,nonterminal,1,737,828,1,UPPER,-711,-420,below,false,false,-712,False
corpus:promotion-recapture:full,5,promotion-recapture,r5Nb/8/3k4/8/8/8/8/4K2R w - - 1 2,2,2,h1h8,738,32769,nonterminal,276,462,588,276,UPPER,276,276,uniquely-best,false,false,0,False
corpus:promotion-recapture:lower,0,promotion-recapture,r6Q/4k3/8/8/8/8/8/4K2R b - - 0 1,1,1,a8h8,-738,-737,nonterminal,14,-752,-595,-738,UPPER,-738,-738,uniquely-best,false,false,-752,False
corpus:promotion-recapture:lower,1,promotion-recapture,7r/4k3/8/8/8/8/8/4K2R w - - 0 2,2,2,h1h8,737,738,nonterminal,738,-1,251,738,LOWER,738,738,uniquely-best,false,false,0,True
corpus:promotion-recapture:upper,0,promotion-recapture,r6Q/4k3/8/8/8/8/8/4K2R b - - 0 1,1,1,a8h8,-739,-738,nonterminal,14,-753,-596,-738,LOWER,-738,-738,uniquely-best,false,false,-752,True
corpus:promotion-recapture:upper,1,promotion-recapture,7r/4k3/8/8/8/8/8/4K2R w - - 0 2,2,2,h1h8,738,739,nonterminal,738,0,252,738,UPPER,738,738,uniquely-best,false,false,0,False
corpus:promotion-recapture:upper,2,promotion-recapture,r6b/4k1P1/8/8/8/8/8/4K2R w - - 0 1,0,0,h1h8,738,739,nonterminal,496,242,346,496,UPPER,496,738,below,false,false,0,False
corpus:promotion-recapture:upper,3,promotion-recapture,r5Qb/4k3/8/8/8/8/8/4K2R b - - 0 1,1,1,a8g8,-739,-738,nonterminal,420,-1159,-904,-1,LOWER,420,420,uniquely-best,false,false,0,True
corpus:promotion-recapture:upper,4,promotion-recapture,6rb/4k3/8/8/8/8/8/4K2R w - - 0 2,2,2,h1h8,738,739,nonterminal,1,737,828,1,UPPER,-711,-420,below,false,false,-712,False
corpus:promotion-recapture:upper,5,promotion-recapture,r5Nb/8/3k4/8/8/8/8/4K2R w - - 1 2,2,2,h1h8,738,739,nonterminal,276,462,588,276,UPPER,276,276,uniquely-best,false,false,0,False
corpus:checking-sacrifice:full,0,checking-sacrifice,5r1k/4Qpbp/4NN1N/8/8/8/8/4K3 w - - 0 1,0,0,e6f8,619,32769,nonterminal,1078,-459,-500,1076,EXACT,1076,32765,below,false,false,-2,True
corpus:checking-sacrifice:full,1,checking-sacrifice,5N1k/4Qpbp/5N1N/8/8/8/8/4K3 b - - 0 1,1,1,g7h6,-1078,-619,nonterminal,-769,-309,-320,-1076,EXACT,-1076,-1076,uniquely-best,false,false,-307,True
corpus:checking-sacrifice:full,2,checking-sacrifice,5N1k/4Qp1p/5N1b/8/8/8/8/4K3 w - - 0 2,2,2,e7f7,769,1078,nonterminal,1076,-307,-100,1076,EXACT,1076,1076,uniquely-best,false,false,0,True
corpus:checking-sacrifice:full,3,checking-sacrifice,5N1k/5Q1p/5N1b/8/8/8/8/4K3 b - - 0 2,3,3,h6f8,-1076,-769,nonterminal,-803,-273,-320,-32763,UPPER,-32763,-1076,below,false,false,-31960,False
corpus:checking-sacrifice:full,4,checking-sacrifice,5N1k/4Qp1p/5N1b/8/8/8/8/4K3 w - - 0 2,2,2,f6h7,1076,1078,nonterminal,964,112,207,964,UPPER,964,1076,below,false,false,0,False
corpus:checking-sacrifice:full,5,checking-sacrifice,5N1k/4Qp1p/5N1b/8/8/8/8/4K3 w - - 0 2,2,2,f8h7,1076,1078,nonterminal,989,87,207,989,UPPER,989,1076,below,false,false,0,False
corpus:checking-sacrifice:full,6,checking-sacrifice,5N1k/4Qpbp/5N1N/8/8/8/8/4K3 b - - 0 1,1,1,g7f6,-1076,-619,nonterminal,-733,-343,-318,-32765,UPPER,-32765,-1076,below,false,false,-32032,False
corpus:checking-sacrifice:full,7,checking-sacrifice,5N1k/4Qpbp/5N1N/8/8/8/8/4K3 b - - 0 1,1,1,g7f8,-1076,-619,nonterminal,-787,-289,-318,-32765,UPPER,-32765,-1076,below,false,false,-31978,False
corpus:checking-sacrifice:full,8,checking-sacrifice,5r1k/4Qpbp/4NN1N/8/8/8/8/4K3 w - - 0 1,0,0,e6g7,1076,32769,nonterminal,803,273,127,803,UPPER,803,32765,below,false,false,0,False
corpus:checking-sacrifice:full,9,checking-sacrifice,7k/4Qrbp/4NN2/8/8/8/8/4K3 w - - 0 2,2,2,e7f7,1076,32769,nonterminal,1056,20,128,1056,UPPER,1056,1056,uniquely-best,false,false,0,False
corpus:checking-sacrifice:full,10,checking-sacrifice,7k/4Qrbp/4NN2/8/8/8/8/4K3 w - - 0 2,2,2,e6g7,1076,32769,nonterminal,710,366,298,710,UPPER,-657,1056,below,false,false,-1367,False
corpus:checking-sacrifice:full,11,checking-sacrifice,7k/4Qrbp/4NN2/8/8/8/8/4K3 w - - 0 2,2,2,f6h7,1076,32769,nonterminal,522,554,528,522,UPPER,-528,1056,below,false,false,-1050,False
corpus:checking-sacrifice:full,12,checking-sacrifice,5b1k/5p1p/4NN1N/8/8/8/8/4K3 w - - 0 2,2,2,e6f8,1076,32769,nonterminal,424,652,647,424,UPPER,424,32765,below,false,false,0,False
corpus:checking-sacrifice:full,13,checking-sacrifice,5b1k/5p1p/4NN1N/8/8/8/8/4K3 w - - 0 2,2,2,f6h7,32765,32769,nonterminal,288,32477,32566,288,UPPER,-20,32765,below,false,false,-308,False
corpus:checking-sacrifice:full,14,checking-sacrifice,5r1k/4Qpbp/4NN1N/8/8/8/8/4K3 w - - 0 1,0,0,e7f7,32765,32769,nonterminal,794,31971,32046,794,UPPER,794,32765,below,false,false,0,False
corpus:checking-sacrifice:full,15,checking-sacrifice,5r1k/4Qpbp/4NN1N/8/8/8/8/4K3 w - - 0 1,0,0,f6h7,32765,32769,nonterminal,721,32044,32046,721,UPPER,721,32765,below,false,false,0,False
corpus:checking-sacrifice:lower,0,checking-sacrifice,5r1k/4Qpbp/4NN1N/8/8/8/8/4K3 w - - 0 1,0,0,e6f8,32764,32765,nonterminal,1078,31686,31645,1078,UPPER,1076,32765,below,false,false,-2,False
corpus:checking-sacrifice:lower,1,checking-sacrifice,5r1k/4Qpbp/4NN1N/8/8/8/8/4K3 w - - 0 1,0,0,e6g7,32764,32765,nonterminal,803,31961,31815,803,UPPER,803,32765,below,false,false,0,False
corpus:checking-sacrifice:lower,2,checking-sacrifice,7k/4Qrbp/4NN2/8/8/8/8/4K3 w - - 0 2,2,2,e7f7,32764,32765,nonterminal,1056,31708,31816,1056,UPPER,1056,1056,uniquely-best,false,false,0,False
corpus:checking-sacrifice:lower,3,checking-sacrifice,7k/4Qrbp/4NN2/8/8/8/8/4K3 w - - 0 2,2,2,e6g7,32764,32765,nonterminal,710,32054,31986,710,UPPER,-657,1056,below,false,false,-1367,False
corpus:checking-sacrifice:lower,4,checking-sacrifice,7k/4Qrbp/4NN2/8/8/8/8/4K3 w - - 0 2,2,2,f6h7,32764,32765,nonterminal,522,32242,32216,522,UPPER,-528,1056,below,false,false,-1050,False
corpus:checking-sacrifice:lower,5,checking-sacrifice,5b1k/5p1p/4NN1N/8/8/8/8/4K3 w - - 0 2,2,2,e6f8,32764,32765,nonterminal,424,32340,32335,424,UPPER,424,32765,below,false,false,0,False
corpus:checking-sacrifice:upper,0,checking-sacrifice,5r1k/4Qpbp/4NN1N/8/8/8/8/4K3 w - - 0 1,0,0,e6f8,32765,32766,nonterminal,1078,31687,31646,1078,UPPER,1076,32765,below,false,false,-2,False
corpus:checking-sacrifice:upper,1,checking-sacrifice,5r1k/4Qpbp/4NN1N/8/8/8/8/4K3 w - - 0 1,0,0,e6g7,32765,32766,nonterminal,803,31962,31816,803,UPPER,803,32765,below,false,false,0,False
corpus:checking-sacrifice:upper,2,checking-sacrifice,7k/4Qrbp/4NN2/8/8/8/8/4K3 w - - 0 2,2,2,e7f7,32765,32766,nonterminal,1056,31709,31817,1056,UPPER,1056,1056,uniquely-best,false,false,0,False
corpus:checking-sacrifice:upper,3,checking-sacrifice,7k/4Qrbp/4NN2/8/8/8/8/4K3 w - - 0 2,2,2,e6g7,32765,32766,nonterminal,710,32055,31987,710,UPPER,-657,1056,below,false,false,-1367,False
corpus:checking-sacrifice:upper,4,checking-sacrifice,7k/4Qrbp/4NN2/8/8/8/8/4K3 w - - 0 2,2,2,f6h7,32765,32766,nonterminal,522,32243,32217,522,UPPER,-528,1056,below,false,false,-1050,False
corpus:checking-sacrifice:upper,5,checking-sacrifice,5b1k/5p1p/4NN1N/8/8/8/8/4K3 w - - 0 2,2,2,e6f8,32765,32766,nonterminal,424,32341,32336,424,UPPER,424,32765,below,false,false,0,False
corpus:checking-sacrifice:upper,6,checking-sacrifice,5b1k/5p1p/4NN1N/8/8/8/8/4K3 w - - 0 2,2,2,f6h7,32765,32766,nonterminal,288,32477,32566,288,UPPER,-20,32765,below,false,false,-308,False
corpus:checking-sacrifice:upper,7,checking-sacrifice,5r1k/4Qpbp/4NN1N/8/8/8/8/4K3 w - - 0 1,0,0,e7f7,32765,32766,nonterminal,794,31971,32046,794,UPPER,794,32765,below,false,false,0,False
corpus:checking-sacrifice:upper,8,checking-sacrifice,5r1k/4Qpbp/4NN1N/8/8/8/8/4K3 w - - 0 1,0,0,f6h7,32765,32766,nonterminal,721,32044,32046,721,UPPER,721,32765,below,false,false,0,False
corpus:negative-capture-evasion:full,0,negative-capture-evasion,8/6b1/2k5/8/3Q4/8/8/6K1 w - - 1 3,4,4,d4g7,904,32769,nonterminal,1111,-207,-330,1111,EXACT,1111,1111,uniquely-best,false,false,0,True
corpus:negative-capture-evasion:full,1,negative-capture-evasion,8/6b1/4k3/8/3Q4/8/8/6K1 w - - 1 3,4,4,d4g7,905,1111,nonterminal,1194,-289,-330,1194,LOWER,1194,1194,uniquely-best,false,false,0,True
corpus:negative-capture-evasion:full,2,negative-capture-evasion,2k5/6b1/8/8/3Q4/8/8/6K1 w - - 1 3,4,4,d4g7,763,1081,nonterminal,1087,-324,-330,1087,LOWER,1087,1087,uniquely-best,false,false,0,True
corpus:negative-capture-evasion:full,3,negative-capture-evasion,4k3/6b1/8/8/3Q4/8/8/6K1 w - - 1 3,4,4,d4g7,765,1081,nonterminal,1155,-390,-330,1155,LOWER,1155,1155,uniquely-best,false,false,0,True
corpus:three-capture-xray:full,0,three-capture-xray,7k/8/1p6/q7/8/Q7/8/R6K w - - 0 1,0,0,a3a5,450,32769,nonterminal,1379,-929,-975,707,EXACT,707,707,uniquely-best,false,false,-672,True
corpus:three-capture-xray:full,1,three-capture-xray,7k/8/1p6/Q7/8/8/8/R6K b - - 0 1,1,1,b6a5,-1379,-450,nonterminal,-275,-1104,-975,-707,EXACT,-707,-707,uniquely-best,false,false,-432,True
corpus:three-capture-xray:full,2,three-capture-xray,7k/8/8/p7/8/8/8/R6K w - - 0 2,2,2,a1a5,450,1379,nonterminal,707,-257,75,707,EXACT,707,707,uniquely-best,false,false,0,True
corpus:three-capture-xray:lower,0,three-capture-xray,7k/8/1p6/q7/8/Q7/8/R6K w - - 0 1,0,0,a3a5,706,707,nonterminal,1379,-673,-719,707,LOWER,707,707,uniquely-best,false,false,-672,True
corpus:three-capture-xray:lower,1,three-capture-xray,7k/8/1p6/Q7/8/8/8/R6K b - - 0 1,1,1,b6a5,-707,-706,nonterminal,-275,-432,-303,-707,UPPER,-707,-707,uniquely-best,false,false,-432,False
corpus:three-capture-xray:lower,2,three-capture-xray,7k/8/8/p7/8/8/8/R6K w - - 0 2,2,2,a1a5,706,707,nonterminal,707,-1,331,707,LOWER,707,707,uniquely-best,false,false,0,True
corpus:three-capture-xray:upper,0,three-capture-xray,7k/8/1p6/q7/8/Q7/8/R6K w - - 0 1,0,0,a3a5,707,708,nonterminal,1379,-672,-718,707,UPPER,707,707,uniquely-best,false,false,-672,False
corpus:three-capture-xray:upper,1,three-capture-xray,7k/8/1p6/Q7/8/8/8/R6K b - - 0 1,1,1,b6a5,-708,-707,nonterminal,-275,-433,-304,-707,LOWER,-707,-707,uniquely-best,false,false,-432,True
corpus:three-capture-xray:upper,2,three-capture-xray,7k/8/8/p7/8/8/8/R6K w - - 0 2,2,2,a1a5,707,708,nonterminal,707,0,332,707,UPPER,707,707,uniquely-best,false,false,0,False
corpus:nonchecking-clearance:full,0,nonchecking-clearance,b1q4k/8/8/2p5/N7/8/8/R3K3 w - - 0 1,0,0,a4c5,-691,32769,nonterminal,-410,-281,-100,-410,EXACT,-410,-410,uniquely-best,false,false,0,True
corpus:nonchecking-clearance:full,1,nonchecking-clearance,b1q4k/8/8/2N5/8/8/8/R3K3 b - - 0 1,1,1,c8c5,410,691,nonterminal,760,-350,-320,393,UPPER,393,410,below,false,false,-367,False
corpus:nonchecking-clearance:lower,0,nonchecking-clearance,b1q4k/8/8/2p5/N7/8/8/R3K3 w - - 0 1,0,0,a4c5,-411,-410,nonterminal,-410,-1,180,-410,LOWER,-410,-410,uniquely-best,false,false,0,True
corpus:nonchecking-clearance:lower,1,nonchecking-clearance,b1q4k/8/8/2N5/8/8/8/R3K3 b - - 0 1,1,1,c8c5,410,411,nonterminal,760,-350,-320,393,UPPER,393,410,below,false,false,-367,False
corpus:nonchecking-clearance:upper,0,nonchecking-clearance,b1q4k/8/8/2p5/N7/8/8/R3K3 w - - 0 1,0,0,a4c5,-410,-409,nonterminal,-410,0,181,-410,UPPER,-410,-410,uniquely-best,false,false,0,False
corpus:tactical:full,0,tactical,4k3/8/2p1p3/3q4/2P1P3/3Q4/8/4K3 w - - 0 1,0,0,d3d5,14,32769,nonterminal,1142,-1128,-975,413,EXACT,413,1072,below,false,false,-729,True
corpus:tactical:full,1,tactical,4k3/8/2p1p3/3Q4/2P1P3/8/8/4K3 b - - 0 1,1,1,c6d5,-1142,-14,nonterminal,34,-1176,-975,-413,EXACT,-413,-413,equal-best,false,false,-447,True
corpus:tactical:full,2,tactical,4k3/8/4p3/3p4/2P1P3/8/8/4K3 w - - 0 2,2,2,c4d5,14,1142,nonterminal,174,-160,-52,174,EXACT,174,413,below,false,false,0,True
corpus:tactical:full,3,tactical,4k3/8/4p3/3P4/4P3/8/8/4K3 b - - 0 2,3,3,e6d5,-174,-14,nonterminal,0,-174,-100,-413,UPPER,-413,-174,below,false,false,-413,False
corpus:tactical:full,4,tactical,4k3/8/8/3p4/4P3/8/8/4K3 w - - 0 3,4,4,e4d5,14,174,nonterminal,413,-399,-86,413,LOWER,413,413,uniquely-best,false,false,0,True
corpus:tactical:full,5,tactical,4k3/8/4p3/3p4/2P1P3/8/8/4K3 w - - 0 2,2,2,e4d5,174,1142,nonterminal,438,-264,108,413,EXACT,413,413,uniquely-best,false,false,-25,True
corpus:tactical:full,6,tactical,4k3/8/4p3/3P4/2P5/8/8/4K3 b - - 0 2,3,3,e6d5,-438,-174,nonterminal,9,-447,-100,-413,EXACT,-413,-413,uniquely-best,false,false,-422,True
corpus:tactical:full,7,tactical,4k3/8/8/3p4/2P5/8/8/4K3 w - - 0 3,4,4,c4d5,174,438,nonterminal,413,-239,83,413,EXACT,413,413,uniquely-best,false,false,0,True
corpus:tactical:full,8,tactical,4k3/8/2p1p3/3Q4/2P1P3/8/8/4K3 b - - 0 1,1,1,e6d5,-413,-14,nonterminal,34,-447,-246,-413,UPPER,-413,-413,equal-best,false,false,-447,False
corpus:tactical:full,9,tactical,4k3/8/2p5/3p4/2P1P3/8/8/4K3 w - - 0 2,2,2,c4d5,14,413,nonterminal,447,-433,-52,413,LOWER,413,413,uniquely-best,false,false,-34,True
corpus:tactical:full,10,tactical,4k3/8/2p5/3P4/4P3/8/8/4K3 b - - 0 2,3,3,c6d5,-413,-14,nonterminal,0,-413,-66,-413,UPPER,-413,-413,uniquely-best,false,false,-413,False
corpus:tactical:full,11,tactical,4k3/8/8/3p4/4P3/8/8/4K3 w - - 0 3,4,4,e4d5,14,413,nonterminal,413,-399,-86,413,LOWER,413,413,uniquely-best,false,false,0,True
corpus:tactical:full,12,tactical,4k3/8/2p1p3/3q4/2P1P3/3Q4/8/4K3 w - - 0 1,0,0,c4d5,413,32769,nonterminal,1115,-702,-576,1072,EXACT,1072,1072,equal-best,false,false,-43,True
corpus:tactical:full,13,tactical,4k3/8/2p1p3/3P4/4P3/3Q4/8/4K3 b - - 0 1,1,1,c6d5,-1115,-413,nonterminal,-912,-203,-100,-1072,EXACT,-1072,-1072,equal-best,false,false,-160,True
corpus:tactical:full,14,tactical,4k3/8/4p3/3p4/4P3/3Q4/8/4K3 w - - 0 2,2,2,e4d5,912,1115,nonterminal,1072,-160,-100,1072,EXACT,1072,1072,uniquely-best,false,false,0,True
corpus:tactical:full,15,tactical,4k3/8/4p3/3P4/8/3Q4/8/4K3 b - - 0 2,3,3,e6d5,-1072,-912,nonterminal,-675,-397,-100,-1187,UPPER,-1187,-1072,below,false,false,-512,False
corpus:tactical:full,16,tactical,4k3/8/8/3p4/8/3Q4/8/4K3 w - - 0 3,4,4,d3d5,912,1072,nonterminal,1187,-275,137,1187,LOWER,1187,1187,uniquely-best,false,false,0,True
corpus:tactical:full,17,tactical,4k3/8/4p3/3p4/4P3/3Q4/8/4K3 w - - 0 2,2,2,d3d5,1072,1115,nonterminal,1154,-82,60,413,UPPER,413,1072,below,false,false,-741,False
corpus:tactical:full,18,tactical,4k3/8/4p3/3Q4/4P3/8/8/4K3 b - - 0 2,3,3,e6d5,-1115,-1072,nonterminal,0,-1115,-936,-413,LOWER,-413,-413,uniquely-best,false,false,-413,True
corpus:tactical:full,19,tactical,4k3/8/8/3p4/4P3/8/8/4K3 w - - 0 3,4,4,e4d5,1072,1115,nonterminal,413,659,972,413,UPPER,413,413,uniquely-best,false,false,0,False
corpus:tactical:full,20,tactical,4k3/8/2p1p3/3P4/4P3/3Q4/8/4K3 b - - 0 1,1,1,e6d5,-1072,-413,nonterminal,-690,-382,-57,-1072,UPPER,-1072,-1072,equal-best,false,false,-382,False
corpus:tactical:full,21,tactical,4k3/8/2p5/3p4/4P3/3Q4/8/4K3 w - - 0 2,2,2,e4d5,690,1072,nonterminal,1072,-382,-100,1072,LOWER,1072,1072,uniquely-best,false,false,0,True
corpus:tactical:full,22,tactical,4k3/8/2p5/3P4/8/3Q4/8/4K3 b - - 0 2,3,3,c6d5,-1072,-690,nonterminal,-675,-397,-100,-1187,UPPER,-1187,-1072,below,false,false,-512,False
corpus:tactical:full,23,tactical,4k3/8/8/3p4/8/3Q4/8/4K3 w - - 0 3,4,4,d3d5,690,1072,nonterminal,1187,-497,-85,1187,LOWER,1187,1187,uniquely-best,false,false,0,True
corpus:tactical:full,24,tactical,4k3/8/2p1p3/3q4/2P1P3/3Q4/8/4K3 w - - 0 1,0,0,e4d5,1072,32769,nonterminal,1108,-36,83,1072,UPPER,1072,1072,equal-best,false,false,-36,False
corpus:tactical:full,25,tactical,4k3/8/2p1p3/3P4/2P5/3Q4/8/4K3 b - - 0 1,1,1,c6d5,-1108,-1072,nonterminal,-682,-426,-100,-1072,LOWER,-1072,-1072,equal-best,false,false,-390,True
corpus:tactical:full,26,tactical,4k3/8/4p3/3p4/2P5/3Q4/8/4K3 w - - 0 2,2,2,c4d5,1072,1108,nonterminal,1072,0,290,1072,UPPER,1072,1072,uniquely-best,false,false,0,False
corpus:tactical:full,27,tactical,4k3/8/4p3/3p4/2P5/3Q4/8/4K3 w - - 0 2,2,2,d3d5,1072,1108,nonterminal,1074,-2,290,413,UPPER,413,1072,below,false,false,-661,False
corpus:tactical:full,28,tactical,4k3/8/4p3/3Q4/2P5/8/8/4K3 b - - 0 2,3,3,e6d5,-1074,-1072,nonterminal,9,-1083,-975,-413,LOWER,-413,-413,uniquely-best,false,false,-422,True
corpus:tactical:full,29,tactical,4k3/8/8/3p4/2P5/8/8/4K3 w - - 0 3,4,4,c4d5,1072,1074,nonterminal,413,659,981,413,UPPER,413,413,uniquely-best,false,false,0,False
corpus:tactical:lower,0,tactical,4k3/8/2p1p3/3q4/2P1P3/3Q4/8/4K3 w - - 0 1,0,0,d3d5,1071,1072,nonterminal,1142,-71,82,438,UPPER,413,1072,below,false,false,-729,False
corpus:tactical:lower,1,tactical,4k3/8/2p1p3/3Q4/2P1P3/8/8/4K3 b - - 0 1,1,1,c6d5,-1072,-1071,nonterminal,34,-1106,-905,-438,LOWER,-413,-413,equal-best,false,false,-447,True
corpus:tactical:lower,2,tactical,4k3/8/4p3/3p4/2P1P3/8/8/4K3 w - - 0 2,2,2,c4d5,1071,1072,nonterminal,174,897,1005,174,UPPER,174,413,below,false,false,0,False
corpus:tactical:lower,3,tactical,4k3/8/4p3/3p4/2P1P3/8/8/4K3 w - - 0 2,2,2,e4d5,1071,1072,nonterminal,438,633,1005,438,UPPER,413,413,uniquely-best,false,false,-25,False
corpus:tactical:lower,4,tactical,4k3/8/2p1p3/3q4/2P1P3/3Q4/8/4K3 w - - 0 1,0,0,c4d5,1071,1072,nonterminal,1115,-44,82,1072,LOWER,1072,1072,equal-best,false,false,-43,True
corpus:tactical:lower,5,tactical,4k3/8/2p1p3/3P4/4P3/3Q4/8/4K3 b - - 0 1,1,1,c6d5,-1072,-1071,nonterminal,-912,-160,-57,-1072,UPPER,-1072,-1072,equal-best,false,false,-160,False
corpus:tactical:lower,6,tactical,4k3/8/4p3/3p4/4P3/3Q4/8/4K3 w - - 0 2,2,2,e4d5,1071,1072,nonterminal,1072,-1,59,1072,LOWER,1072,1072,uniquely-best,false,false,0,True
corpus:tactical:lower,7,tactical,4k3/8/4p3/3P4/8/3Q4/8/4K3 b - - 0 2,3,3,e6d5,-1072,-1071,nonterminal,-675,-397,-100,-1187,UPPER,-1187,-1072,below,false,false,-512,False
corpus:tactical:lower,8,tactical,4k3/8/8/3p4/8/3Q4/8/4K3 w - - 0 3,4,4,d3d5,1071,1072,nonterminal,1187,-116,296,1187,LOWER,1187,1187,uniquely-best,false,false,0,True
corpus:tactical:lower,9,tactical,4k3/8/2p1p3/3P4/4P3/3Q4/8/4K3 b - - 0 1,1,1,e6d5,-1072,-1071,nonterminal,-690,-382,-57,-1072,UPPER,-1072,-1072,equal-best,false,false,-382,False
corpus:tactical:lower,10,tactical,4k3/8/2p5/3p4/4P3/3Q4/8/4K3 w - - 0 2,2,2,e4d5,1071,1072,nonterminal,1072,-1,281,1072,LOWER,1072,1072,uniquely-best,false,false,0,True
corpus:tactical:lower,11,tactical,4k3/8/2p5/3P4/8/3Q4/8/4K3 b - - 0 2,3,3,c6d5,-1072,-1071,nonterminal,-675,-397,-100,-1187,UPPER,-1187,-1072,below,false,false,-512,False
corpus:tactical:lower,12,tactical,4k3/8/8/3p4/8/3Q4/8/4K3 w - - 0 3,4,4,d3d5,1071,1072,nonterminal,1187,-116,296,1187,LOWER,1187,1187,uniquely-best,false,false,0,True
corpus:tactical:upper,0,tactical,4k3/8/2p1p3/3q4/2P1P3/3Q4/8/4K3 w - - 0 1,0,0,d3d5,1072,1073,nonterminal,1142,-70,83,438,UPPER,413,1072,below,false,false,-729,False
corpus:tactical:upper,1,tactical,4k3/8/2p1p3/3Q4/2P1P3/8/8/4K3 b - - 0 1,1,1,c6d5,-1073,-1072,nonterminal,34,-1107,-906,-438,LOWER,-413,-413,equal-best,false,false,-447,True
corpus:tactical:upper,2,tactical,4k3/8/4p3/3p4/2P1P3/8/8/4K3 w - - 0 2,2,2,c4d5,1072,1073,nonterminal,174,898,1006,174,UPPER,174,413,below,false,false,0,False
corpus:tactical:upper,3,tactical,4k3/8/4p3/3p4/2P1P3/8/8/4K3 w - - 0 2,2,2,e4d5,1072,1073,nonterminal,438,634,1006,438,UPPER,413,413,uniquely-best,false,false,-25,False
corpus:tactical:upper,4,tactical,4k3/8/2p1p3/3q4/2P1P3/3Q4/8/4K3 w - - 0 1,0,0,c4d5,1072,1073,nonterminal,1115,-43,83,1072,UPPER,1072,1072,equal-best,false,false,-43,False
corpus:tactical:upper,5,tactical,4k3/8/2p1p3/3P4/4P3/3Q4/8/4K3 b - - 0 1,1,1,c6d5,-1073,-1072,nonterminal,-912,-161,-58,-1072,LOWER,-1072,-1072,equal-best,false,false,-160,True
corpus:tactical:upper,6,tactical,4k3/8/4p3/3p4/4P3/3Q4/8/4K3 w - - 0 2,2,2,e4d5,1072,1073,nonterminal,1072,0,60,1072,UPPER,1072,1072,uniquely-best,false,false,0,False
corpus:tactical:upper,7,tactical,4k3/8/4p3/3p4/4P3/3Q4/8/4K3 w - - 0 2,2,2,d3d5,1072,1073,nonterminal,1154,-82,60,413,UPPER,413,1072,below,false,false,-741,False
corpus:tactical:upper,8,tactical,4k3/8/4p3/3Q4/4P3/8/8/4K3 b - - 0 2,3,3,e6d5,-1073,-1072,nonterminal,0,-1073,-894,-413,LOWER,-413,-413,uniquely-best,false,false,-413,True
corpus:tactical:upper,9,tactical,4k3/8/8/3p4/4P3/8/8/4K3 w - - 0 3,4,4,e4d5,1072,1073,nonterminal,413,659,972,413,UPPER,413,413,uniquely-best,false,false,0,False
corpus:tactical:upper,10,tactical,4k3/8/2p1p3/3q4/2P1P3/3Q4/8/4K3 w - - 0 1,0,0,e4d5,1072,1073,nonterminal,1108,-36,83,1072,UPPER,1072,1072,equal-best,false,false,-36,False
corpus:tactical:upper,11,tactical,4k3/8/2p1p3/3P4/2P5/3Q4/8/4K3 b - - 0 1,1,1,c6d5,-1073,-1072,nonterminal,-682,-391,-65,-1072,LOWER,-1072,-1072,equal-best,false,false,-390,True
corpus:tactical:upper,12,tactical,4k3/8/4p3/3p4/2P5/3Q4/8/4K3 w - - 0 2,2,2,c4d5,1072,1073,nonterminal,1072,0,290,1072,UPPER,1072,1072,uniquely-best,false,false,0,False
corpus:tactical:upper,13,tactical,4k3/8/4p3/3p4/2P5/3Q4/8/4K3 w - - 0 2,2,2,d3d5,1072,1073,nonterminal,1074,-2,290,413,UPPER,413,1072,below,false,false,-661,False
corpus:tactical:upper,14,tactical,4k3/8/4p3/3Q4/2P5/8/8/4K3 b - - 0 2,3,3,e6d5,-1073,-1072,nonterminal,9,-1082,-974,-413,LOWER,-413,-413,uniquely-best,false,false,-422,True
corpus:tactical:upper,15,tactical,4k3/8/8/3p4/2P5/8/8/4K3 w - - 0 3,4,4,c4d5,1072,1073,nonterminal,413,659,981,413,UPPER,413,413,uniquely-best,false,false,0,False
corpus:mate-five:full,0,mate-five,6k1/5pBp/4Q3/8/8/7R/8/4K2R w - - 1 2,2,2,h3h7,2401,32763,nonterminal,2724,-323,-100,1489,UPPER,1489,2401,below,false,false,-1235,False
corpus:mate-five:full,1,mate-five,6k1/5pBR/4Q3/8/8/8/8/4K2R b - - 0 2,3,3,f7e6,-2724,-2401,nonterminal,-1489,-1235,-975,-1489,LOWER,-1489,-1489,uniquely-best,false,false,0,True
corpus:mate-five:full,2,mate-five,8/5kBp/8/8/8/7R/8/4K2R w - - 0 3,4,4,h3h7,2401,32763,nonterminal,1765,636,799,1765,UPPER,1765,1765,uniquely-best,false,false,0,False
corpus:mate-five:full,3,mate-five,7k/5prp/4QB2/8/8/7R/8/4K2R w - - 0 1,0,0,e6f7,2401,32769,nonterminal,1908,493,674,1908,UPPER,1908,32763,below,false,false,0,False
corpus:mate-five:full,4,mate-five,6k1/5prR/4QB2/8/8/8/8/4K2R w - - 1 2,2,2,f6g7,32763,32769,nonterminal,2724,30039,30329,2724,UPPER,1489,32763,below,false,false,-1235,False
corpus:mate-five:full,5,mate-five,8/5krR/5B2/8/8/8/8/4K2R w - - 0 3,4,4,f6g7,32763,32769,nonterminal,1765,30998,31157,1765,UPPER,1765,1765,uniquely-best,false,false,0,False
corpus:mate-five:lower,0,mate-five,6k1/5pBp/4Q3/8/8/7R/8/4K2R w - - 1 2,2,2,h3h7,32762,32763,nonterminal,2724,30038,30261,2724,UPPER,1489,2401,below,false,false,-1235,False
corpus:mate-five:lower,1,mate-five,8/5kBp/8/8/8/7R/8/4K2R w - - 0 3,4,4,h3h7,32762,32763,nonterminal,1765,30997,31160,1765,UPPER,1765,1765,uniquely-best,false,false,0,False
corpus:mate-five:lower,2,mate-five,7k/5prp/4QB2/8/8/7R/8/4K2R w - - 0 1,0,0,e6f7,32762,32763,nonterminal,1908,30854,31035,1908,UPPER,1908,32763,below,false,false,0,False
corpus:mate-five:upper,0,mate-five,7k/5prp/4QB2/8/8/7R/8/4K2R w - - 0 1,0,0,e6f7,32763,32764,nonterminal,1908,30855,31036,1908,UPPER,1908,32763,below,false,false,0,False
corpus:mate-five:upper,1,mate-five,6k1/5prR/4QB2/8/8/8/8/4K2R w - - 1 2,2,2,f6g7,32763,32764,nonterminal,2724,30039,30329,2724,UPPER,1489,32763,below,false,false,-1235,False
corpus:mate-five:upper,2,mate-five,8/5krR/5B2/8/8/8/8/4K2R w - - 0 3,4,4,f6g7,32763,32764,nonterminal,1765,30998,31157,1765,UPPER,1765,1765,uniquely-best,false,false,0,False
corpus:draw-five:full,0,draw-five,7k/2b4n/1p6/q7/2K5/Q7/8/R7 b - - 1 1,1,1,a5a3,312,32769,nonterminal,1344,-1032,-975,152,UPPER,152,312,below,false,false,-1192,False
corpus:draw-five:full,1,draw-five,7k/2b4n/1p6/8/2K5/q7/8/R7 w - - 0 2,2,2,a1a3,-1344,-312,nonterminal,-152,-1192,-975,-152,LOWER,-152,-152,uniquely-best,false,false,0,True
corpus:draw-five:full,2,draw-five,7k/2b4n/1pK5/q7/8/Q7/8/R7 b - - 1 1,1,1,a5a3,277,312,nonterminal,1228,-951,-975,171,UPPER,171,277,below,false,false,-1057,False
corpus:draw-five:full,3,draw-five,7k/2b4n/1pK5/8/8/q7/8/R7 w - - 0 2,2,2,a1a3,-312,-277,nonterminal,-171,-141,-59,-171,LOWER,-171,-171,uniquely-best,false,false,0,True
corpus:draw-five:full,4,draw-five,7k/2b4n/1p6/QK6/8/8/8/R7 b - - 0 1,1,1,b6a5,-805,277,nonterminal,232,-1037,-975,0,EXACT,0,0,uniquely-best,true,false,-232,True
corpus:draw-five:full,5,draw-five,7k/2b4n/8/pK6/8/8/8/R7 w - - 0 2,2,2,a1a5,-232,805,nonterminal,34,-266,-100,0,EXACT,0,0,uniquely-best,true,false,-34,True
corpus:draw-five:full,6,draw-five,7k/2b4n/8/RK6/8/8/8/8 b - - 0 2,3,3,c7a5,-34,232,nonterminal,605,-639,-500,0,EXACT,0,0,uniquely-best,true,false,-605,True
corpus:draw-five:full,7,draw-five,7k/7n/8/bK6/8/8/8/8 w - - 0 3,4,4,b5a5,-232,34,insufficient,,,43,0,EXACT,0,0,uniquely-best,true,false,,True
corpus:draw-five:lower,0,draw-five,7k/2b4n/1p6/QK6/8/8/8/R7 b - - 0 1,1,1,b6a5,0,1,nonterminal,232,-232,-170,0,UPPER,0,0,uniquely-best,true,false,-232,False
corpus:draw-five:lower,1,draw-five,7k/2b4n/8/pK6/8/8/8/R7 w - - 0 2,2,2,a1a5,-1,0,nonterminal,34,-35,131,0,LOWER,0,0,uniquely-best,true,false,-34,True
corpus:draw-five:lower,2,draw-five,7k/2b4n/8/RK6/8/8/8/8 b - - 0 2,3,3,c7a5,0,1,nonterminal,605,-605,-466,0,UPPER,0,0,uniquely-best,true,false,-605,False
corpus:draw-five:lower,3,draw-five,7k/7n/8/bK6/8/8/8/8 w - - 0 3,4,4,b5a5,-1,0,insufficient,,,274,0,LOWER,0,0,uniquely-best,true,false,,True
corpus:draw-five:upper,0,draw-five,7k/2b4n/1p6/QK6/8/8/8/R7 b - - 0 1,1,1,b6a5,-1,0,nonterminal,232,-233,-171,0,LOWER,0,0,uniquely-best,true,false,-232,True
corpus:draw-five:upper,1,draw-five,7k/2b4n/8/pK6/8/8/8/R7 w - - 0 2,2,2,a1a5,0,1,nonterminal,34,-34,132,0,UPPER,0,0,uniquely-best,true,false,-34,False
corpus:draw-five:upper,2,draw-five,7k/2b4n/8/RK6/8/8/8/8 b - - 0 2,3,3,c7a5,-1,0,nonterminal,605,-606,-467,0,LOWER,0,0,uniquely-best,true,false,-605,True
corpus:draw-five:upper,3,draw-five,7k/7n/8/bK6/8/8/8/8 w - - 0 3,4,4,b5a5,0,1,insufficient,,,275,0,UPPER,0,0,uniquely-best,true,false,,False
corpus:first-after-capture-mate:full,0,first-after-capture-mate,6rk/6pp/7N/8/8/8/8/4K3 w - - 0 2,1,1,h6g8,-952,32769,nonterminal,-294,-658,-500,-546,EXACT,-546,-546,uniquely-best,false,false,-252,True
corpus:first-after-capture-mate:full,1,first-after-capture-mate,6Nk/6pp/8/8/8/8/8/4K3 b - - 0 2,2,2,h8g8,294,952,nonterminal,546,-252,-320,546,EXACT,546,546,uniquely-best,false,false,0,True
corpus:first-after-capture-mate:lower,0,first-after-capture-mate,6rk/6pp/7N/8/8/8/8/4K3 w - - 0 2,1,1,h6g8,-546,-545,nonterminal,-294,-252,-94,-546,UPPER,-546,-546,uniquely-best,false,false,-252,False
corpus:first-after-capture-mate:lower,1,first-after-capture-mate,6Nk/6pp/8/8/8/8/8/4K3 b - - 0 2,2,2,h8g8,545,546,nonterminal,546,-1,-69,546,LOWER,546,546,uniquely-best,false,false,0,True
corpus:first-after-capture-mate:upper,0,first-after-capture-mate,6rk/6pp/7N/8/8/8/8/4K3 w - - 0 2,1,1,h6g8,-547,-546,nonterminal,-294,-253,-95,-546,LOWER,-546,-546,uniquely-best,false,false,-252,True
corpus:first-after-capture-mate:upper,1,first-after-capture-mate,6Nk/6pp/8/8/8/8/8/4K3 b - - 0 2,2,2,h8g8,546,547,nonterminal,546,0,-68,546,UPPER,546,546,uniquely-best,false,false,0,False
corpus:capture-allows-queen-fork:full,0,capture-allows-queen-fork,4k3/8/8/8/5n2/1r6/P4Q2/4K3 w - - 0 1,0,0,a2b3,200,32769,nonterminal,944,-744,-500,944,EXACT,944,944,uniquely-best,false,false,0,True
corpus:capture-allows-queen-fork:full,1,capture-allows-queen-fork,4k3/8/8/8/5n2/1r6/P4Q2/4K3 w - - 0 1,0,0,f2f4,944,32769,nonterminal,593,351,424,593,UPPER,593,944,below,false,false,0,False
corpus:capture-allows-queen-fork:lower,0,capture-allows-queen-fork,4k3/8/8/8/5n2/1r6/P4Q2/4K3 w - - 0 1,0,0,a2b3,943,944,nonterminal,944,-1,243,944,LOWER,944,944,uniquely-best,false,false,0,True
corpus:capture-allows-queen-fork:upper,0,capture-allows-queen-fork,4k3/8/8/8/5n2/1r6/P4Q2/4K3 w - - 0 1,0,0,a2b3,944,945,nonterminal,944,0,244,944,UPPER,944,944,uniquely-best,false,false,0,False
corpus:capture-allows-queen-fork:upper,1,capture-allows-queen-fork,4k3/8/8/8/5n2/1r6/P4Q2/4K3 w - - 0 1,0,0,f2f4,944,945,nonterminal,593,351,424,593,UPPER,593,944,below,false,false,0,False
corpus:deeper-two-reply-fork:full,0,deeper-two-reply-fork,4k3/8/8/8/5n2/1rp5/P4Qp1/4K3 w - - 0 1,0,0,a2b3,-665,32769,nonterminal,41,-706,-500,41,EXACT,41,41,uniquely-best,false,false,0,True
corpus:deeper-two-reply-fork:full,1,deeper-two-reply-fork,4k3/8/8/8/5n2/1rp5/P4Qp1/4K3 w - - 0 1,0,0,f2f4,41,32769,nonterminal,-261,302,386,-261,UPPER,-944,41,below,false,false,-683,False
corpus:deeper-two-reply-fork:full,2,deeper-two-reply-fork,4k3/8/8/8/5n2/1rp5/P4Qp1/4K3 w - - 0 1,0,0,f2g2,41,32769,nonterminal,-182,223,606,-182,UPPER,-1195,41,below,false,false,-1013,False
corpus:deeper-two-reply-fork:lower,0,deeper-two-reply-fork,4k3/8/8/8/5n2/1rp5/P4Qp1/4K3 w - - 0 1,0,0,a2b3,40,41,nonterminal,41,-1,205,41,LOWER,41,41,uniquely-best,false,false,0,True
corpus:deeper-two-reply-fork:upper,0,deeper-two-reply-fork,4k3/8/8/8/5n2/1rp5/P4Qp1/4K3 w - - 0 1,0,0,a2b3,41,42,nonterminal,41,0,206,41,UPPER,41,41,uniquely-best,false,false,0,False
corpus:deeper-two-reply-fork:upper,1,deeper-two-reply-fork,4k3/8/8/8/5n2/1rp5/P4Qp1/4K3 w - - 0 1,0,0,f2f4,41,42,nonterminal,-261,302,386,-261,UPPER,-944,41,below,false,false,-683,False
corpus:deeper-two-reply-fork:upper,2,deeper-two-reply-fork,4k3/8/8/8/5n2/1rp5/P4Qp1/4K3 w - - 0 1,0,0,f2g2,41,42,nonterminal,-182,223,606,-182,UPPER,-1195,41,below,false,false,-1013,False
corpus:deeper-one-reply-fork:full,0,deeper-one-reply-fork,4k3/8/8/8/5n2/1rp2p2/P4Qp1/4K3 w - - 0 1,0,0,a2b3,-1138,32769,nonterminal,-436,-702,-500,-436,EXACT,-436,-436,uniquely-best,false,false,0,True
corpus:deeper-one-reply-fork:full,1,deeper-one-reply-fork,4k3/8/8/8/5n2/1rp2p2/P4Qp1/4K3 w - - 0 1,0,0,f2f3,-436,32769,nonterminal,-652,216,602,-652,UPPER,-1623,-436,below,false,false,-971,False
corpus:deeper-one-reply-fork:full,2,deeper-one-reply-fork,4k3/8/8/8/5n2/1rp2p2/P4Qp1/4K3 w - - 0 1,0,0,f2g2,-436,32769,nonterminal,-631,195,602,-631,UPPER,-2056,-436,below,false,false,-1425,False
corpus:deeper-one-reply-fork:lower,0,deeper-one-reply-fork,4k3/8/8/8/5n2/1rp2p2/P4Qp1/4K3 w - - 0 1,0,0,a2b3,-437,-436,nonterminal,-436,-1,201,-436,LOWER,-436,-436,uniquely-best,false,false,0,True
corpus:deeper-one-reply-fork:upper,0,deeper-one-reply-fork,4k3/8/8/8/5n2/1rp2p2/P4Qp1/4K3 w - - 0 1,0,0,a2b3,-436,-435,nonterminal,-436,0,202,-436,UPPER,-436,-436,uniquely-best,false,false,0,False
corpus:deeper-one-reply-fork:upper,1,deeper-one-reply-fork,4k3/8/8/8/5n2/1rp2p2/P4Qp1/4K3 w - - 0 1,0,0,f2f3,-436,-435,nonterminal,-652,216,602,-652,UPPER,-1623,-436,below,false,false,-971,False
corpus:deeper-one-reply-fork:upper,2,deeper-one-reply-fork,4k3/8/8/8/5n2/1rp2p2/P4Qp1/4K3 w - - 0 1,0,0,f2g2,-436,-435,nonterminal,-631,195,602,-631,UPPER,-2056,-436,below,false,false,-1425,False
corpus:nonchecking-capture-dead-draw:full,0,nonchecking-capture-dead-draw,4k3/8/8/8/8/8/3r4/4K3 w - - 0 1,0,0,e1d2,-781,32769,insufficient,,,-500,0,EXACT,0,0,uniquely-best,true,false,,True
corpus:nonchecking-capture-dead-draw:lower,0,nonchecking-capture-dead-draw,4k3/8/8/8/8/8/3r4/4K3 w - - 0 1,0,0,e1d2,-1,0,insufficient,,,280,0,LOWER,0,0,uniquely-best,true,false,,True
corpus:nonchecking-capture-dead-draw:upper,0,nonchecking-capture-dead-draw,4k3/8/8/8/8/8/3r4/4K3 w - - 0 1,0,0,e1d2,0,1,insufficient,,,281,0,UPPER,0,0,uniquely-best,true,false,,False
corpus:capture-to-stalemate:full,0,capture-to-stalemate,k7/8/1p2Q3/4K3/8/8/8/8 w - - 0 1,0,0,e6b6,789,32769,stalemate,,,-100,0,UPPER,0,789,below,false,false,,False
corpus:capture-to-stalemate:upper,0,capture-to-stalemate,k7/8/1p2Q3/4K3/8/8/8/8 w - - 0 1,0,0,e6b6,789,790,stalemate,,,-100,0,UPPER,0,789,below,false,false,,False
