position,fen,mode,requested_depth,completed_depth,completed,best_move,score,pv,normal_nodes,qnodes,total_nodes,max_qply,median_ms,nps,warmups,repetitions,node_limit
"start","rnbqkbnr/pppppppp/8/8/8/8/PPPPPPPP/RNBQKBNR w KQkq - 0 1","CONTROL","2","2","true","e2e4","0","e2e4 e7e5","128","0","128","0","0.082","1560975","12","7","1000000"
"start","rnbqkbnr/pppppppp/8/8/8/8/PPPPPPPP/RNBQKBNR w KQkq - 0 1","QSEARCH_BASELINE","2","2","true","g1f3","0","g1f3 b8c6","21","98","119","2","0.088","1352272","12","7","1000000"
"start","rnbqkbnr/pppppppp/8/8/8/8/PPPPPPPP/RNBQKBNR w KQkq - 0 1","SEE_ALL","2","2","true","g1f3","0","g1f3 b8c6","21","94","115","1","0.078","1472471","12","7","1000000"
"start","rnbqkbnr/pppppppp/8/8/8/8/PPPPPPPP/RNBQKBNR w KQkq - 0 1","SEE_PROMO_SAFE","2","2","true","g1f3","0","g1f3 b8c6","21","94","115","1","0.084","1372315","12","7","1000000"
"start","rnbqkbnr/pppppppp/8/8/8/8/PPPPPPPP/RNBQKBNR w KQkq - 0 1","SEE_CHECK_PROMO_SAFE","2","2","true","g1f3","0","g1f3 b8c6","21","94","115","1","0.094","1218220","12","7","1000000"
"kiwipete","r3k2r/p1ppqpb1/bn2pnp1/3PN3/1p2P3/2N2Q1p/PPPBBPPP/R3K2R w KQkq - 0 1","CONTROL","2","2","true","e2a6","-12","e2a6 h3g2","214","0","214","0","0.139","1535150","12","7","1000000"
"kiwipete","r3k2r/p1ppqpb1/bn2pnp1/3PN3/1p2P3/2N2Q1p/PPPBBPPP/R3K2R w KQkq - 0 1","QSEARCH_BASELINE","2","2","true","e2a6","61","e2a6 h3g2 f3g2 b4c3 d2c3 e6d5 e5g6 f7g6 g2g6 e7f7","49","18871","18920","23","9.816","1927524","12","7","1000000"
"kiwipete","r3k2r/p1ppqpb1/bn2pnp1/3PN3/1p2P3/2N2Q1p/PPPBBPPP/R3K2R w KQkq - 0 1","SEE_ALL","2","2","true","d5e6","61","d5e6 e7e6","49","4282","4331","19","2.385","1816161","12","7","1000000"
"kiwipete","r3k2r/p1ppqpb1/bn2pnp1/3PN3/1p2P3/2N2Q1p/PPPBBPPP/R3K2R w KQkq - 0 1","SEE_PROMO_SAFE","2","2","true","d5e6","61","d5e6 e7e6","49","5958","6007","20","3.179","1889766","12","7","1000000"
"kiwipete","r3k2r/p1ppqpb1/bn2pnp1/3PN3/1p2P3/2N2Q1p/PPPBBPPP/R3K2R w KQkq - 0 1","SEE_CHECK_PROMO_SAFE","2","2","true","d5e6","61","d5e6 e7e6","49","10460","10509","23","5.369","1957493","12","7","1000000"
"endgame","8/2p5/3p4/KP5r/1R3p1k/8/4P1P1/8 w - - 0 1","CONTROL","2","2","true","b4f4","165","b4f4 h4g3","30","0","30","0","0.011","2857142","12","7","1000000"
"endgame","8/2p5/3p4/KP5r/1R3p1k/8/4P1P1/8 w - - 0 1","QSEARCH_BASELINE","2","2","true","b4f4","165","b4f4 h4g3","15","100","115","4","0.044","2625570","12","7","1000000"
"endgame","8/2p5/3p4/KP5r/1R3p1k/8/4P1P1/8 w - - 0 1","SEE_ALL","2","2","true","b4f4","165","b4f4 h4g3","15","86","101","4","0.038","2650918","12","7","1000000"
"endgame","8/2p5/3p4/KP5r/1R3p1k/8/4P1P1/8 w - - 0 1","SEE_PROMO_SAFE","2","2","true","b4f4","165","b4f4 h4g3","15","86","101","4","0.038","2664907","12","7","1000000"
"endgame","8/2p5/3p4/KP5r/1R3p1k/8/4P1P1/8 w - - 0 1","SEE_CHECK_PROMO_SAFE","2","2","true","b4f4","165","b4f4 h4g3","15","93","108","4","0.042","2583732","12","7","1000000"
"tactical","4k3/8/2p1p3/3q4/2P1P3/3Q4/8/4K3 w - - 0 1","CONTROL","2","2","true","c4d5","690","c4d5 e6d5","63","0","63","0","0.020","3230769","12","7","1000000"
"tactical","4k3/8/2p1p3/3q4/2P1P3/3Q4/8/4K3 w - - 0 1","QSEARCH_BASELINE","2","2","true","c4d5","1072","c4d5 c6d5 e4d5","25","87","112","3","0.034","3294117","12","7","1000000"
"tactical","4k3/8/2p1p3/3q4/2P1P3/3Q4/8/4K3 w - - 0 1","SEE_ALL","2","2","true","c4d5","1072","c4d5 c6d5 e4d5","25","77","102","3","0.031","3300970","12","7","1000000"
"tactical","4k3/8/2p1p3/3q4/2P1P3/3Q4/8/4K3 w - - 0 1","SEE_PROMO_SAFE","2","2","true","c4d5","1072","c4d5 c6d5 e4d5","25","77","102","3","0.031","3279742","12","7","1000000"
"tactical","4k3/8/2p1p3/3q4/2P1P3/3Q4/8/4K3 w - - 0 1","SEE_CHECK_PROMO_SAFE","2","2","true","c4d5","1072","c4d5 c6d5 e4d5","25","80","105","3","0.032","3291536","12","7","1000000"
"evasion","r3k2r/Pppp1ppp/1b3nbN/nP6/BBP1P3/q4N2/Pp1P2PP/R2Q1RK1 w kq - 0 1","CONTROL","2","2","true","d2d4","-1011","d2d4 b2a1q","138","0","138","0","0.112","1237668","12","7","1000000"
"evasion","r3k2r/Pppp1ppp/1b3nbN/nP6/BBP1P3/q4N2/Pp1P2PP/R2Q1RK1 w kq - 0 1","QSEARCH_BASELINE","2","2","true","g1h1","-410","g1h1 b2a1q d1a1 a3b4","7","18326","18333","28","9.293","1972817","12","7","1000000"
"evasion","r3k2r/Pppp1ppp/1b3nbN/nP6/BBP1P3/q4N2/Pp1P2PP/R2Q1RK1 w kq - 0 1","SEE_ALL","2","2","true","g1h1","-410","g1h1 b2a1q d1a1 a3b4","7","3030","3037","14","1.747","1738707","12","7","1000000"
"evasion","r3k2r/Pppp1ppp/1b3nbN/nP6/BBP1P3/q4N2/Pp1P2PP/R2Q1RK1 w kq - 0 1","SEE_PROMO_SAFE","2","2","true","g1h1","-410","g1h1 b2a1q d1a1 a3b4","7","3624","3631","16","2.048","1773035","12","7","1000000"
"evasion","r3k2r/Pppp1ppp/1b3nbN/nP6/BBP1P3/q4N2/Pp1P2PP/R2Q1RK1 w kq - 0 1","SEE_CHECK_PROMO_SAFE","2","2","true","g1h1","-410","g1h1 b2a1q d1a1 a3b4","7","6861","6868","23","3.846","1785797","12","7","1000000"
"middlegame","r4rk1/1pp1qppp/p1np1n2/2b1p1B1/2B1P1b1/P1NP1N2/1PP1QPPP/R4RK1 w - - 0 10","CONTROL","2","2","true","g5f6","-6","g5f6 e7f6","185","0","185","0","0.111","1669675","12","7","1000000"
"middlegame","r4rk1/1pp1qppp/p1np1n2/2b1p1B1/2B1P1b1/P1NP1N2/1PP1QPPP/R4RK1 w - - 0 10","QSEARCH_BASELINE","2","2","true","c3d5","111","c3d5 e7d8 g5f6 g7f6","47","13957","14004","19","7.220","1939692","12","7","1000000"
"middlegame","r4rk1/1pp1qppp/p1np1n2/2b1p1B1/2B1P1b1/P1NP1N2/1PP1QPPP/R4RK1 w - - 0 10","SEE_ALL","2","2","true","c3d5","84","c3d5 e7d8 d5f6 g7f6","47","652","699","9","0.410","1706542","12","7","1000000"
"middlegame","r4rk1/1pp1qppp/p1np1n2/2b1p1B1/2B1P1b1/P1NP1N2/1PP1QPPP/R4RK1 w - - 0 10","SEE_PROMO_SAFE","2","2","true","c3d5","84","c3d5 e7d8 d5f6 g7f6","47","652","699","9","0.406","1721674","12","7","1000000"
"middlegame","r4rk1/1pp1qppp/p1np1n2/2b1p1B1/2B1P1b1/P1NP1N2/1PP1QPPP/R4RK1 w - - 0 10","SEE_CHECK_PROMO_SAFE","2","2","true","c3d5","84","c3d5 e7d8 d5f6 g7f6","47","6355","6402","19","3.091","2071174","12","7","1000000"
"transposition-pawns","4k3/pp6/8/8/8/8/PP6/4K3 w - - 0 1","CONTROL","2","2","true","e1d2","0","e1d2 e8d7","35","0","35","0","0.009","3888888","12","7","1000000"
"transposition-pawns","4k3/pp6/8/8/8/8/PP6/4K3 w - - 0 1","QSEARCH_BASELINE","2","2","true","e1d2","0","e1d2 e8d7","10","25","35","0","0.010","3500000","12","7","1000000"
"transposition-pawns","4k3/pp6/8/8/8/8/PP6/4K3 w - - 0 1","SEE_ALL","2","2","true","e1d2","0","e1d2 e8d7","10","25","35","0","0.010","3535353","12","7","1000000"
"transposition-pawns","4k3/pp6/8/8/8/8/PP6/4K3 w - - 0 1","SEE_PROMO_SAFE","2","2","true","e1d2","0","e1d2 e8d7","10","25","35","0","0.010","3500000","12","7","1000000"
"transposition-pawns","4k3/pp6/8/8/8/8/PP6/4K3 w - - 0 1","SEE_CHECK_PROMO_SAFE","2","2","true","e1d2","0","e1d2 e8d7","10","25","35","0","0.010","3500000","12","7","1000000"
"start","rnbqkbnr/pppppppp/8/8/8/8/PPPPPPPP/RNBQKBNR w KQkq - 0 1","CONTROL","3","3","true","d2d4","42","d2d4 b8c6 e2e4","992","0","992","0","0.520","1908793","12","7","1000000"
"start","rnbqkbnr/pppppppp/8/8/8/8/PPPPPPPP/RNBQKBNR w KQkq - 0 1","QSEARCH_BASELINE","3","3","true","b1c3","38","b1c3 d7d5 g1f3","96","978","1074","6","0.588","1827462","12","7","1000000"
"start","rnbqkbnr/pppppppp/8/8/8/8/PPPPPPPP/RNBQKBNR w KQkq - 0 1","SEE_ALL","3","3","true","b1c3","38","b1c3 d7d5 g1f3","96","913","1009","5","0.564","1788372","12","7","1000000"
"start","rnbqkbnr/pppppppp/8/8/8/8/PPPPPPPP/RNBQKBNR w KQkq - 0 1","SEE_PROMO_SAFE","3","3","true","b1c3","38","b1c3 d7d5 g1f3","96","913","1009","5","0.542","1860593","12","7","1000000"
"start","rnbqkbnr/pppppppp/8/8/8/8/PPPPPPPP/RNBQKBNR w KQkq - 0 1","SEE_CHECK_PROMO_SAFE","3","3","true","b1c3","38","b1c3 d7d5 g1f3","96","913","1009","5","0.533","1894835","12","7","1000000"
"kiwipete","r3k2r/p1ppqpb1/bn2pnp1/3PN3/1p2P3/2N2Q1p/PPPBBPPP/R3K2R w KQkq - 0 1","CONTROL","3","3","true","e2a6","393","e2a6 h3g2 f3f6","2707","0","2707","0","1.803","1501636","12","7","1000000"
"kiwipete","r3k2r/p1ppqpb1/bn2pnp1/3PN3/1p2P3/2N2Q1p/PPPBBPPP/R3K2R w KQkq - 0 1","QSEARCH_BASELINE","3","3","true","e2a6","32","e2a6 e6d5 c3d5 e7e5","175","108106","108281","26","54.371","1991539","12","7","1000000"
"kiwipete","r3k2r/p1ppqpb1/bn2pnp1/3PN3/1p2P3/2N2Q1p/PPPBBPPP/R3K2R w KQkq - 0 1","SEE_ALL","3","3","true","e2a6","32","e2a6 e6d5 c3d5 e7e5","175","25933","26108","23","14.111","1850161","12","7","1000000"
"kiwipete","r3k2r/p1ppqpb1/bn2pnp1/3PN3/1p2P3/2N2Q1p/PPPBBPPP/R3K2R w KQkq - 0 1","SEE_PROMO_SAFE","3","3","true","e2a6","32","e2a6 e6d5 c3d5 e7e5","175","28839","29014","23","15.453","1877588","12","7","1000000"
"kiwipete","r3k2r/p1ppqpb1/bn2pnp1/3PN3/1p2P3/2N2Q1p/PPPBBPPP/R3K2R w KQkq - 0 1","SEE_CHECK_PROMO_SAFE","3","3","true","e2a6","32","e2a6 e6d5 c3d5 e7e5","175","48538","48713","25","25.209","1932342","12","7","1000000"
"endgame","8/2p5/3p4/KP5r/1R3p1k/8/4P1P1/8 w - - 0 1","CONTROL","3","3","true","b4c4","477","b4c4 h5b5 a5b5","317","0","317","0","0.095","3329831","12","7","1000000"
"endgame","8/2p5/3p4/KP5r/1R3p1k/8/4P1P1/8 w - - 0 1","QSEARCH_BASELINE","3","3","true","b4f4","167","b4f4 h4g3 f4f7","44","352","396","4","0.105","3764258","12","7","1000000"
"endgame","8/2p5/3p4/KP5r/1R3p1k/8/4P1P1/8 w - - 0 1","SEE_ALL","3","3","true","b4f4","167","b4f4 h4g3 f4f7","44","321","365","3","0.097","3747433","12","7","1000000"
"endgame","8/2p5/3p4/KP5r/1R3p1k/8/4P1P1/8 w - - 0 1","SEE_PROMO_SAFE","3","3","true","b4f4","167","b4f4 h4g3 f4f7","44","321","365","3","0.101","3599605","12","7","1000000"
"endgame","8/2p5/3p4/KP5r/1R3p1k/8/4P1P1/8 w - - 0 1","SEE_CHECK_PROMO_SAFE","3","3","true","b4f4","167","b4f4 h4g3 f4f7","44","343","387","4","0.104","3714011","12","7","1000000"
"tactical","4k3/8/2p1p3/3q4/2P1P3/3Q4/8/4K3 w - - 0 1","CONTROL","3","3","true","c4d5","1111","c4d5 e6d5 d3d5","453","0","453","0","0.124","3647342","12","7","1000000"
"tactical","4k3/8/2p1p3/3q4/2P1P3/3Q4/8/4K3 w - - 0 1","QSEARCH_BASELINE","3","3","true","c4d5","1072","c4d5 c6d5 e4d5","63","444","507","5","0.121","4193548","12","7","1000000"
"tactical","4k3/8/2p1p3/3q4/2P1P3/3Q4/8/4K3 w - - 0 1","SEE_ALL","3","3","true","c4d5","1072","c4d5 c6d5 e4d5","63","427","490","4","0.111","4422382","12","7","1000000"
"tactical","4k3/8/2p1p3/3q4/2P1P3/3Q4/8/4K3 w - - 0 1","SEE_PROMO_SAFE","3","3","true","c4d5","1072","c4d5 c6d5 e4d5","63","427","490","4","0.107","4575163","12","7","1000000"
"tactical","4k3/8/2p1p3/3q4/2P1P3/3Q4/8/4K3 w - - 0 1","SEE_CHECK_PROMO_SAFE","3","3","true","c4d5","1072","c4d5 c6d5 e4d5","63","437","500","5","0.109","4574565","12","7","1000000"
"evasion","r3k2r/Pppp1ppp/1b3nbN/nP6/BBP1P3/q4N2/Pp1P2PP/R2Q1RK1 w kq - 0 1","CONTROL","3","3","true","d2d4","-28","d2d4 a3b4 h6f7","1027","0","1027","0","0.664","1546221","12","7","1000000"
"evasion","r3k2r/Pppp1ppp/1b3nbN/nP6/BBP1P3/q4N2/Pp1P2PP/R2Q1RK1 w kq - 0 1","QSEARCH_BASELINE","3","3","true","c4c5","-503","c4c5 b6c5 d2d4 b2a1q d1a1 a3b4","112","30656","30768","27","16.136","1906851","12","7","1000000"
"evasion","r3k2r/Pppp1ppp/1b3nbN/nP6/BBP1P3/q4N2/Pp1P2PP/R2Q1RK1 w kq - 0 1","SEE_ALL","3","3","true","c4c5","-503","c4c5 b6c5 d2d4 b2a1q d1a1 a3b4","112","8193","8305","15","4.729","1756110","12","7","1000000"
"evasion","r3k2r/Pppp1ppp/1b3nbN/nP6/BBP1P3/q4N2/Pp1P2PP/R2Q1RK1 w kq - 0 1","SEE_PROMO_SAFE","3","3","true","c4c5","-503","c4c5 b6c5 d2d4 b2a1q d1a1 a3b4","112","9171","9283","15","5.320","1744990","12","7","1000000"
"evasion","r3k2r/Pppp1ppp/1b3nbN/nP6/BBP1P3/q4N2/Pp1P2PP/R2Q1RK1 w kq - 0 1","SEE_CHECK_PROMO_SAFE","3","3","true","c4c5","-503","c4c5 b6c5 d2d4 b2a1q d1a1 a3b4","112","14638","14750","22","8.251","1787597","12","7","1000000"
"middlegame","r4rk1/1pp1qppp/p1np1n2/2b1p1B1/2B1P1b1/P1NP1N2/1PP1QPPP/R4RK1 w - - 0 10","CONTROL","3","3","true","c3d5","252","c3d5 c5f2 e2f2","2296","0","2296","0","1.395","1646232","12","7","1000000"
"middlegame","r4rk1/1pp1qppp/p1np1n2/2b1p1B1/2B1P1b1/P1NP1N2/1PP1QPPP/R4RK1 w - - 0 10","QSEARCH_BASELINE","3","3","true","c3d5","111","c3d5 e7d8 g5f6 g7f6","324","61721","62045","24","32.466","1911070","12","7","1000000"
"middlegame","r4rk1/1pp1qppp/p1np1n2/2b1p1B1/2B1P1b1/P1NP1N2/1PP1QPPP/R4RK1 w - - 0 10","SEE_ALL","3","3","true","c3d5","111","c3d5 e7d8 g5f6 g7f6","303","4930","5233","15","2.921","1791755","12","7","1000000"
"middlegame","r4rk1/1pp1qppp/p1np1n2/2b1p1B1/2B1P1b1/P1NP1N2/1PP1QPPP/R4RK1 w - - 0 10","SEE_PROMO_SAFE","3","3","true","c3d5","111","c3d5 e7d8 g5f6 g7f6","303","4930","5233","15","2.918","1793536","12","7","1000000"
"middlegame","r4rk1/1pp1qppp/p1np1n2/2b1p1B1/2B1P1b1/P1NP1N2/1PP1QPPP/R4RK1 w - - 0 10","SEE_CHECK_PROMO_SAFE","3","3","true","c3d5","111","c3d5 e7d8 g5f6 g7f6","303","18270","18573","20","9.516","1951703","12","7","1000000"
"transposition-pawns","4k3/pp6/8/8/8/8/PP6/4K3 w - - 0 1","CONTROL","3","3","true","e1d2","3","e1d2 e8d7 d2d3","146","0","146","0","0.030","4802631","12","7","1000000"
"transposition-pawns","4k3/pp6/8/8/8/8/PP6/4K3 w - - 0 1","QSEARCH_BASELINE","3","3","true","e1d2","3","e1d2 e8d7 d2d3","35","111","146","0","0.037","3914209","12","7","1000000"
"transposition-pawns","4k3/pp6/8/8/8/8/PP6/4K3 w - - 0 1","SEE_ALL","3","3","true","e1d2","3","e1d2 e8d7 d2d3","35","111","146","0","0.037","3903743","12","7","1000000"
"transposition-pawns","4k3/pp6/8/8/8/8/PP6/4K3 w - - 0 1","SEE_PROMO_SAFE","3","3","true","e1d2","3","e1d2 e8d7 d2d3","35","111","146","0","0.037","3924731","12","7","1000000"
"transposition-pawns","4k3/pp6/8/8/8/8/PP6/4K3 w - - 0 1","SEE_CHECK_PROMO_SAFE","3","3","true","e1d2","3","e1d2 e8d7 d2d3","35","111","146","0","0.038","3882978","12","7","1000000"
