position,fen,mode,requested_depth,completed_depth,completed,best_move,score,pv,normal_nodes,qnodes,total_nodes,max_qply,median_ms,nps,warmups,repetitions,node_limit
start,rnbqkbnr/pppppppp/8/8/8/8/PPPPPPPP/RNBQKBNR w KQkq - 0 1,CONTROL,2,2,true,e2e4,0,e2e4 e7e5,128,0,128,0,0.138,930232,12,7,1000000
start,rnbqkbnr/pppppppp/8/8/8/8/PPPPPPPP/RNBQKBNR w KQkq - 0 1,QSEARCH_BASELINE,2,2,true,g1f3,0,g1f3 b8c6,21,98,119,2,1.047,113647,12,7,1000000
start,rnbqkbnr/pppppppp/8/8/8/8/PPPPPPPP/RNBQKBNR w KQkq - 0 1,QSEARCH_QTT,2,2,true,g1f3,0,g1f3 b8c6,21,98,119,2,1.730,68786,12,7,1000000
kiwipete,r3k2r/p1ppqpb1/bn2pnp1/3PN3/1p2P3/2N2Q1p/PPPBBPPP/R3K2R w KQkq - 0 1,CONTROL,2,2,true,e2a6,-12,e2a6 h3g2,214,0,214,0,0.140,1524216,12,7,1000000
kiwipete,r3k2r/p1ppqpb1/bn2pnp1/3PN3/1p2P3/2N2Q1p/PPPBBPPP/R3K2R w KQkq - 0 1,QSEARCH_BASELINE,2,2,true,e2a6,61,e2a6 h3g2 f3g2 b4c3 d2c3 e6d5 e5g6 f7g6 g2g6 e7f7,49,18871,18920,23,9.181,2060845,12,7,1000000
kiwipete,r3k2r/p1ppqpb1/bn2pnp1/3PN3/1p2P3/2N2Q1p/PPPBBPPP/R3K2R w KQkq - 0 1,QSEARCH_QTT,2,2,true,e2a6,61,e2a6 h3g2 f3g2 b4c3 d2c3 e6d5 e5g6 f7g6 g2g6 e7f7,49,14931,14980,23,12.382,1209801,12,7,1000000
endgame,8/2p5/3p4/KP5r/1R3p1k/8/4P1P1/8 w - - 0 1,CONTROL,2,2,true,b4f4,165,b4f4 h4g3,30,0,30,0,0.013,2325581,12,7,1000000
endgame,8/2p5/3p4/KP5r/1R3p1k/8/4P1P1/8 w - - 0 1,QSEARCH_BASELINE,2,2,true,b4f4,165,b4f4 h4g3,15,100,115,4,0.051,2272727,12,7,1000000
endgame,8/2p5/3p4/KP5r/1R3p1k/8/4P1P1/8 w - - 0 1,QSEARCH_QTT,2,2,true,b4f4,165,b4f4 h4g3,15,99,114,4,1.163,97988,12,7,1000000
tactical,4k3/8/2p1p3/3q4/2P1P3/3Q4/8/4K3 w - - 0 1,CONTROL,2,2,true,c4d5,690,c4d5 e6d5,63,0,63,0,0.020,3088235,12,7,1000000
tactical,4k3/8/2p1p3/3q4/2P1P3/3Q4/8/4K3 w - - 0 1,QSEARCH_BASELINE,2,2,true,c4d5,1072,c4d5 c6d5 e4d5,25,87,112,3,0.032,3456790,12,7,1000000
tactical,4k3/8/2p1p3/3q4/2P1P3/3Q4/8/4K3 w - - 0 1,QSEARCH_QTT,2,2,true,c4d5,1072,c4d5 c6d5 e4d5,25,84,109,3,1.134,96119,12,7,1000000
evasion,r3k2r/Pppp1ppp/1b3nbN/nP6/BBP1P3/q4N2/Pp1P2PP/R2Q1RK1 w kq - 0 1,CONTROL,2,2,true,d2d4,-1011,d2d4 b2a1q,138,0,138,0,0.186,741536,12,7,1000000
evasion,r3k2r/Pppp1ppp/1b3nbN/nP6/BBP1P3/q4N2/Pp1P2PP/R2Q1RK1 w kq - 0 1,QSEARCH_BASELINE,2,2,true,g1h1,-410,g1h1 b2a1q d1a1 a3b4,7,18326,18333,28,9.756,1879228,12,7,1000000
evasion,r3k2r/Pppp1ppp/1b3nbN/nP6/BBP1P3/q4N2/Pp1P2PP/R2Q1RK1 w kq - 0 1,QSEARCH_QTT,2,2,true,g1h1,-410,g1h1 b2a1q d1a1 a3b4,7,13703,13710,28,12.354,1109726,12,7,1000000
middlegame,r4rk1/1pp1qppp/p1np1n2/2b1p1B1/2B1P1b1/P1NP1N2/1PP1QPPP/R4RK1 w - - 0 10,CONTROL,2,2,true,g5f6,-6,g5f6 e7f6,185,0,185,0,0.122,1512673,12,7,1000000
middlegame,r4rk1/1pp1qppp/p1np1n2/2b1p1B1/2B1P1b1/P1NP1N2/1PP1QPPP/R4RK1 w - - 0 10,QSEARCH_BASELINE,2,2,true,c3d5,111,c3d5 e7d8 g5f6 g7f6,47,13957,14004,19,7.458,1877740,12,7,1000000
middlegame,r4rk1/1pp1qppp/p1np1n2/2b1p1B1/2B1P1b1/P1NP1N2/1PP1QPPP/R4RK1 w - - 0 10,QSEARCH_QTT,2,2,true,c3d5,111,c3d5 e7d8 g5f6 g7f6,47,12045,12092,19,10.529,1148479,12,7,1000000
transposition-pawns,4k3/pp6/8/8/8/8/PP6/4K3 w - - 0 1,CONTROL,2,2,true,e1d2,0,e1d2 e8d7,35,0,35,0,0.008,4268292,12,7,1000000
transposition-pawns,4k3/pp6/8/8/8/8/PP6/4K3 w - - 0 1,QSEARCH_BASELINE,2,2,true,e1d2,0,e1d2 e8d7,10,25,35,0,0.010,3398058,12,7,1000000
transposition-pawns,4k3/pp6/8/8/8/8/PP6/4K3 w - - 0 1,QSEARCH_QTT,2,2,true,e1d2,0,e1d2 e8d7,10,25,35,0,0.884,39601,12,7,1000000
start,rnbqkbnr/pppppppp/8/8/8/8/PPPPPPPP/RNBQKBNR w KQkq - 0 1,CONTROL,3,3,true,d2d4,42,d2d4 b8c6 e2e4,992,0,992,0,0.492,2016260,12,7,1000000
start,rnbqkbnr/pppppppp/8/8/8/8/PPPPPPPP/RNBQKBNR w KQkq - 0 1,QSEARCH_BASELINE,3,3,true,b1c3,38,b1c3 d7d5 g1f3,96,978,1074,6,0.610,1759790,12,7,1000000
start,rnbqkbnr/pppppppp/8/8/8/8/PPPPPPPP/RNBQKBNR w KQkq - 0 1,QSEARCH_QTT,3,3,true,b1c3,38,b1c3 d7d5 g1f3,96,976,1072,6,2.037,526212,12,7,1000000
kiwipete,r3k2r/p1ppqpb1/bn2pnp1/3PN3/1p2P3/2N2Q1p/PPPBBPPP/R3K2R w KQkq - 0 1,CONTROL,3,3,true,e2a6,393,e2a6 h3g2 f3f6,2707,0,2707,0,2.199,1230902,12,7,1000000
kiwipete,r3k2r/p1ppqpb1/bn2pnp1/3PN3/1p2P3/2N2Q1p/PPPBBPPP/R3K2R w KQkq - 0 1,QSEARCH_BASELINE,3,3,true,e2a6,32,e2a6 e6d5 c3d5 e7e5,175,108106,108281,26,55.675,1944886,12,7,1000000
kiwipete,r3k2r/p1ppqpb1/bn2pnp1/3PN3/1p2P3/2N2Q1p/PPPBBPPP/R3K2R w KQkq - 0 1,QSEARCH_QTT,3,3,true,e2a6,32,e2a6 e6d5 c3d5 e7e5,175,85992,86167,26,64.932,1327026,12,7,1000000
endgame,8/2p5/3p4/KP5r/1R3p1k/8/4P1P1/8 w - - 0 1,CONTROL,3,3,true,b4c4,477,b4c4 h5b5 a5b5,317,0,317,0,0.104,3045148,12,7,1000000
endgame,8/2p5/3p4/KP5r/1R3p1k/8/4P1P1/8 w - - 0 1,QSEARCH_BASELINE,3,3,true,b4f4,167,b4f4 h4g3 f4f7,44,352,396,4,0.117,3390410,12,7,1000000
endgame,8/2p5/3p4/KP5r/1R3p1k/8/4P1P1/8 w - - 0 1,QSEARCH_QTT,3,3,true,b4f4,167,b4f4 h4g3 f4f7,44,347,391,4,1.551,252127,12,7,1000000
tactical,4k3/8/2p1p3/3q4/2P1P3/3Q4/8/4K3 w - - 0 1,CONTROL,3,3,true,c4d5,1111,c4d5 e6d5 d3d5,453,0,453,0,0.129,3517080,12,7,1000000
tactical,4k3/8/2p1p3/3q4/2P1P3/3Q4/8/4K3 w - - 0 1,QSEARCH_BASELINE,3,3,true,c4d5,1072,c4d5 c6d5 e4d5,63,444,507,5,0.126,4011075,12,7,1000000
tactical,4k3/8/2p1p3/3q4/2P1P3/3Q4/8/4K3 w - - 0 1,QSEARCH_QTT,3,3,true,c4d5,1072,c4d5 c6d5 e4d5,63,440,503,5,1.689,297756,12,7,1000000
evasion,r3k2r/Pppp1ppp/1b3nbN/nP6/BBP1P3/q4N2/Pp1P2PP/R2Q1RK1 w kq - 0 1,CONTROL,3,3,true,d2d4,-28,d2d4 a3b4 h6f7,1027,0,1027,0,0.690,1489269,12,7,1000000
evasion,r3k2r/Pppp1ppp/1b3nbN/nP6/BBP1P3/q4N2/Pp1P2PP/R2Q1RK1 w kq - 0 1,QSEARCH_BASELINE,3,3,true,c4c5,-503,c4c5 b6c5 d2d4 b2a1q d1a1 a3b4,112,30656,30768,27,17.232,1785494,12,7,1000000
evasion,r3k2r/Pppp1ppp/1b3nbN/nP6/BBP1P3/q4N2/Pp1P2PP/R2Q1RK1 w kq - 0 1,QSEARCH_QTT,3,3,true,c4c5,-503,c4c5 b6c5 d2d4 b2a1q d1a1 a3b4,112,21737,21849,27,18.482,1182196,12,7,1000000
middlegame,r4rk1/1pp1qppp/p1np1n2/2b1p1B1/2B1P1b1/P1NP1N2/1PP1QPPP/R4RK1 w - - 0 10,CONTROL,3,3,true,c3d5,252,c3d5 c5f2 e2f2,2296,0,2296,0,1.436,1598885,12,7,1000000
middlegame,r4rk1/1pp1qppp/p1np1n2/2b1p1B1/2B1P1b1/P1NP1N2/1PP1QPPP/R4RK1 w - - 0 10,QSEARCH_BASELINE,3,3,true,c3d5,111,c3d5 e7d8 g5f6 g7f6,324,61721,62045,24,33.992,1825282,12,7,1000000
middlegame,r4rk1/1pp1qppp/p1np1n2/2b1p1B1/2B1P1b1/P1NP1N2/1PP1QPPP/R4RK1 w - - 0 10,QSEARCH_QTT,3,3,true,c3d5,111,c3d5 e7d8 g5f6 g7f6,324,52519,52843,24,42.291,1249497,12,7,1000000
transposition-pawns,4k3/pp6/8/8/8/8/PP6/4K3 w - - 0 1,CONTROL,3,3,true,e1d2,3,e1d2 e8d7 d2d3,146,0,146,0,0.034,4319526,12,7,1000000
transposition-pawns,4k3/pp6/8/8/8/8/PP6/4K3 w - - 0 1,QSEARCH_BASELINE,3,3,true,e1d2,3,e1d2 e8d7 d2d3,35,111,146,0,0.038,3852242,12,7,1000000
transposition-pawns,4k3/pp6/8/8/8/8/PP6/4K3 w - - 0 1,QSEARCH_QTT,3,3,true,e1d2,3,e1d2 e8d7 d2d3,35,111,146,0,0.794,183879,12,7,1000000
start,rnbqkbnr/pppppppp/8/8/8/8/PPPPPPPP/RNBQKBNR w KQkq - 0 1,CONTROL,4,4,true,b1c3,-4,b1c3 d7d5 g1f3 e7e5,4864,0,4864,0,2.408,2019598,12,7,1000000
start,rnbqkbnr/pppppppp/8/8/8/8/PPPPPPPP/RNBQKBNR w KQkq - 0 1,QSEARCH_BASELINE,4,4,true,e2e4,4,e2e4 b8c6 d2d4 g8f6,1151,6824,7975,11,4.399,1812788,12,7,1000000
start,rnbqkbnr/pppppppp/8/8/8/8/PPPPPPPP/RNBQKBNR w KQkq - 0 1,QSEARCH_QTT,4,4,true,e2e4,4,e2e4 b8c6 d2d4 g8f6,1151,6637,7788,11,6.934,1123177,12,7,1000000
kiwipete,r3k2r/p1ppqpb1/bn2pnp1/3PN3/1p2P3/2N2Q1p/PPPBBPPP/R3K2R w KQkq - 0 1,CONTROL,4,4,true,d5e6,-211,d5e6 h3g2 e6f7 e7f7,15130,0,15130,0,9.418,1606447,12,7,1000000
kiwipete,r3k2r/p1ppqpb1/bn2pnp1/3PN3/1p2P3/2N2Q1p/PPPBBPPP/R3K2R w KQkq - 0 1,QSEARCH_BASELINE,4,-1,false,none,-2147483648,,800,999200,1000000,32,474.505,2107460,12,7,1000000
kiwipete,r3k2r/p1ppqpb1/bn2pnp1/3PN3/1p2P3/2N2Q1p/PPPBBPPP/R3K2R w KQkq - 0 1,QSEARCH_QTT,4,4,true,e2a6,32,e2a6 e6d5 c3d5 e7e5,2494,929518,932012,32,667.435,1396407,12,7,1000000
endgame,8/2p5/3p4/KP5r/1R3p1k/8/4P1P1/8 w - - 0 1,CONTROL,4,4,true,b4f4,14,b4f4 h4g3 f4f3 g3g2,748,0,748,0,0.216,3462962,12,7,1000000
endgame,8/2p5/3p4/KP5r/1R3p1k/8/4P1P1/8 w - - 0 1,QSEARCH_BASELINE,4,4,true,b4f4,155,b4f4 h4g3 f4f7 c7c6,331,1917,2248,5,0.725,3102401,12,7,1000000
endgame,8/2p5/3p4/KP5r/1R3p1k/8/4P1P1/8 w - - 0 1,QSEARCH_QTT,4,4,true,b4f4,155,b4f4 h4g3 f4f7 c7c6,331,1603,1934,5,2.059,939336,12,7,1000000
tactical,4k3/8/2p1p3/3q4/2P1P3/3Q4/8/4K3 w - - 0 1,CONTROL,4,4,true,c4d5,675,c4d5 e6d5 e4d5 c6d5,1119,0,1119,0,0.364,3075865,12,7,1000000
tactical,4k3/8/2p1p3/3q4/2P1P3/3Q4/8/4K3 w - - 0 1,QSEARCH_BASELINE,4,4,true,c4d5,992,c4d5 e6d5 e4d5 c6c5,453,1744,2197,4,0.627,3502311,12,7,1000000
tactical,4k3/8/2p1p3/3q4/2P1P3/3Q4/8/4K3 w - - 0 1,QSEARCH_QTT,4,4,true,c4d5,992,c4d5 e6d5 e4d5 c6c5,453,1048,1501,4,1.941,773432,12,7,1000000
evasion,r3k2r/Pppp1ppp/1b3nbN/nP6/BBP1P3/q4N2/Pp1P2PP/R2Q1RK1 w kq - 0 1,CONTROL,4,4,true,g1h1,-601,g1h1 a3b4 a1b1 b6a7,5807,0,5807,0,3.805,1526189,12,7,1000000
evasion,r3k2r/Pppp1ppp/1b3nbN/nP6/BBP1P3/q4N2/Pp1P2PP/R2Q1RK1 w kq - 0 1,QSEARCH_BASELINE,4,4,true,c4c5,-523,c4c5 b6c5 b4c5 a3c5 d2d4 b2a1q d1a1 c5a7,890,132427,133317,26,74.076,1799730,12,7,1000000
evasion,r3k2r/Pppp1ppp/1b3nbN/nP6/BBP1P3/q4N2/Pp1P2PP/R2Q1RK1 w kq - 0 1,QSEARCH_QTT,4,4,true,c4c5,-523,c4c5 b6c5 b4c5 a3c5 d2d4 b2a1q d1a1 c5a7,890,90973,91863,26,71.754,1280256,12,7,1000000
middlegame,r4rk1/1pp1qppp/p1np1n2/2b1p1B1/2B1P1b1/P1NP1N2/1PP1QPPP/R4RK1 w - - 0 10,CONTROL,4,4,true,c3d5,-132,c3d5 c5f2 e2f2 f6d5,31464,0,31464,0,19.439,1618643,12,7,1000000
middlegame,r4rk1/1pp1qppp/p1np1n2/2b1p1B1/2B1P1b1/P1NP1N2/1PP1QPPP/R4RK1 w - - 0 10,QSEARCH_BASELINE,4,4,true,c3d5,111,c3d5 e7d8 g5f6 g7f6,2568,120959,123527,21,68.458,1804409,12,7,1000000
middlegame,r4rk1/1pp1qppp/p1np1n2/2b1p1B1/2B1P1b1/P1NP1N2/1PP1QPPP/R4RK1 w - - 0 10,QSEARCH_QTT,4,4,true,c3d5,111,c3d5 e7d8 g5f6 g7f6,2568,99099,101667,21,77.596,1310217,12,7,1000000
transposition-pawns,4k3/pp6/8/8/8/8/PP6/4K3 w - - 0 1,CONTROL,4,4,true,e1d2,0,e1d2 e8d7 d2d3 d7d6,653,0,653,0,0.139,4704610,12,7,1000000
transposition-pawns,4k3/pp6/8/8/8/8/PP6/4K3 w - - 0 1,QSEARCH_BASELINE,4,4,true,e1d2,0,e1d2 e8d7 d2d3 d7d6,183,470,653,0,0.171,3816481,12,7,1000000
transposition-pawns,4k3/pp6/8/8/8/8/PP6/4K3 w - - 0 1,QSEARCH_QTT,4,4,true,e1d2,0,e1d2 e8d7 d2d3 d7d6,183,470,653,0,1.560,418616,12,7,1000000
