fixture,fen,completed,completion_reason,baseline_score,score,baseline_best,best,baseline_pv,pv,baseline_qnodes,qnodes,baseline_max_qply,max_qply,nodes_with_checks,quiet_checks,quiet_cutoffs,max_chain,oracle,oracle_nodes,intended_resource,resource_result,first_pv_quiet_check,quiet_qply,classification
"winning","4k3/8/8/3q4/4P3/8/8/4K3 w - - 0 1","true","completed","413","413","e4d5","e4d5","e4d5","e4d5","2","2","1","1","0","0","0","0","not-attempted","0","","","","","same-value"
"losing-defended","3rk3/8/8/3p4/8/8/8/3QK3 w - - 0 1","false","node-budget","6","","none","none","","","3","1000000","2","119","129354","648317","0","50","not-attempted","0","","","","","no-completed-value"
"equal-defended","rq2k3/8/8/8/8/8/8/R3K3 w - - 0 1","true","completed","-989","-989","none","none","","","3","3","2","2","0","0","0","0","not-attempted","0","","","","","same-value"
"bishop-xray","4k3/6b1/8/8/3p4/8/3Q4/3RK3 w - - 0 1","false","node-budget","877","","none","none","","","4","1000000","3","243","132333","682427","0","50","not-attempted","0","","","","","no-completed-value"
"diagonal-xray","4k3/8/6b1/8/8/3r4/2Q5/1B2K3 w - - 0 1","false","node-budget","284","","none","none","","","3","1000000","2","118","120712","616869","0","50","not-attempted","0","","","","","no-completed-value"
"successive-xrays","7k/3r4/3q4/3r4/3p4/3R4/3Q4/K2R4 w - - 0 1","false","node-budget","-306","","none","none","","","11","1000000","6","168","305413","315130","266","50","not-attempted","0","","","","","no-completed-value"
"pinned-defender","4k3/3n4/8/1B2p3/5P2/8/8/4K3 w - - 0 1","true","completed","514","514","f4e5","f4e5","f4e5","f4e5","5","5","3","3","0","0","0","0","not-attempted","0","","","","","same-value"
"king-capture-evasion","4k3/8/8/8/8/8/4r3/4K3 w - - 0 1","true","completed","0","0","e1e2","e1e2","e1e2","e1e2","4","4","1","1","2","0","0","0","not-attempted","0","","","","","same-value"
"unsafe-king-recapture","8/8/4k3/3r4/8/1B6/8/3RK3 w - - 0 1","true","completed","1131","1131","d1d5","d1d5","d1d5","d1d5","4","4","2","2","0","0","0","0","not-attempted","0","","","","","same-value"
"ep-winning","4k3/8/8/3pP3/8/8/8/4K3 w - d6 0 1","true","completed","434","434","e5d6","e5d6","e5d6","e5d6","2","2","1","1","0","0","0","0","not-attempted","0","","","","","same-value"
"ep-defended","4k3/8/8/3pP3/3r4/8/8/4K3 w - d6 0 1","true","completed","-682","-682","none","none","","","3","3","2","2","1","0","0","0","not-attempted","0","","","","","same-value"
"ep-black","4k3/8/8/3R4/3Pp3/8/8/4K3 b - d3 0 1","true","completed","-682","-682","none","none","","","3","3","2","2","1","0","0","0","not-attempted","0","","","","","same-value"
"quiet-promotion","7k/P7/8/8/8/8/8/7K w - - 0 1","false","node-budget","1063","","none","none","","","8","1000000","2","101","120895","801015","0","50","not-attempted","0","","","","","no-completed-value"
"quiet-promotion-black","k7/8/8/8/8/8/p7/7K b - - 0 1","false","node-budget","1081","","none","none","","","7","1000000","2","101","119030","776067","0","50","not-attempted","0","","","","","no-completed-value"
"defended-quiet-promotion","7k/P7/r7/8/8/8/8/7K w - - 0 1","false","node-budget","33","","none","none","","","15","1000000","3","147","125966","757613","0","50","not-attempted","0","","","","","no-completed-value"
"promotion-stalemate-resource","3r4/1P6/8/8/8/1k6/p7/K7 w - - 0 1","false","node-budget","0","","b7b8q","none","b7b8q d8b8","","29","1000000","3","191","121429","771535","3","50","not-attempted","0","","","","","no-completed-value"
"promotion-positional-resource","3r4/1P6/8/7q/8/1k6/p7/K7 w - - 0 1","false","node-budget","-389","","b7b8q","none","b7b8q b3a3 b8d8","","25","1000000","4","90","383414","283764","39722","42","not-attempted","0","","","","","no-completed-value"
"capture-promotion","1r5k/P7/8/8/8/8/8/7K w - - 0 1","false","node-budget","1070","","a7b8q","none","a7b8q h8h7","","12","1000000","2","101","120895","801015","0","50","not-attempted","0","","","","","no-completed-value"
"capture-promotion-black","4k3/8/8/8/8/8/6p1/4K2R b - - 0 1","false","node-budget","1116","","g2h1q","none","g2h1q e1d2","","17","1000000","3","101","120042","765153","0","50","not-attempted","0","","","","","no-completed-value"
"promotion-recapture","r6b/4k1P1/8/8/8/8/8/4K2R w - - 0 1","true","completed","738","738","g7h8q","g7h8q","g7h8q a8h8 h1h8","g7h8q a8h8 h1h8","16","121","3","16","47","42","0","7","not-attempted","0","","","","","same-value"
"rook-underpromotion","8/k1P5/2K5/8/8/8/8/8 w - - 0 1","true","completed","1110","1110","none","none","","","5","5","1","1","0","0","0","0","not-attempted","0","","","","","same-value"
"checking-sacrifice","5r1k/4Qpbp/4NN1N/8/8/8/8/4K3 w - - 0 1","false","node-budget","32765","","e7f8","none","e7f8 g7f8 h6f7","","25","1000000","5","243","426598","550372","67943","50","not-attempted","0","","","","","no-completed-value"
"capture-mate","7k/6p1/5KQ1/8/8/8/8/8 w - - 0 1","true","completed","32767","32767","g6g7","g6g7","g6g7","g6g7","8","8","1","1","0","0","0","0","not-attempted","0","","","","","same-value"
"quiet-evasions","4r1k1/8/8/8/8/8/8/4K3 w - - 0 1","true","completed","-722","-722","e1d1","e1d1","e1d1","e1d1","5","32","1","15","10","14","0","7","not-attempted","0","","","","","same-value"
"negative-capture-evasion","4k3/6b1/8/8/3b4/8/3Q4/6K1 w - - 0 1","false","node-budget","247","","g1f1","none","g1f1","","45","1000000","6","201","134094","749240","0","50","not-attempted","0","","","","","no-completed-value"
"counterchecking-block","4r3/8/8/8/8/8/8/2B1K1k1 w - - 0 1","true","completed","-349","-349","e1d1","e1d1","e1d1","e1d1","10","30","3","9","9","8","0","4","not-attempted","0","","","","","same-value"
"three-capture-xray","7k/8/1p6/q7/8/Q7/8/R6K w - - 0 1","false","node-budget","707","","a3a5","none","a3a5 b6a5 a1a5","","4","1000000","3","139","124915","774103","0","50","not-attempted","0","","","","","no-completed-value"
"nonchecking-clearance","b1q4k/8/8/2p5/N7/8/8/R3K3 w - - 0 1","false","absolute-ply-256","-410","","a4c5","none","a4c5","","8","1927","4","256","429","808","14","50","not-attempted","0","","","","","no-completed-value"
"tactical","4k3/8/2p1p3/3q4/2P1P3/3Q4/8/4K3 w - - 0 1","false","node-budget","1072","","c4d5","none","c4d5 c6d5 e4d5","","31","1000000","5","112","310581","328465","22305","50","not-attempted","0","","","","","no-completed-value"
"quiet-mate-excluded","7k/8/5KQ1/8/8/8/8/8 w - - 0 1","false","node-budget","1146","","none","none","","","1","1000000","0","100","76147","525195","0","50","not-attempted","0","","","","","no-completed-value"
"fifty-evasion","4r1k1/8/8/8/8/8/8/4K3 w - - 99 1","true","completed","0","0","e1d1","e1d1","e1d1","e1d1","5","5","1","1","0","0","0","0","not-attempted","0","","","","","same-value"
"mate-before-fifty","7k/6Q1/5K2/8/8/8/8/8 b - - 100 1","true","completed","-32768","-32768","none","none","","","1","1","0","0","0","0","0","0","not-attempted","0","","","","","same-value"
"stalemate","7k/5K2/6Q1/8/8/8/8/8 b - - 0 1","true","completed","0","0","none","none","","","1","1","0","0","0","0","0","0","not-attempted","0","","","","","same-value"
"insufficient","4k3/8/8/8/8/8/8/4K3 w - - 0 1","true","completed","0","0","none","none","","","1","1","0","0","0","0","0","0","not-attempted","0","","","","","same-value"
"mate-five","7k/5prp/4QB2/8/8/7R/8/4K2R w - - 0 1","false","node-budget","32763","","h3h7","none","h3h7 h8g8 h7g7 g8f8 e6f7","","34","1000000","6","208","94990","567223","0","50","not-attempted","0","","","","","no-completed-value"
"draw-five","7k/2b4n/1p6/qK6/8/Q7/8/R7 w - - 0 1","false","node-budget","0","","a3a5","none","a3a5 b6a5 a1a5 c7a5 b5a5","","12","1000000","5","207","103522","601090","2","50","not-attempted","0","","","","","no-completed-value"
"tail-kiwipete-e1d1","r3k2r/p1ppqpb1/bn2pnp1/3PN3/1p2P3/2N2Q1p/PPPBBPPP/R2K3R b kq - 1 1","false","absolute-ply-256","300","","h3g2","none","h3g2 f3g2 b4c3 d2c3 a6e2 d1e2 e6d5 e5g6 f7g6 g2g6 e8d8","","35898","260415","31","256","75571","99453","12093","50","not-attempted","0","","","","","no-completed-value"
"tail-kiwipete-f3h3","r3k2r/p1ppqpb1/bn2pnp1/3PN3/1p2P3/2N4Q/PPPBBPPP/R3K2R b KQkq - 0 1","false","node-budget","590","","h8h3","none","h8h3 g2h3 b4c3","","743","1000000","16","140","337678","406880","4861","39","not-attempted","0","","","","","no-completed-value"
"tail-evasion-","r3k2r/Pppp1ppp/1b3nbN/nP6/BBP1P3/q4N2/Pp1P2PP/R2Q1RK1 w kq - 0 1","false","absolute-ply-256","-391","","d2d4","none","d2d4 b2a1q d1a1 a3b4","","2508","55854","18","256","17121","21629","2149","50","not-attempted","0","","","","","no-completed-value"
"tail-evasion-f1f2","r3k2r/Pppp1ppp/1b3nbN/nP6/BBP1P3/q4N2/Pp1P1RPP/R2Q2K1 b kq - 1 1","false","absolute-ply-256","696","","b2a1q","none","b2a1q d1a1 b6f2 g1f2 a3b4","","1827","21027","22","256","11495","4251","461","31","not-attempted","0","","","","","no-completed-value"
"tail-evasion-f3d4","r3k2r/Pppp1ppp/1b3nbN/nP6/BBPNP3/q7/Pp1P2PP/R2Q1RK1 b kq - 1 1","false","absolute-ply-256","671","","b6d4","none","b6d4 g1h1 b2a1q d1a1 d4a1 b4a3 a8a7 f1a1 g7h6","","746","3704","15","256","1829","648","247","47","not-attempted","0","","","","","no-completed-value"
"tail-middlegame-d3d4","r4rk1/1pp1qppp/p1np1n2/2b1p1B1/2BPP1b1/P1N2N2/1PP1QPPP/R4RK1 b - - 0 10","false","absolute-ply-256","133","","c6d4","none","c6d4","","1123","22335","20","256","5277","9593","1358","40","not-attempted","0","","","","","no-completed-value"
"quiet-direct-mate","7k/8/5KQ1/8/8/8/8/8 w - - 98 1","true","completed","1146","32767","none","g6g7","","g6g7","1","12","0","2","1","6","0","1","matched","12","g6g7","best-resource","g6g7","0","forced-mate"
"quiet-double-discovery","k7/8/B1K5/8/8/8/8/R7 w - - 98 1","true","completed","1115","1115","none","none","","","1","15","0","2","1","7","0","1","matched","15","a6b7","searched;stand-pat-best","","","same-value"
"quiet-pawn-check","8/8/3kp3/8/4PK2/8/8/8 w - - 0 1","true","completed","18","18","none","none","","","1","4","0","2","1","1","0","1","matched","8","e4e5","searched;stand-pat-best","","","same-value"
"quiet-king-discovery","k7/8/K7/8/8/8/8/R7 w - - 98 1","true","completed","724","724","none","none","","","1","5","0","2","1","2","0","1","matched","6","a6b6","searched;stand-pat-best","","","same-value"
"quiet-castling-check","5k2/8/8/8/8/8/8/4K2R w K - 98 1","true","completed","699","699","none","none","","","1","7","0","2","1","3","0","1","matched","15","e1g1","searched;stand-pat-best","","","same-value"
"quiet-knight-fork","4k3/5q2/8/5N2/8/8/8/4K3 w - - 0 1","true","completed","-752","0","none","f5d6","","f5d6 e8d7 d6f7","1","12","0","3","3","2","0","1","not-attempted","0","f5d6","best-resource","f5d6","0","queen-gain;insufficient-material-draw"
"quiet-smother-sacrifice","5r1k/6pp/4Q2N/8/8/8/8/4K3 w - - 0 1","true","completed","82","32765","none","e6g8","","e6g8 f8g8 h6f7","1","571","0","20","126","270","0","5","not-attempted","0","e6g8","best-resource","e6g8","0","quiet-queen-sacrifice;forced-mate"
"quiet-check-rule50-draw","4k3/8/8/8/8/8/7q/R3K3 w - - 98 1","true","completed","-454","0","none","a1a8","","a1a8 e8d7","1","6","0","2","1","1","0","1","matched","6","a1a8","best-resource","a1a8","0","rule50-draw"
"quiet-rook-checks-standpat","4k3/8/8/8/8/8/8/R3K3 w - - 98 1","true","completed","692","692","none","none","","","1","3","0","2","1","1","0","1","matched","5","a1a8","searched;stand-pat-best","","","same-value"
"quiet-mate-unlimited","7k/8/5KQ1/8/8/8/8/8 w - - 0 1","false","node-budget","1146","","none","none","","","1","1000000","0","100","76147","525195","0","50","not-attempted","0","g6g7","incomplete-no-conclusion","","","no-completed-value"
"endgame-pawn-displacement","8/2p5/3p4/KPr4k/5R2/8/4P1P1/8 w - - 1 3","true","completed","146","241","none","g2g4","","g2g4 h5h4","1","272","0","24","84","91","5","5","not-attempted","0","g2g4","best-resource","g2g4","0","pawn-check;king-displacement;material-unchanged-positional"
