run,fixture,observation,node_fen,qply,path_ply,move,see_sign,en_passant,alpha,beta,stand_pat,gain,alpha_gap,post_move_static,static_gap,move_score,move_bound,continuation_gain,raised_alpha,beta_cutoff,final_best_move,node_final_score,selected_line_cause,child_kind,child_nodes,child_stand_pat_cutoff,classification,oracle_relation,oracle_exact_value
corpus:nonchecking-clearance:lower,nonchecking-clearance,0,b1q4k/8/8/2p5/N7/8/8/R3K3 w - - 0 1,0,0,a4c5,-1,false,-411,-410,-691,100,180,-410,-1,-410,LOWER,0,true,true,true,-410,static,nonterminal,7,false,retained-H-witness,uniquely-best,-410
corpus:ep-winning:lower,ep-winning,0,4k3/8/8/3pP3/8/8/8/4K3 w - d6 0 1,0,0,e5d6,1,true,433,434,29,100,304,434,-1,434,LOWER,0,true,true,true,434,static,nonterminal,1,false,retained-H-witness,uniquely-best,434
corpus:ep-defended:upper,ep-defended,1,4k3/8/3P4/8/3r4/8/8/4K3 b - - 0 1,1,1,d4d6,1,false,681,682,285,100,296,734,-53,734,LOWER,0,true,true,true,734,static,nonterminal,1,false,retained-H-witness,uniquely-best,734
corpus:three-capture-xray:lower,three-capture-xray,2,7k/8/8/p7/8/8/8/R6K w - - 0 2,2,2,a1a5,1,false,706,707,275,100,331,707,-1,707,LOWER,0,true,true,true,707,static,nonterminal,1,false,retained-H-witness,uniquely-best,707
corpus:nonchecking-capture-dead-draw:lower,nonchecking-capture-dead-draw,0,4k3/8/8/8/8/8/3r4/4K3 w - - 0 1,0,0,e1d2,1,false,-1,0,-781,500,280,,,0,LOWER,,true,true,true,0,insufficient,insufficient,1,false,retained-H-witness,uniquely-best,0
corpus:promotion-stalemate-resource:full,promotion-stalemate-resource,8,1R1r4/8/8/8/8/k7/p7/K7 w - - 1 2,2,2,b8d8,1,false,0,108,-673,500,173,20,-20,20,EXACT,0,true,false,true,20,static,nonterminal,1,false,retained-H-witness,uniquely-best,20
benchmark:kiwipete:2,kiwipete,11218,3r3B/p1p2p2/1n4p1/8/4k3/7p/PPP1KPPP/R6R b - - 0 10,17,19,h3g2,1,false,-115,-110,-735,100,520,-56,-59,-56,LOWER,0,true,true,true,-56,static,nonterminal,1,false,retained-H-witness,uniquely-best,-56
benchmark:kiwipete:3,kiwipete,25654,r3k3/p1p1qNb1/4Pn2/8/4P3/8/P1PKbPPP/R7 b q - 0 8,12,15,e7e6,1,false,590,616,48,100,442,607,-17,607,EXACT,0,true,false,false,672,static,nonterminal,8,false,retained-H-witness,below,607
benchmark:kiwipete:2,kiwipete,7304,r2k4/p1p2p2/1n2P1p1/8/4P3/8/P1PBKP1P/b6R w - - 0 9,14,16,e6f7,1,false,473,477,-41,100,414,547,-74,547,LOWER,0,true,true,true,547,static,nonterminal,1,false,retained-H-witness,uniquely-best,547
benchmark:kiwipete:3,kiwipete,32171,r2k3r/p1p1q1b1/1n2PN2/6B1/4P3/2p5/PPP1bPPP/R3K2R b KQ - 0 6,8,11,c3b2,1,false,663,678,151,100,412,673,-10,673,EXACT,0,true,false,true,673,static,nonterminal,9,false,retained-H-witness,,
benchmark:kiwipete:2,kiwipete,7425,r4k2/p1p2p2/1n2P1p1/8/4P3/8/P1PBKP1P/b6R w - - 0 9,14,16,e6f7,1,false,445,469,-58,100,403,536,-91,475,LOWER,-61,true,true,true,475,static,nonterminal,3,false,retained-H-witness,uniquely-best,475
corpus:draw-five:full,draw-five,7,7k/7n/8/bK6/8/8/8/8 w - - 0 3,4,4,b5a5,1,false,-232,34,-605,330,43,,,0,EXACT,,true,false,true,0,insufficient,insufficient,1,false,retained-H-witness,uniquely-best,0
corpus:tail-evasion-f1f2:full,tail-evasion-f1f2,339,r3k2r/Pppp1pQp/6bN/nP6/qBP1n3/5N2/P2P2PP/4K3 b kq - 0 5,8,8,a8a7,1,false,696,810,552,100,44,934,-238,-32758,UPPER,-33692,false,false,false,653,mate,nonterminal,2,false,largest-negative-gain; later mate against capturer; bound-only,,
corpus:checking-sacrifice:upper,checking-sacrifice,2,7k/4Qrbp/4NN2/8/8/8/8/4K3 w - - 0 2,2,2,e7f7,1,false,32765,32766,448,500,31817,1056,31709,1056,UPPER,0,false,false,true,1056,static,nonterminal,1,true,largest-final-best-fail-low-gap; returned-bound relevance,uniquely-best,1056
corpus:diagonal-xray:full,diagonal-xray,1,4k3/8/6b1/8/8/3Q4/8/1B2K3 b - - 0 1,1,1,g6d3,1,false,-1058,-284,-1058,975,-975,,,0,LOWER,,true,true,true,0,insufficient,insufficient,1,false,protected-immediate-insufficient,uniquely-best,0
corpus:diagonal-xray:upper,diagonal-xray,1,4k3/8/6b1/8/8/3Q4/8/1B2K3 b - - 0 1,1,1,g6d3,1,false,-285,-284,-1058,975,-202,,,0,LOWER,,true,true,true,0,insufficient,insufficient,1,false,protected-immediate-insufficient,uniquely-best,0
corpus:draw-five:full,draw-five,7,7k/7n/8/bK6/8/8/8/8 w - - 0 3,4,4,b5a5,1,false,-232,34,-605,330,43,,,0,EXACT,,true,false,true,0,insufficient,insufficient,1,false,protected-immediate-insufficient,uniquely-best,0
corpus:draw-five:lower,draw-five,3,7k/7n/8/bK6/8/8/8/8 w - - 0 3,4,4,b5a5,1,false,-1,0,-605,330,274,,,0,LOWER,,true,true,true,0,insufficient,insufficient,1,false,protected-immediate-insufficient,uniquely-best,0
corpus:draw-five:upper,draw-five,3,7k/7n/8/bK6/8/8/8/8 w - - 0 3,4,4,b5a5,1,false,0,1,-605,330,275,,,0,UPPER,,false,false,true,0,insufficient,insufficient,1,false,protected-immediate-insufficient,uniquely-best,0
corpus:nonchecking-capture-dead-draw:full,nonchecking-capture-dead-draw,0,4k3/8/8/8/8/8/3r4/4K3 w - - 0 1,0,0,e1d2,1,false,-781,32769,-781,500,-500,,,0,EXACT,,true,false,true,0,insufficient,insufficient,1,false,protected-immediate-insufficient,uniquely-best,0
corpus:nonchecking-capture-dead-draw:lower,nonchecking-capture-dead-draw,0,4k3/8/8/8/8/8/3r4/4K3 w - - 0 1,0,0,e1d2,1,false,-1,0,-781,500,280,,,0,LOWER,,true,true,true,0,insufficient,insufficient,1,false,protected-immediate-insufficient,uniquely-best,0
corpus:nonchecking-capture-dead-draw:upper,nonchecking-capture-dead-draw,0,4k3/8/8/8/8/8/3r4/4K3 w - - 0 1,0,0,e1d2,1,false,0,1,-781,500,281,,,0,UPPER,,false,false,true,0,insufficient,insufficient,1,false,protected-immediate-insufficient,uniquely-best,0
corpus:capture-to-stalemate:full,capture-to-stalemate,0,k7/8/1p2Q3/4K3/8/8/8/8 w - - 0 1,0,0,e6b6,1,false,789,32769,789,100,-100,,,0,UPPER,,false,false,false,789,stalemate,stalemate,1,false,protected-immediate-stalemate,below,0
corpus:capture-to-stalemate:upper,capture-to-stalemate,0,k7/8/1p2Q3/4K3/8/8/8/8 w - - 0 1,0,0,e6b6,1,false,789,790,789,100,-100,,,0,UPPER,,false,false,false,789,stalemate,stalemate,1,false,protected-immediate-stalemate,below,0
