run,fixture,fen,kind,depth,completed_depth,completed,score,best,pv,normal_nodes,qnodes,total_nodes,max_qply,diagnostic_ms,diagnostic_nps,observations,identity,oracle,oracle_nodes
"corpus:winning:full","winning","4k3/8/8/3q4/4P3/8/8/4K3 w - - 0 1","corpus-full","0","0","true","413","e4d5","e4d5","0","2","2","1","0.1081","18501","1","identical","matched","2"
"corpus:winning:lower","winning","4k3/8/8/3q4/4P3/8/8/4K3 w - - 0 1","corpus-lower","0","0","true","413","e4d5","e4d5","0","2","2","1","0.4751","4209","1","identical","not-repeated","0"
"corpus:winning:upper","winning","4k3/8/8/3q4/4P3/8/8/4K3 w - - 0 1","corpus-upper","0","0","true","413","e4d5","e4d5","0","2","2","1","0.0712","28089","1","identical","not-repeated","0"
"corpus:losing-defended:full","losing-defended","3rk3/8/8/3p4/8/8/8/3QK3 w - - 0 1","corpus-full","0","0","true","6","none","","0","3","3","2","0.1047","28653","2","identical","matched","3"
"corpus:losing-defended:lower","losing-defended","3rk3/8/8/3p4/8/8/8/3QK3 w - - 0 1","corpus-lower","0","0","true","6","none","","0","1","1","0","0.0376","26595","0","identical","not-repeated","0"
"corpus:losing-defended:upper","losing-defended","3rk3/8/8/3p4/8/8/8/3QK3 w - - 0 1","corpus-upper","0","0","true","6","none","","0","3","3","2","0.343","8746","2","identical","not-repeated","0"
"corpus:equal-defended:full","equal-defended","rq2k3/8/8/8/8/8/8/R3K3 w - - 0 1","corpus-full","0","0","true","-989","none","","0","3","3","2","0.0979","30643","2","identical","matched","3"
"corpus:equal-defended:lower","equal-defended","rq2k3/8/8/8/8/8/8/R3K3 w - - 0 1","corpus-lower","0","0","true","-989","none","","0","1","1","0","0.0326","30674","0","identical","not-repeated","0"
"corpus:equal-defended:upper","equal-defended","rq2k3/8/8/8/8/8/8/R3K3 w - - 0 1","corpus-upper","0","0","true","-989","none","","0","3","3","2","0.0909","33003","2","identical","not-repeated","0"
"corpus:bishop-xray:full","bishop-xray","4k3/6b1/8/8/3p4/8/3Q4/3RK3 w - - 0 1","corpus-full","0","0","true","877","none","","0","4","4","3","0.1228","32573","3","identical","matched","4"
"corpus:bishop-xray:lower","bishop-xray","4k3/6b1/8/8/3p4/8/3Q4/3RK3 w - - 0 1","corpus-lower","0","0","true","877","none","","0","1","1","0","0.0333","30030","0","identical","not-repeated","0"
"corpus:bishop-xray:upper","bishop-xray","4k3/6b1/8/8/3p4/8/3Q4/3RK3 w - - 0 1","corpus-upper","0","0","true","877","none","","0","4","4","3","0.1241","32232","3","identical","not-repeated","0"
"corpus:diagonal-xray:full","diagonal-xray","4k3/8/6b1/8/8/3r4/2Q5/1B2K3 w - - 0 1","corpus-full","0","0","true","284","none","","0","3","3","2","1.4699","2040","2","identical","matched","3"
"corpus:diagonal-xray:lower","diagonal-xray","4k3/8/6b1/8/8/3r4/2Q5/1B2K3 w - - 0 1","corpus-lower","0","0","true","284","none","","0","1","1","0","0.0437","22883","0","identical","not-repeated","0"
"corpus:diagonal-xray:upper","diagonal-xray","4k3/8/6b1/8/8/3r4/2Q5/1B2K3 w - - 0 1","corpus-upper","0","0","true","284","none","","0","3","3","2","0.0808","37128","2","identical","not-repeated","0"
"corpus:successive-xrays:full","successive-xrays","7k/3r4/3q4/3r4/3p4/3R4/3Q4/K2R4 w - - 0 1","corpus-full","0","0","true","-306","none","","0","11","11","6","0.8891","12372","3","identical","matched","48"
"corpus:successive-xrays:lower","successive-xrays","7k/3r4/3q4/3r4/3p4/3R4/3Q4/K2R4 w - - 0 1","corpus-lower","0","0","true","-306","none","","0","1","1","0","0.0264","37878","0","identical","not-repeated","0"
"corpus:successive-xrays:upper","successive-xrays","7k/3r4/3q4/3r4/3p4/3R4/3Q4/K2R4 w - - 0 1","corpus-upper","0","0","true","-306","none","","0","11","11","6","0.6193","17761","3","identical","not-repeated","0"
"corpus:pinned-defender:full","pinned-defender","4k3/3n4/8/1B2p3/5P2/8/8/4K3 w - - 0 1","corpus-full","0","0","true","514","f4e5","f4e5","0","5","5","3","0.0926","53995","2","identical","matched","15"
"corpus:pinned-defender:lower","pinned-defender","4k3/3n4/8/1B2p3/5P2/8/8/4K3 w - - 0 1","corpus-lower","0","0","true","514","f4e5","f4e5","0","2","2","1","0.044","45454","1","identical","not-repeated","0"
"corpus:pinned-defender:upper","pinned-defender","4k3/3n4/8/1B2p3/5P2/8/8/4K3 w - - 0 1","corpus-upper","0","0","true","514","f4e5","f4e5","0","5","5","3","0.1983","25214","2","identical","not-repeated","0"
"corpus:king-capture-evasion:full","king-capture-evasion","4k3/8/8/8/8/8/4r3/4K3 w - - 0 1","corpus-full","0","0","true","0","e1e2","e1e2","0","4","4","1","0.0574","69686","0","identical","matched","4"
"corpus:king-capture-evasion:lower","king-capture-evasion","4k3/8/8/8/8/8/4r3/4K3 w - - 0 1","corpus-lower","0","0","true","0","e1e2","e1e2","0","2","2","1","0.0257","77821","0","identical","not-repeated","0"
"corpus:king-capture-evasion:upper","king-capture-evasion","4k3/8/8/8/8/8/4r3/4K3 w - - 0 1","corpus-upper","0","0","true","0","e1e2","e1e2","0","4","4","1","0.0601","66555","0","identical","not-repeated","0"
"corpus:unsafe-king-recapture:full","unsafe-king-recapture","8/8/4k3/3r4/8/1B6/8/3RK3 w - - 0 1","corpus-full","0","0","true","1131","d1d5","d1d5","0","4","4","2","0.0936","42735","1","identical","matched","9"
"corpus:unsafe-king-recapture:lower","unsafe-king-recapture","8/8/4k3/3r4/8/1B6/8/3RK3 w - - 0 1","corpus-lower","0","0","true","1131","d1d5","d1d5","0","2","2","1","0.0394","50761","1","identical","not-repeated","0"
"corpus:unsafe-king-recapture:upper","unsafe-king-recapture","8/8/4k3/3r4/8/1B6/8/3RK3 w - - 0 1","corpus-upper","0","0","true","1131","d1d5","d1d5","0","4","4","2","0.0698","57306","1","identical","not-repeated","0"
"corpus:ep-winning:full","ep-winning","4k3/8/8/3pP3/8/8/8/4K3 w - d6 0 1","corpus-full","0","0","true","434","e5d6","e5d6","0","2","2","1","0.0454","44052","1","identical","matched","2"
"corpus:ep-winning:lower","ep-winning","4k3/8/8/3pP3/8/8/8/4K3 w - d6 0 1","corpus-lower","0","0","true","434","e5d6","e5d6","0","2","2","1","0.0408","49019","1","identical","not-repeated","0"
"corpus:ep-winning:upper","ep-winning","4k3/8/8/3pP3/8/8/8/4K3 w - d6 0 1","corpus-upper","0","0","true","434","e5d6","e5d6","0","2","2","1","0.041","48780","1","identical","not-repeated","0"
"corpus:ep-defended:full","ep-defended","4k3/8/8/3pP3/3r4/8/8/4K3 w - d6 0 1","corpus-full","0","0","true","-682","none","","0","3","3","2","0.0554","54151","2","identical","matched","3"
"corpus:ep-defended:lower","ep-defended","4k3/8/8/3pP3/3r4/8/8/4K3 w - d6 0 1","corpus-lower","0","0","true","-682","none","","0","1","1","0","0.0222","45045","0","identical","not-repeated","0"
"corpus:ep-defended:upper","ep-defended","4k3/8/8/3pP3/3r4/8/8/4K3 w - d6 0 1","corpus-upper","0","0","true","-682","none","","0","3","3","2","2.2769","1317","2","identical","not-repeated","0"
"corpus:ep-black:full","ep-black","4k3/8/8/3R4/3Pp3/8/8/4K3 b - d3 0 1","corpus-full","0","0","true","-682","none","","0","3","3","2","0.0624","48076","2","identical","matched","3"
"corpus:ep-black:lower","ep-black","4k3/8/8/3R4/3Pp3/8/8/4K3 b - d3 0 1","corpus-lower","0","0","true","-682","none","","0","1","1","0","0.0194","51546","0","identical","not-repeated","0"
"corpus:ep-black:upper","ep-black","4k3/8/8/3R4/3Pp3/8/8/4K3 b - d3 0 1","corpus-upper","0","0","true","-682","none","","0","3","3","2","0.2101","14278","2","identical","not-repeated","0"
"corpus:quiet-promotion:full","quiet-promotion","7k/P7/8/8/8/8/8/7K w - - 0 1","corpus-full","0","0","true","1063","none","","0","8","8","2","0.6479","12347","0","identical","matched","9"
"corpus:quiet-promotion:lower","quiet-promotion","7k/P7/8/8/8/8/8/7K w - - 0 1","corpus-lower","0","0","true","1063","none","","0","1","1","0","0.0122","81967","0","identical","not-repeated","0"
"corpus:quiet-promotion:upper","quiet-promotion","7k/P7/8/8/8/8/8/7K w - - 0 1","corpus-upper","0","0","true","1063","none","","0","8","8","2","5.106","1566","0","identical","not-repeated","0"
"corpus:quiet-promotion-black:full","quiet-promotion-black","k7/8/8/8/8/8/p7/7K b - - 0 1","corpus-full","0","0","true","1081","none","","0","7","7","2","0.8253","8481","0","identical","matched","9"
"corpus:quiet-promotion-black:lower","quiet-promotion-black","k7/8/8/8/8/8/p7/7K b - - 0 1","corpus-lower","0","0","true","1081","none","","0","1","1","0","0.011","90909","0","identical","not-repeated","0"
"corpus:quiet-promotion-black:upper","quiet-promotion-black","k7/8/8/8/8/8/p7/7K b - - 0 1","corpus-upper","0","0","true","1081","none","","0","7","7","2","0.0496","141129","0","identical","not-repeated","0"
"corpus:defended-quiet-promotion:full","defended-quiet-promotion","7k/P7/r7/8/8/8/8/7K w - - 0 1","corpus-full","0","0","true","33","none","","0","15","15","3","1.1056","13567","4","identical","matched","17"
"corpus:defended-quiet-promotion:lower","defended-quiet-promotion","7k/P7/r7/8/8/8/8/7K w - - 0 1","corpus-lower","0","0","true","33","none","","0","1","1","0","0.0168","59523","0","identical","not-repeated","0"
"corpus:defended-quiet-promotion:upper","defended-quiet-promotion","7k/P7/r7/8/8/8/8/7K w - - 0 1","corpus-upper","0","0","true","33","none","","0","13","13","3","0.1148","113240","2","identical","not-repeated","0"
"corpus:promotion-stalemate-resource:full","promotion-stalemate-resource","3r4/1P6/8/8/8/1k6/p7/K7 w - - 0 1","corpus-full","0","0","true","0","b7b8q","b7b8q d8b8","0","29","29","3","3.9448","7351","12","identical","matched","45"
"corpus:promotion-stalemate-resource:lower","promotion-stalemate-resource","3r4/1P6/8/8/8/1k6/p7/K7 w - - 0 1","corpus-lower","0","0","true","0","b7b8q","b7b8q","0","13","13","3","0.0766","169712","5","identical","not-repeated","0"
"corpus:promotion-stalemate-resource:upper","promotion-stalemate-resource","3r4/1P6/8/8/8/1k6/p7/K7 w - - 0 1","corpus-upper","0","0","true","0","b7b8q","b7b8q d8b8","0","27","27","3","0.7231","37339","10","identical","not-repeated","0"
"corpus:promotion-positional-resource:full","promotion-positional-resource","3r4/1P6/8/7q/8/1k6/p7/K7 w - - 0 1","corpus-full","0","0","true","-389","b7b8q","b7b8q b3a3 b8d8","0","25","25","4","0.3079","81195","8","identical","matched","67"
"corpus:promotion-positional-resource:lower","promotion-positional-resource","3r4/1P6/8/7q/8/1k6/p7/K7 w - - 0 1","corpus-lower","0","0","true","-389","b7b8q","b7b8q","0","18","18","4","0.0879","204778","5","identical","not-repeated","0"
"corpus:promotion-positional-resource:upper","promotion-positional-resource","3r4/1P6/8/7q/8/1k6/p7/K7 w - - 0 1","corpus-upper","0","0","true","-389","b7b8q","b7b8q b3a3","0","12","12","3","0.0557","215439","4","identical","not-repeated","0"
"corpus:capture-promotion:full","capture-promotion","1r5k/P7/8/8/8/8/8/7K w - - 0 1","corpus-full","0","0","true","1070","a7b8q","a7b8q h8h7","0","12","12","2","0.0383","313315","0","identical","matched","17"
"corpus:capture-promotion:lower","capture-promotion","1r5k/P7/8/8/8/8/8/7K w - - 0 1","corpus-lower","0","0","true","1070","a7b8q","a7b8q","0","4","4","2","0.0235","170212","0","identical","not-repeated","0"
"corpus:capture-promotion:upper","capture-promotion","1r5k/P7/8/8/8/8/8/7K w - - 0 1","corpus-upper","0","0","true","1070","a7b8q","a7b8q h8h7","0","12","12","2","0.0364","329670","0","identical","not-repeated","0"
"corpus:capture-promotion-black:full","capture-promotion-black","4k3/8/8/8/8/8/6p1/4K2R b - - 0 1","corpus-full","0","0","true","1116","g2h1q","g2h1q e1d2","0","17","17","3","0.2964","57354","2","identical","matched","29"
"corpus:capture-promotion-black:lower","capture-promotion-black","4k3/8/8/8/8/8/6p1/4K2R b - - 0 1","corpus-lower","0","0","true","1116","g2h1q","g2h1q","0","5","5","2","0.3593","13915","0","identical","not-repeated","0"
"corpus:capture-promotion-black:upper","capture-promotion-black","4k3/8/8/8/8/8/6p1/4K2R b - - 0 1","corpus-upper","0","0","true","1116","g2h1q","g2h1q e1d2","0","15","15","3","0.0457","328227","2","identical","not-repeated","0"
"corpus:promotion-recapture:full","promotion-recapture","r6b/4k1P1/8/8/8/8/8/4K2R w - - 0 1","corpus-full","0","0","true","738","g7h8q","g7h8q a8h8 h1h8","0","16","16","3","0.0464","344827","6","identical","matched","73"
"corpus:promotion-recapture:lower","promotion-recapture","r6b/4k1P1/8/8/8/8/8/4K2R w - - 0 1","corpus-lower","0","0","true","738","g7h8q","g7h8q","0","4","4","3","0.0246","162601","2","identical","not-repeated","0"
"corpus:promotion-recapture:upper","promotion-recapture","r6b/4k1P1/8/8/8/8/8/4K2R w - - 0 1","corpus-upper","0","0","true","738","g7h8q","g7h8q a8h8","0","16","16","3","0.0447","357941","6","identical","not-repeated","0"
"corpus:rook-underpromotion:full","rook-underpromotion","8/k1P5/2K5/8/8/8/8/8 w - - 0 1","corpus-full","0","0","true","1110","none","","0","5","5","1","0.0162","308641","0","identical","matched","5"
"corpus:rook-underpromotion:lower","rook-underpromotion","8/k1P5/2K5/8/8/8/8/8 w - - 0 1","corpus-lower","0","0","true","1110","none","","0","1","1","0","0.0076","131578","0","identical","not-repeated","0"
"corpus:rook-underpromotion:upper","rook-underpromotion","8/k1P5/2K5/8/8/8/8/8 w - - 0 1","corpus-upper","0","0","true","1110","none","","0","5","5","1","0.017","294117","0","identical","not-repeated","0"
"corpus:checking-sacrifice:full","checking-sacrifice","5r1k/4Qpbp/4NN1N/8/8/8/8/4K3 w - - 0 1","corpus-full","0","0","true","32765","e7f8","e7f8 g7f8 h6f7","0","25","25","5","0.3286","76080","16","identical","matched","735"
"corpus:checking-sacrifice:lower","checking-sacrifice","5r1k/4Qpbp/4NN1N/8/8/8/8/4K3 w - - 0 1","corpus-lower","0","0","true","32765","e7f8","e7f8","0","12","12","3","0.0379","316622","6","identical","not-repeated","0"
"corpus:checking-sacrifice:upper","checking-sacrifice","5r1k/4Qpbp/4NN1N/8/8/8/8/4K3 w - - 0 1","corpus-upper","0","0","true","32765","e7f8","e7f8 g7f8","0","15","15","3","0.0483","310559","9","identical","not-repeated","0"
"corpus:capture-mate:full","capture-mate","7k/6p1/5KQ1/8/8/8/8/8 w - - 0 1","corpus-full","0","0","true","32767","g6g7","g6g7","0","8","8","1","0.0223","358744","0","identical","matched","8"
"corpus:capture-mate:lower","capture-mate","7k/6p1/5KQ1/8/8/8/8/8 w - - 0 1","corpus-lower","0","0","true","32767","g6g7","g6g7","0","8","8","1","0.0207","386473","0","identical","not-repeated","0"
"corpus:capture-mate:upper","capture-mate","7k/6p1/5KQ1/8/8/8/8/8 w - - 0 1","corpus-upper","0","0","true","32767","g6g7","g6g7","0","8","8","1","0.0205","390243","0","identical","not-repeated","0"
"corpus:quiet-evasions:full","quiet-evasions","4r1k1/8/8/8/8/8/8/4K3 w - - 0 1","corpus-full","0","0","true","-722","e1d1","e1d1","0","5","5","1","0.0213","234741","0","identical","matched","5"
"corpus:quiet-evasions:lower","quiet-evasions","4r1k1/8/8/8/8/8/8/4K3 w - - 0 1","corpus-lower","0","0","true","-722","e1d1","e1d1","0","2","2","1","0.0148","135135","0","identical","not-repeated","0"
"corpus:quiet-evasions:upper","quiet-evasions","4r1k1/8/8/8/8/8/8/4K3 w - - 0 1","corpus-upper","0","0","true","-722","e1d1","e1d1","0","5","5","1","0.0132","378787","0","identical","not-repeated","0"
"corpus:negative-capture-evasion:full","negative-capture-evasion","4k3/6b1/8/8/3b4/8/3Q4/6K1 w - - 0 1","corpus-full","0","0","true","247","g1f1","g1f1","0","45","45","6","0.0852","528169","4","identical","matched","88"
"corpus:negative-capture-evasion:lower","negative-capture-evasion","4k3/6b1/8/8/3b4/8/3Q4/6K1 w - - 0 1","corpus-lower","0","0","true","247","g1f1","g1f1","0","2","2","1","0.4172","4793","0","identical","not-repeated","0"
"corpus:negative-capture-evasion:upper","negative-capture-evasion","4k3/6b1/8/8/3b4/8/3Q4/6K1 w - - 0 1","corpus-upper","0","0","true","247","g1f1","g1f1","0","15","15","2","0.0385","389610","0","identical","not-repeated","0"
"corpus:counterchecking-block:full","counterchecking-block","4r3/8/8/8/8/8/8/2B1K1k1 w - - 0 1","corpus-full","0","0","true","-349","e1d1","e1d1","0","10","10","3","0.0232","431034","0","identical","matched","10"
"corpus:counterchecking-block:lower","counterchecking-block","4r3/8/8/8/8/8/8/2B1K1k1 w - - 0 1","corpus-lower","0","0","true","-349","e1d1","e1d1","0","2","2","1","0.0118","169491","0","identical","not-repeated","0"
"corpus:counterchecking-block:upper","counterchecking-block","4r3/8/8/8/8/8/8/2B1K1k1 w - - 0 1","corpus-upper","0","0","true","-349","e1d1","e1d1","0","10","10","3","0.0276","362318","0","identical","not-repeated","0"
"corpus:three-capture-xray:full","three-capture-xray","7k/8/1p6/q7/8/Q7/8/R6K w - - 0 1","corpus-full","0","0","true","707","a3a5","a3a5 b6a5 a1a5","0","4","4","3","0.0189","211640","3","identical","matched","4"
"corpus:three-capture-xray:lower","three-capture-xray","7k/8/1p6/q7/8/Q7/8/R6K w - - 0 1","corpus-lower","0","0","true","707","a3a5","a3a5","0","4","4","3","0.0142","281690","3","identical","not-repeated","0"
"corpus:three-capture-xray:upper","three-capture-xray","7k/8/1p6/q7/8/Q7/8/R6K w - - 0 1","corpus-upper","0","0","true","707","a3a5","a3a5 b6a5","0","4","4","3","0.0128","312500","3","identical","not-repeated","0"
"corpus:nonchecking-clearance:full","nonchecking-clearance","b1q4k/8/8/2p5/N7/8/8/R3K3 w - - 0 1","corpus-full","0","0","true","-410","a4c5","a4c5","0","8","8","4","0.0264","303030","2","identical","matched","14"
"corpus:nonchecking-clearance:lower","nonchecking-clearance","b1q4k/8/8/2p5/N7/8/8/R3K3 w - - 0 1","corpus-lower","0","0","true","-410","a4c5","a4c5","0","8","8","4","0.0237","337552","2","identical","not-repeated","0"
"corpus:nonchecking-clearance:upper","nonchecking-clearance","b1q4k/8/8/2p5/N7/8/8/R3K3 w - - 0 1","corpus-upper","0","0","true","-410","a4c5","a4c5","0","2","2","1","0.0098","204081","1","identical","not-repeated","0"
"corpus:tactical:full","tactical","4k3/8/2p1p3/3q4/2P1P3/3Q4/8/4K3 w - - 0 1","corpus-full","0","0","true","1072","c4d5","c4d5 c6d5 e4d5","0","31","31","5","0.0782","396419","30","identical","matched","46"
"corpus:tactical:lower","tactical","4k3/8/2p1p3/3q4/2P1P3/3Q4/8/4K3 w - - 0 1","corpus-lower","0","0","true","1072","c4d5","c4d5","0","14","14","5","0.0396","353535","13","identical","not-repeated","0"
"corpus:tactical:upper","tactical","4k3/8/2p1p3/3q4/2P1P3/3Q4/8/4K3 w - - 0 1","corpus-upper","0","0","true","1072","c4d5","c4d5 c6d5","0","17","17","5","0.0388","438144","16","identical","not-repeated","0"
"corpus:quiet-mate-excluded:full","quiet-mate-excluded","7k/8/5KQ1/8/8/8/8/8 w - - 0 1","corpus-full","0","0","true","1146","none","","0","1","1","0","0.0131","76335","0","identical","matched","1"
"corpus:quiet-mate-excluded:lower","quiet-mate-excluded","7k/8/5KQ1/8/8/8/8/8 w - - 0 1","corpus-lower","0","0","true","1146","none","","0","1","1","0","0.009","111111","0","identical","not-repeated","0"
"corpus:quiet-mate-excluded:upper","quiet-mate-excluded","7k/8/5KQ1/8/8/8/8/8 w - - 0 1","corpus-upper","0","0","true","1146","none","","0","1","1","0","0.0067","149253","0","identical","not-repeated","0"
"corpus:fifty-evasion:full","fifty-evasion","4r1k1/8/8/8/8/8/8/4K3 w - - 99 1","corpus-full","0","0","true","0","e1d1","e1d1","0","5","5","1","0.0139","359712","0","identical","matched","5"
"corpus:fifty-evasion:lower","fifty-evasion","4r1k1/8/8/8/8/8/8/4K3 w - - 99 1","corpus-lower","0","0","true","0","e1d1","e1d1","0","2","2","1","0.0094","212765","0","identical","not-repeated","0"
"corpus:fifty-evasion:upper","fifty-evasion","4r1k1/8/8/8/8/8/8/4K3 w - - 99 1","corpus-upper","0","0","true","0","e1d1","e1d1","0","5","5","1","0.0124","403225","0","identical","not-repeated","0"
"corpus:mate-before-fifty:full","mate-before-fifty","7k/6Q1/5K2/8/8/8/8/8 b - - 100 1","corpus-full","0","0","true","-32768","none","","0","1","1","0","0.0088","113636","0","identical","matched","1"
"corpus:mate-before-fifty:lower","mate-before-fifty","7k/6Q1/5K2/8/8/8/8/8 b - - 100 1","corpus-lower","0","0","true","-32768","none","","0","1","1","0","0.0094","106382","0","identical","not-repeated","0"
"corpus:mate-before-fifty:upper","mate-before-fifty","7k/6Q1/5K2/8/8/8/8/8 b - - 100 1","corpus-upper","0","0","true","-32768","none","","0","1","1","0","0.0081","123456","0","identical","not-repeated","0"
"corpus:stalemate:full","stalemate","7k/5K2/6Q1/8/8/8/8/8 b - - 0 1","corpus-full","0","0","true","0","none","","0","1","1","0","0.0075","133333","0","identical","matched","1"
"corpus:stalemate:lower","stalemate","7k/5K2/6Q1/8/8/8/8/8 b - - 0 1","corpus-lower","0","0","true","0","none","","0","1","1","0","0.0055","181818","0","identical","not-repeated","0"
"corpus:stalemate:upper","stalemate","7k/5K2/6Q1/8/8/8/8/8 b - - 0 1","corpus-upper","0","0","true","0","none","","0","1","1","0","0.1463","6835","0","identical","not-repeated","0"
"corpus:insufficient:full","insufficient","4k3/8/8/8/8/8/8/4K3 w - - 0 1","corpus-full","0","0","true","0","none","","0","1","1","0","0.0043","232558","0","identical","matched","1"
"corpus:insufficient:lower","insufficient","4k3/8/8/8/8/8/8/4K3 w - - 0 1","corpus-lower","0","0","true","0","none","","0","1","1","0","0.0031","322580","0","identical","not-repeated","0"
"corpus:insufficient:upper","insufficient","4k3/8/8/8/8/8/8/4K3 w - - 0 1","corpus-upper","0","0","true","0","none","","0","1","1","0","0.0029","344827","0","identical","not-repeated","0"
"corpus:mate-five:full","mate-five","7k/5prp/4QB2/8/8/7R/8/4K2R w - - 0 1","corpus-full","0","0","true","32763","h3h7","h3h7 h8g8 h7g7 g8f8 e6f7","0","34","34","6","0.0701","485021","6","identical","matched","50"
"corpus:mate-five:lower","mate-five","7k/5prp/4QB2/8/8/7R/8/4K2R w - - 0 1","corpus-lower","0","0","true","32763","h3h7","h3h7","0","19","19","5","2.2973","8270","3","identical","not-repeated","0"
"corpus:mate-five:upper","mate-five","7k/5prp/4QB2/8/8/7R/8/4K2R w - - 0 1","corpus-upper","0","0","true","32763","f6g7","f6g7 h8g7","0","26","26","6","1.2788","20331","3","identical","not-repeated","0"
"corpus:draw-five:full","draw-five","7k/2b4n/1p6/qK6/8/Q7/8/R7 w - - 0 1","corpus-full","0","0","true","0","a3a5","a3a5 b6a5 a1a5 c7a5 b5a5","0","12","12","5","0.0274","437956","8","identical","matched","15"
"corpus:draw-five:lower","draw-five","7k/2b4n/1p6/qK6/8/Q7/8/R7 w - - 0 1","corpus-lower","0","0","true","0","a3a5","a3a5","0","8","8","5","0.0171","467836","4","identical","not-repeated","0"
"corpus:draw-five:upper","draw-five","7k/2b4n/1p6/qK6/8/Q7/8/R7 w - - 0 1","corpus-upper","0","0","true","0","a3a5","a3a5 b6a5","0","8","8","5","0.6439","12424","4","identical","not-repeated","0"
"corpus:tail-kiwipete-e1d1:full","tail-kiwipete-e1d1","r3k2r/p1ppqpb1/bn2pnp1/3PN3/1p2P3/2N2Q1p/PPPBBPPP/R2K3R b kq - 1 1","corpus-full","0","0","true","300","h3g2","h3g2 f3g2 b4c3 d2c3 a6e2 d1e2 e6d5 e5g6 f7g6 g2g6 e8d8","0","35898","35898","31","87.9242","408283","21029","identical","guard-rejected-not-exact","200001"
"corpus:tail-kiwipete-e1d1:lower","tail-kiwipete-e1d1","r3k2r/p1ppqpb1/bn2pnp1/3PN3/1p2P3/2N2Q1p/PPPBBPPP/R2K3R b kq - 1 1","corpus-lower","0","0","true","300","h3g2","h3g2","0","4926","4926","26","33.3889","147534","2650","identical","not-repeated","0"
"corpus:tail-kiwipete-e1d1:upper","tail-kiwipete-e1d1","r3k2r/p1ppqpb1/bn2pnp1/3PN3/1p2P3/2N2Q1p/PPPBBPPP/R2K3R b kq - 1 1","corpus-upper","0","0","true","300","a6e2","a6e2 d1e2","0","467","467","15","0.2641","1768269","365","identical","not-repeated","0"
"corpus:tail-kiwipete-f3h3:full","tail-kiwipete-f3h3","r3k2r/p1ppqpb1/bn2pnp1/3PN3/1p2P3/2N4Q/PPPBBPPP/R3K2R b KQkq - 0 1","corpus-full","0","0","true","590","h8h3","h8h3 g2h3 b4c3","0","743","743","16","0.4201","1768626","475","identical","guard-rejected-not-exact","200001"
"corpus:tail-kiwipete-f3h3:lower","tail-kiwipete-f3h3","r3k2r/p1ppqpb1/bn2pnp1/3PN3/1p2P3/2N4Q/PPPBBPPP/R3K2R b KQkq - 0 1","corpus-lower","0","0","true","590","h8h3","h8h3","0","337","337","16","0.1903","1770888","206","identical","not-repeated","0"
"corpus:tail-kiwipete-f3h3:upper","tail-kiwipete-f3h3","r3k2r/p1ppqpb1/bn2pnp1/3PN3/1p2P3/2N4Q/PPPBBPPP/R3K2R b KQkq - 0 1","corpus-upper","0","0","true","590","h8h3","h8h3 g2h3","0","21","21","5","0.0178","1179775","20","identical","not-repeated","0"
"corpus:tail-evasion-:full","tail-evasion-","r3k2r/Pppp1ppp/1b3nbN/nP6/BBP1P3/q4N2/Pp1P2PP/R2Q1RK1 w kq - 0 1","corpus-full","0","0","true","-391","d2d4","d2d4 b2a1q d1a1 a3b4","0","2508","2508","18","1.5447","1623616","1925","identical","guard-rejected-not-exact","200001"
"corpus:tail-evasion-:lower","tail-evasion-","r3k2r/Pppp1ppp/1b3nbN/nP6/BBP1P3/q4N2/Pp1P2PP/R2Q1RK1 w kq - 0 1","corpus-lower","0","0","true","-391","d2d4","d2d4","0","662","662","18","0.4186","1581462","515","identical","not-repeated","0"
"corpus:tail-evasion-:upper","tail-evasion-","r3k2r/Pppp1ppp/1b3nbN/nP6/BBP1P3/q4N2/Pp1P2PP/R2Q1RK1 w kq - 0 1","corpus-upper","0","0","true","-391","d2d4","d2d4 b2a1q","0","773","773","18","0.4651","1662008","572","identical","not-repeated","0"
"corpus:tail-evasion-f1f2:full","tail-evasion-f1f2","r3k2r/Pppp1ppp/1b3nbN/nP6/BBP1P3/q4N2/Pp1P1RPP/R2Q2K1 b kq - 1 1","corpus-full","0","0","true","696","b2a1q","b2a1q d1a1 b6f2 g1f2 a3b4","0","1827","1827","22","0.9483","1926605","1192","identical","guard-rejected-not-exact","200001"
"corpus:tail-evasion-f1f2:lower","tail-evasion-f1f2","r3k2r/Pppp1ppp/1b3nbN/nP6/BBP1P3/q4N2/Pp1P1RPP/R2Q2K1 b kq - 1 1","corpus-lower","0","0","true","696","b2a1q","b2a1q","0","96","96","17","0.0731","1313269","65","identical","not-repeated","0"
"corpus:tail-evasion-f1f2:upper","tail-evasion-f1f2","r3k2r/Pppp1ppp/1b3nbN/nP6/BBP1P3/q4N2/Pp1P1RPP/R2Q2K1 b kq - 1 1","corpus-upper","0","0","true","696","b2a1q","b2a1q d1a1","0","652","652","11","0.3496","1864988","438","identical","not-repeated","0"
"corpus:tail-evasion-f3d4:full","tail-evasion-f3d4","r3k2r/Pppp1ppp/1b3nbN/nP6/BBPNP3/q7/Pp1P2PP/R2Q1RK1 b kq - 1 1","corpus-full","0","0","true","671","b6d4","b6d4 g1h1 b2a1q d1a1 d4a1 b4a3 a8a7 f1a1 g7h6","0","746","746","15","0.4737","1574836","636","identical","guard-rejected-not-exact","200001"
"corpus:tail-evasion-f3d4:lower","tail-evasion-f3d4","r3k2r/Pppp1ppp/1b3nbN/nP6/BBPNP3/q7/Pp1P2PP/R2Q1RK1 b kq - 1 1","corpus-lower","0","0","true","671","b6d4","b6d4","0","112","112","11","0.0746","1501340","85","identical","not-repeated","0"
"corpus:tail-evasion-f3d4:upper","tail-evasion-f3d4","r3k2r/Pppp1ppp/1b3nbN/nP6/BBPNP3/q7/Pp1P2PP/R2Q1RK1 b kq - 1 1","corpus-upper","0","0","true","671","b2a1q","b2a1q d1a1","0","308","308","11","0.2027","1519486","285","identical","not-repeated","0"
"corpus:tail-middlegame-d3d4:full","tail-middlegame-d3d4","r4rk1/1pp1qppp/p1np1n2/2b1p1B1/2BPP1b1/P1N2N2/1PP1QPPP/R4RK1 b - - 0 10","corpus-full","0","0","true","133","c6d4","c6d4","0","1123","1123","20","0.7006","1602911","719","identical","guard-rejected-not-exact","200001"
"corpus:tail-middlegame-d3d4:lower","tail-middlegame-d3d4","r4rk1/1pp1qppp/p1np1n2/2b1p1B1/2BPP1b1/P1N2N2/1PP1QPPP/R4RK1 b - - 0 10","corpus-lower","0","0","true","133","c6d4","c6d4","0","178","178","20","0.1138","1564147","135","identical","not-repeated","0"
"corpus:tail-middlegame-d3d4:upper","tail-middlegame-d3d4","r4rk1/1pp1qppp/p1np1n2/2b1p1B1/2BPP1b1/P1N2N2/1PP1QPPP/R4RK1 b - - 0 10","corpus-upper","0","0","true","133","c6d4","c6d4","0","13","13","3","0.0135","962962","12","identical","not-repeated","0"
"corpus:quiet-direct-mate:full","quiet-direct-mate","7k/8/5KQ1/8/8/8/8/8 w - - 98 1","corpus-full","0","0","true","1146","none","","0","1","1","0","0.005","200000","0","identical","matched","1"
"corpus:quiet-direct-mate:lower","quiet-direct-mate","7k/8/5KQ1/8/8/8/8/8 w - - 98 1","corpus-lower","0","0","true","1146","none","","0","1","1","0","2.8832","346","0","identical","not-repeated","0"
"corpus:quiet-direct-mate:upper","quiet-direct-mate","7k/8/5KQ1/8/8/8/8/8 w - - 98 1","corpus-upper","0","0","true","1146","none","","0","1","1","0","0.0056","178571","0","identical","not-repeated","0"
"corpus:quiet-double-discovery:full","quiet-double-discovery","k7/8/B1K5/8/8/8/8/R7 w - - 98 1","corpus-full","0","0","true","1115","none","","0","1","1","0","0.0043","232558","0","identical","matched","1"
"corpus:quiet-double-discovery:lower","quiet-double-discovery","k7/8/B1K5/8/8/8/8/R7 w - - 98 1","corpus-lower","0","0","true","1115","none","","0","1","1","0","0.0057","175438","0","identical","not-repeated","0"
"corpus:quiet-double-discovery:upper","quiet-double-discovery","k7/8/B1K5/8/8/8/8/R7 w - - 98 1","corpus-upper","0","0","true","1115","none","","0","1","1","0","0.0085","117647","0","identical","not-repeated","0"
"corpus:quiet-pawn-check:full","quiet-pawn-check","8/8/3kp3/8/4PK2/8/8/8 w - - 0 1","corpus-full","0","0","true","18","none","","0","1","1","0","0.0031","322580","0","identical","matched","1"
"corpus:quiet-pawn-check:lower","quiet-pawn-check","8/8/3kp3/8/4PK2/8/8/8 w - - 0 1","corpus-lower","0","0","true","18","none","","0","1","1","0","0.0028","357142","0","identical","not-repeated","0"
"corpus:quiet-pawn-check:upper","quiet-pawn-check","8/8/3kp3/8/4PK2/8/8/8 w - - 0 1","corpus-upper","0","0","true","18","none","","0","1","1","0","0.0046","217391","0","identical","not-repeated","0"
"corpus:quiet-king-discovery:full","quiet-king-discovery","k7/8/K7/8/8/8/8/R7 w - - 98 1","corpus-full","0","0","true","724","none","","0","1","1","0","0.0038","263157","0","identical","matched","1"
"corpus:quiet-king-discovery:lower","quiet-king-discovery","k7/8/K7/8/8/8/8/R7 w - - 98 1","corpus-lower","0","0","true","724","none","","0","1","1","0","0.0061","163934","0","identical","not-repeated","0"
"corpus:quiet-king-discovery:upper","quiet-king-discovery","k7/8/K7/8/8/8/8/R7 w - - 98 1","corpus-upper","0","0","true","724","none","","0","1","1","0","0.0026","384615","0","identical","not-repeated","0"
"corpus:quiet-castling-check:full","quiet-castling-check","5k2/8/8/8/8/8/8/4K2R w K - 98 1","corpus-full","0","0","true","699","none","","0","1","1","0","0.0127","78740","0","identical","matched","1"
"corpus:quiet-castling-check:lower","quiet-castling-check","5k2/8/8/8/8/8/8/4K2R w K - 98 1","corpus-lower","0","0","true","699","none","","0","1","1","0","0.0039","256410","0","identical","not-repeated","0"
"corpus:quiet-castling-check:upper","quiet-castling-check","5k2/8/8/8/8/8/8/4K2R w K - 98 1","corpus-upper","0","0","true","699","none","","0","1","1","0","0.0048","208333","0","identical","not-repeated","0"
"corpus:quiet-knight-fork:full","quiet-knight-fork","4k3/5q2/8/5N2/8/8/8/4K3 w - - 0 1","corpus-full","0","0","true","-752","none","","0","1","1","0","0.0081","123456","0","identical","matched","1"
"corpus:quiet-knight-fork:lower","quiet-knight-fork","4k3/5q2/8/5N2/8/8/8/4K3 w - - 0 1","corpus-lower","0","0","true","-752","none","","0","1","1","0","0.0035","285714","0","identical","not-repeated","0"
"corpus:quiet-knight-fork:upper","quiet-knight-fork","4k3/5q2/8/5N2/8/8/8/4K3 w - - 0 1","corpus-upper","0","0","true","-752","none","","0","1","1","0","0.0044","227272","0","identical","not-repeated","0"
"corpus:quiet-smother-sacrifice:full","quiet-smother-sacrifice","5r1k/6pp/4Q2N/8/8/8/8/4K3 w - - 0 1","corpus-full","0","0","true","82","none","","0","1","1","0","0.0043","232558","0","identical","matched","1"
"corpus:quiet-smother-sacrifice:lower","quiet-smother-sacrifice","5r1k/6pp/4Q2N/8/8/8/8/4K3 w - - 0 1","corpus-lower","0","0","true","82","none","","0","1","1","0","0.0036","277777","0","identical","not-repeated","0"
"corpus:quiet-smother-sacrifice:upper","quiet-smother-sacrifice","5r1k/6pp/4Q2N/8/8/8/8/4K3 w - - 0 1","corpus-upper","0","0","true","82","none","","0","1","1","0","0.0119","84033","0","identical","not-repeated","0"
"corpus:quiet-check-rule50-draw:full","quiet-check-rule50-draw","4k3/8/8/8/8/8/7q/R3K3 w - - 98 1","corpus-full","0","0","true","-454","none","","0","1","1","0","0.0047","212765","0","identical","matched","1"
"corpus:quiet-check-rule50-draw:lower","quiet-check-rule50-draw","4k3/8/8/8/8/8/7q/R3K3 w - - 98 1","corpus-lower","0","0","true","-454","none","","0","1","1","0","0.0038","263157","0","identical","not-repeated","0"
"corpus:quiet-check-rule50-draw:upper","quiet-check-rule50-draw","4k3/8/8/8/8/8/7q/R3K3 w - - 98 1","corpus-upper","0","0","true","-454","none","","0","1","1","0","0.0038","263157","0","identical","not-repeated","0"
"corpus:quiet-rook-checks-standpat:full","quiet-rook-checks-standpat","4k3/8/8/8/8/8/8/R3K3 w - - 98 1","corpus-full","0","0","true","692","none","","0","1","1","0","0.0044","227272","0","identical","matched","1"
"corpus:quiet-rook-checks-standpat:lower","quiet-rook-checks-standpat","4k3/8/8/8/8/8/8/R3K3 w - - 98 1","corpus-lower","0","0","true","692","none","","0","1","1","0","0.0082","121951","0","identical","not-repeated","0"
"corpus:quiet-rook-checks-standpat:upper","quiet-rook-checks-standpat","4k3/8/8/8/8/8/8/R3K3 w - - 98 1","corpus-upper","0","0","true","692","none","","0","1","1","0","0.0036","277777","0","identical","not-repeated","0"
"corpus:quiet-mate-unlimited:full","quiet-mate-unlimited","7k/8/5KQ1/8/8/8/8/8 w - - 0 1","corpus-full","0","0","true","1146","none","","0","1","1","0","0.0037","270270","0","identical","matched","1"
"corpus:quiet-mate-unlimited:lower","quiet-mate-unlimited","7k/8/5KQ1/8/8/8/8/8 w - - 0 1","corpus-lower","0","0","true","1146","none","","0","1","1","0","0.0047","212765","0","identical","not-repeated","0"
"corpus:quiet-mate-unlimited:upper","quiet-mate-unlimited","7k/8/5KQ1/8/8/8/8/8 w - - 0 1","corpus-upper","0","0","true","1146","none","","0","1","1","0","0.0041","243902","0","identical","not-repeated","0"
"corpus:endgame-pawn-displacement:full","endgame-pawn-displacement","8/2p5/3p4/KPr4k/5R2/8/4P1P1/8 w - - 1 3","corpus-full","0","0","true","146","none","","0","1","1","0","0.0082","121951","0","identical","matched","1"
"corpus:endgame-pawn-displacement:lower","endgame-pawn-displacement","8/2p5/3p4/KPr4k/5R2/8/4P1P1/8 w - - 1 3","corpus-lower","0","0","true","146","none","","0","1","1","0","0.0036","277777","0","identical","not-repeated","0"
"corpus:endgame-pawn-displacement:upper","endgame-pawn-displacement","8/2p5/3p4/KPr4k/5R2/8/4P1P1/8 w - - 1 3","corpus-upper","0","0","true","146","none","","0","1","1","0","0.0033","303030","0","identical","not-repeated","0"
"corpus:first-after-capture-mate:full","first-after-capture-mate","5rRk/6pp/7N/8/8/8/8/4K3 b - - 0 1","corpus-full","0","0","true","546","f8g8","f8g8 h6g8 h8g8","0","4","4","3","0.0102","392156","2","identical","matched","4"
"corpus:first-after-capture-mate:lower","first-after-capture-mate","5rRk/6pp/7N/8/8/8/8/4K3 b - - 0 1","corpus-lower","0","0","true","546","f8g8","f8g8","0","4","4","3","0.0072","555555","2","identical","not-repeated","0"
"corpus:first-after-capture-mate:upper","first-after-capture-mate","5rRk/6pp/7N/8/8/8/8/4K3 b - - 0 1","corpus-upper","0","0","true","546","f8g8","f8g8 h6g8","0","4","4","3","0.0133","300751","2","identical","not-repeated","0"
"corpus:exchange-deeper-check:full","exchange-deeper-check","5rrk/8/6KN/8/8/1Q6/8/8 w - - 0 1","corpus-full","0","0","true","381","h6g8","h6g8 f8g8 g6h6","0","18","18","4","0.0307","586319","0","identical","matched","18"
"corpus:exchange-deeper-check:lower","exchange-deeper-check","5rrk/8/6KN/8/8/1Q6/8/8 w - - 0 1","corpus-lower","0","0","true","381","h6g8","h6g8","0","15","15","3","0.1449","103519","0","identical","not-repeated","0"
"corpus:exchange-deeper-check:upper","exchange-deeper-check","5rrk/8/6KN/8/8/1Q6/8/8 w - - 0 1","corpus-upper","0","0","true","381","h6g8","h6g8 f8g8","0","18","18","4","0.0092","1956521","0","identical","not-repeated","0"
"corpus:capture-allows-queen-fork:full","capture-allows-queen-fork","4k3/8/8/8/5n2/1r6/P4Q2/4K3 w - - 0 1","corpus-full","0","0","true","944","a2b3","a2b3","0","3","3","1","0.0043","697674","2","identical","matched","3"
"corpus:capture-allows-queen-fork:lower","capture-allows-queen-fork","4k3/8/8/8/5n2/1r6/P4Q2/4K3 w - - 0 1","corpus-lower","0","0","true","944","a2b3","a2b3","0","2","2","1","0.0119","168067","1","identical","not-repeated","0"
"corpus:capture-allows-queen-fork:upper","capture-allows-queen-fork","4k3/8/8/8/5n2/1r6/P4Q2/4K3 w - - 0 1","corpus-upper","0","0","true","944","a2b3","a2b3","0","3","3","1","0.0086","348837","2","identical","not-repeated","0"
"corpus:third-check-smother:full","third-check-smother","4k3/8/8/8/8/3q4/PPn5/1KR5 b - - 96 1","corpus-full","0","0","true","155","none","","0","1","1","0","0.0041","243902","0","identical","matched","1"
"corpus:third-check-smother:lower","third-check-smother","4k3/8/8/8/8/3q4/PPn5/1KR5 b - - 96 1","corpus-lower","0","0","true","155","none","","0","1","1","0","0.0047","212765","0","identical","not-repeated","0"
"corpus:third-check-smother:upper","third-check-smother","4k3/8/8/8/8/3q4/PPn5/1KR5 b - - 96 1","corpus-upper","0","0","true","155","none","","0","1","1","0","0.0039","256410","0","identical","not-repeated","0"
"corpus:repeated-check-no-extra-value:full","repeated-check-no-extra-value","4k3/8/8/8/8/8/8/R3K3 w - - 96 1","corpus-full","0","0","true","692","none","","0","1","1","0","0.0078","128205","0","identical","matched","1"
"corpus:repeated-check-no-extra-value:lower","repeated-check-no-extra-value","4k3/8/8/8/8/8/8/R3K3 w - - 96 1","corpus-lower","0","0","true","692","none","","0","1","1","0","0.0041","243902","0","identical","not-repeated","0"
"corpus:repeated-check-no-extra-value:upper","repeated-check-no-extra-value","4k3/8/8/8/8/8/8/R3K3 w - - 96 1","corpus-upper","0","0","true","692","none","","0","1","1","0","0.0032","312500","0","identical","not-repeated","0"
"corpus:deeper-two-reply-fork:full","deeper-two-reply-fork","4k3/8/8/8/5n2/1rp5/P4Qp1/4K3 w - - 0 1","corpus-full","0","0","true","41","a2b3","a2b3","0","10","10","3","0.0115","869565","3","identical","matched","41"
"corpus:deeper-two-reply-fork:lower","deeper-two-reply-fork","4k3/8/8/8/5n2/1rp5/P4Qp1/4K3 w - - 0 1","corpus-lower","0","0","true","41","a2b3","a2b3","0","8","8","3","0.0063","1269841","1","identical","not-repeated","0"
"corpus:deeper-two-reply-fork:upper","deeper-two-reply-fork","4k3/8/8/8/5n2/1rp5/P4Qp1/4K3 w - - 0 1","corpus-upper","0","0","true","41","a2b3","a2b3","0","4","4","1","0.0119","336134","3","identical","not-repeated","0"
"corpus:deeper-one-reply-fork:full","deeper-one-reply-fork","4k3/8/8/8/5n2/1rp2p2/P4Qp1/4K3 w - - 0 1","corpus-full","0","0","true","-436","a2b3","a2b3","0","10","10","3","0.007","1428571","3","identical","matched","58"
"corpus:deeper-one-reply-fork:lower","deeper-one-reply-fork","4k3/8/8/8/5n2/1rp2p2/P4Qp1/4K3 w - - 0 1","corpus-lower","0","0","true","-436","a2b3","a2b3","0","8","8","3","0.0056","1428571","1","identical","not-repeated","0"
"corpus:deeper-one-reply-fork:upper","deeper-one-reply-fork","4k3/8/8/8/5n2/1rp2p2/P4Qp1/4K3 w - - 0 1","corpus-upper","0","0","true","-436","a2b3","a2b3","0","4","4","1","0.0056","714285","3","identical","not-repeated","0"
"corpus:nonchecking-capture-dead-draw:full","nonchecking-capture-dead-draw","4k3/8/8/8/8/8/3r4/4K3 w - - 0 1","corpus-full","0","0","true","0","e1d2","e1d2","0","2","2","1","0.004","500000","1","identical","matched","2"
"corpus:nonchecking-capture-dead-draw:lower","nonchecking-capture-dead-draw","4k3/8/8/8/8/8/3r4/4K3 w - - 0 1","corpus-lower","0","0","true","0","e1d2","e1d2","0","2","2","1","0.0111","180180","1","identical","not-repeated","0"
"corpus:nonchecking-capture-dead-draw:upper","nonchecking-capture-dead-draw","4k3/8/8/8/8/8/3r4/4K3 w - - 0 1","corpus-upper","0","0","true","0","e1d2","e1d2","0","2","2","1","0.005","400000","1","identical","not-repeated","0"
"benchmark:start:2","start","rnbqkbnr/pppppppp/8/8/8/8/PPPPPPPP/RNBQKBNR w KQkq - 0 1","benchmark","2","2","true","0","g1f3","g1f3 b8c6","21","98","119","2","0.1316","904255","5","identical","not-attempted","0"
"benchmark:kiwipete:2","kiwipete","r3k2r/p1ppqpb1/bn2pnp1/3PN3/1p2P3/2N2Q1p/PPPBBPPP/R3K2R w KQkq - 0 1","benchmark","2","2","true","61","e2a6","e2a6 h3g2 f3g2 b4c3 d2c3 e6d5 e5g6 f7g6 g2g6 e7f7","49","18871","18920","23","12.5938","1502326","11940","identical","not-attempted","0"
"benchmark:tactical:2","tactical","4k3/8/2p1p3/3q4/2P1P3/3Q4/8/4K3 w - - 0 1","benchmark","2","2","true","1072","c4d5","c4d5 c6d5 e4d5","25","87","112","3","0.06","1866666","31","identical","not-attempted","0"
"benchmark:evasion:2","evasion","r3k2r/Pppp1ppp/1b3nbN/nP6/BBP1P3/q4N2/Pp1P2PP/R2Q1RK1 w kq - 0 1","benchmark","2","2","true","-410","g1h1","g1h1 b2a1q d1a1 a3b4","7","18326","18333","28","67.3069","272379","12530","identical","not-attempted","0"
"benchmark:middlegame:2","middlegame","r4rk1/1pp1qppp/p1np1n2/2b1p1B1/2B1P1b1/P1NP1N2/1PP1QPPP/R4RK1 w - - 0 10","benchmark","2","2","true","111","c3d5","c3d5 e7d8 g5f6 g7f6","47","13957","14004","19","8.6113","1626235","8413","identical","not-attempted","0"
"benchmark:transposition-pawns:2","transposition-pawns","4k3/pp6/8/8/8/8/PP6/4K3 w - - 0 1","benchmark","2","2","true","0","e1d2","e1d2 e8d7","10","25","35","0","0.0168","2083333","0","identical","not-attempted","0"
"benchmark:endgame:2","endgame","8/2p5/3p4/KP5r/1R3p1k/8/4P1P1/8 w - - 0 1","benchmark","2","2","true","165","b4f4","b4f4 h4g3","15","100","115","4","0.05","2300000","26","identical","not-attempted","0"
"benchmark:start:3","start","rnbqkbnr/pppppppp/8/8/8/8/PPPPPPPP/RNBQKBNR w KQkq - 0 1","benchmark","3","3","true","38","b1c3","b1c3 d7d5 g1f3","96","978","1074","6","0.9201","1167264","56","identical","not-attempted","0"
"benchmark:kiwipete:3","kiwipete","r3k2r/p1ppqpb1/bn2pnp1/3PN3/1p2P3/2N2Q1p/PPPBBPPP/R3K2R w KQkq - 0 1","benchmark","3","3","true","32","e2a6","e2a6 e6d5 c3d5 e7e5","175","108106","108281","26","62.4187","1734752","68481","identical","not-attempted","0"
"benchmark:tactical:3","tactical","4k3/8/2p1p3/3q4/2P1P3/3Q4/8/4K3 w - - 0 1","benchmark","3","3","true","1072","c4d5","c4d5 c6d5 e4d5","63","444","507","5","0.1525","3324590","30","identical","not-attempted","0"
"benchmark:evasion:3","evasion","r3k2r/Pppp1ppp/1b3nbN/nP6/BBP1P3/q4N2/Pp1P2PP/R2Q1RK1 w kq - 0 1","benchmark","3","3","true","-503","c4c5","c4c5 b6c5 d2d4 b2a1q d1a1 a3b4","112","30656","30768","27","17.8852","1720305","20356","identical","not-attempted","0"
"benchmark:middlegame:3","middlegame","r4rk1/1pp1qppp/p1np1n2/2b1p1B1/2B1P1b1/P1NP1N2/1PP1QPPP/R4RK1 w - - 0 10","benchmark","3","3","true","111","c3d5","c3d5 e7d8 g5f6 g7f6","324","61721","62045","24","36.1524","1716206","42398","identical","not-attempted","0"
"benchmark:transposition-pawns:3","transposition-pawns","4k3/pp6/8/8/8/8/PP6/4K3 w - - 0 1","benchmark","3","3","true","3","e1d2","e1d2 e8d7 d2d3","35","111","146","0","0.0429","3403263","0","identical","not-attempted","0"
"benchmark:endgame:3","endgame","8/2p5/3p4/KP5r/1R3p1k/8/4P1P1/8 w - - 0 1","benchmark","3","3","true","167","b4f4","b4f4 h4g3 f4f7","44","352","396","4","0.155","2554838","53","identical","not-attempted","0"
