position,depth,probes,hits,exact,lower,upper,save_attempts
start,2,98,0,0,0,0,98
kiwipete,2,14930,658,13,372,249,14296
endgame,2,99,6,3,3,0,93
tactical,2,84,13,3,8,0,73
evasion,2,13660,764,57,466,208,12929
middlegame,2,12040,423,18,273,128,11621
transposition-pawns,2,25,0,0,0,0,25
start,3,976,32,0,30,2,944
kiwipete,3,85926,4127,159,2605,1086,82076
endgame,3,347,18,5,7,4,331
tactical,3,439,20,4,10,3,422
evasion,3,21682,1220,81,800,279,20522
middlegame,3,52432,2291,81,1435,684,50232
transposition-pawns,3,111,1,0,1,0,110
start,4,6637,730,141,318,219,5959
kiwipete,4,928194,65417,3577,37930,17246,869441
endgame,4,1603,336,44,129,135,1295
tactical,4,1040,251,18,56,177,789
evasion,4,90864,6439,482,4016,1385,84981
middlegame,4,99029,7673,360,4401,2449,91819
transposition-pawns,4,470,30,3,19,8,440
