group,metric,count,minimum,median,p90,p95,p99,maximum,positive
all,static_gap,195913,-1424,18,671,839,1111,32477,101671
all,continuation_gain,195913,-33692,0,0,0,0,0,0
all,alpha_gap,195913,-975,72,713,879,1157,32566,113773
alpha_raising,static_gap,50115,-1424,-329,-78,-39,-7,-1,0
alpha_raising,continuation_gain,50115,-1316,-123,0,0,0,0,0
alpha_raising,alpha_gap,50115,-975,-279,5,71,229,520,5230
beta_cutoff,static_gap,45593,-1424,-342,-98,-58,-17,-1,0
beta_cutoff,continuation_gain,45593,-1316,-126,0,0,0,0,0
beta_cutoff,alpha_gap,45593,-975,-291,-8,58,212,520,4198
locally_relevant,static_gap,89608,-1424,-136,408,635,976,31709,30701
locally_relevant,continuation_gain,89608,-1364,0,0,0,0,0,0
locally_relevant,alpha_gap,89608,-975,-68,484,695,1022,31817,37238
alpha_raising_positive_gap,static_gap,0,,,,,,,0
alpha_raising_positive_gap,continuation_gain,0,,,,,,,0
alpha_raising_positive_gap,alpha_gap,0,,,,,,,0
locally_relevant_positive_gap,static_gap,30701,1,197,723,882,1107,31709,30701
locally_relevant_positive_gap,continuation_gain,30701,0,0,0,0,0,0,0
locally_relevant_positive_gap,alpha_gap,30701,-335,257,802,935,1184,31817,29211
en_passant,static_gap,7,-405,-397,0,0,,0,0
en_passant,continuation_gain,7,-449,-449,0,0,,0,0
en_passant,alpha_gap,7,-100,-100,305,305,,305,2
SEE_negative,static_gap,49354,-825,159,795,912,1145,32477,33604
SEE_negative,continuation_gain,49354,-33618,0,0,0,0,0,0
SEE_negative,alpha_gap,49354,-500,198,829,928,1178,32566,36747
same_target_recapture,static_gap,35675,-1424,-153,450,587,729,32341,11863
same_target_recapture,continuation_gain,35675,-33450,0,0,0,0,0,0
same_target_recapture,alpha_gap,35675,-975,-100,479,604,770,32336,13421
clearance_fixture,static_gap,5,-350,-281,0,0,,0,0
clearance_fixture,continuation_gain,5,-367,0,0,0,,0,0
clearance_fixture,alpha_gap,5,-320,-100,181,181,,181,2
selected_mate_line,static_gap,273,-1015,-184,-33,-13,-1,-1,0
selected_mate_line,continuation_gain,273,-33692,-32989,-32260,-32136,-31960,-31883,0
selected_mate_line,alpha_gap,273,-975,-100,139,180,227,336,76
selected_draw_line,static_gap,11,-1037,-605,-35,-34,,-34,0
selected_draw_line,continuation_gain,11,-1058,-232,-34,-34,,-34,0
selected_draw_line,alpha_gap,11,-975,-466,131,132,,132,2
benchmark,static_gap,164319,-1424,8,651,820,1068,2473,83645
benchmark,continuation_gain,164319,-33618,0,0,0,0,0,0
benchmark,alpha_gap,164319,-975,59,687,859,1102,2418,93539
corpus,static_gap,31594,-1392,80,770,929,1225,32477,18026
corpus,continuation_gain,31594,-33692,0,0,0,0,0,0
corpus,alpha_gap,31594,-975,143,835,978,1284,32566,20234
H_aligned_alpha_raising_positive_material_gap,alpha_gap,5230,1,67,225,268,354,520,5230
oracle_all,continuation_gain,572,-33086,0,0,0,0,0,0
oracle_uniquely-best,continuation_gain,305,-762,0,0,0,0,0,0
oracle_equal-best,continuation_gain,8,-447,-382,-36,-36,,-36,0
oracle_below,continuation_gain,259,-33086,-422,0,0,0,0,0
