fixture,fen,method,limit,baseline_score,score,baseline_best,best,baseline_pv,pv,baseline_max_qply,qnodes,max_qply,oracle_nodes,truncation_qply,truncation_path,truncation_fen,omitted_continuation,categories
winning,4k3/8/8/3q4/4P3/8/8/4K3 w - - 0 1,exhaustive,0,413,413,e4d5,e4d5,e4d5,e4d5,1,2,1,2,,,,,
winning,4k3/8/8/3q4/4P3/8/8/4K3 w - - 0 1,exhaustive,4,413,413,e4d5,e4d5,e4d5,e4d5,1,2,1,2,,,,,
winning,4k3/8/8/3q4/4P3/8/8/4K3 w - - 0 1,exhaustive,8,413,413,e4d5,e4d5,e4d5,e4d5,1,2,1,2,,,,,
winning,4k3/8/8/3q4/4P3/8/8/4K3 w - - 0 1,exhaustive,12,413,413,e4d5,e4d5,e4d5,e4d5,1,2,1,2,,,,,
losing-defended,3rk3/8/8/3p4/8/8/8/3QK3 w - - 0 1,exhaustive,0,6,6,none,none,,,2,3,2,3,,,,,
losing-defended,3rk3/8/8/3p4/8/8/8/3QK3 w - - 0 1,exhaustive,4,6,6,none,none,,,2,3,2,3,,,,,
losing-defended,3rk3/8/8/3p4/8/8/8/3QK3 w - - 0 1,exhaustive,8,6,6,none,none,,,2,3,2,3,,,,,
losing-defended,3rk3/8/8/3p4/8/8/8/3QK3 w - - 0 1,exhaustive,12,6,6,none,none,,,2,3,2,3,,,,,
equal-defended,rq2k3/8/8/8/8/8/8/R3K3 w - - 0 1,exhaustive,0,-989,-989,none,none,,,2,3,2,3,,,,,
equal-defended,rq2k3/8/8/8/8/8/8/R3K3 w - - 0 1,exhaustive,4,-989,-989,none,none,,,2,3,2,3,,,,,
equal-defended,rq2k3/8/8/8/8/8/8/R3K3 w - - 0 1,exhaustive,8,-989,-989,none,none,,,2,3,2,3,,,,,
equal-defended,rq2k3/8/8/8/8/8/8/R3K3 w - - 0 1,exhaustive,12,-989,-989,none,none,,,2,3,2,3,,,,,
bishop-xray,4k3/6b1/8/8/3p4/8/3Q4/3RK3 w - - 0 1,exhaustive,0,877,877,none,none,,,3,4,3,4,,,,,
bishop-xray,4k3/6b1/8/8/3p4/8/3Q4/3RK3 w - - 0 1,exhaustive,4,877,877,none,none,,,3,4,3,4,,,,,
bishop-xray,4k3/6b1/8/8/3p4/8/3Q4/3RK3 w - - 0 1,exhaustive,8,877,877,none,none,,,3,4,3,4,,,,,
bishop-xray,4k3/6b1/8/8/3p4/8/3Q4/3RK3 w - - 0 1,exhaustive,12,877,877,none,none,,,3,4,3,4,,,,,
diagonal-xray,4k3/8/6b1/8/8/3r4/2Q5/1B2K3 w - - 0 1,exhaustive,0,284,284,none,none,,,2,3,2,3,,,,,
diagonal-xray,4k3/8/6b1/8/8/3r4/2Q5/1B2K3 w - - 0 1,exhaustive,4,284,284,none,none,,,2,3,2,3,,,,,
diagonal-xray,4k3/8/6b1/8/8/3r4/2Q5/1B2K3 w - - 0 1,exhaustive,8,284,284,none,none,,,2,3,2,3,,,,,
diagonal-xray,4k3/8/6b1/8/8/3r4/2Q5/1B2K3 w - - 0 1,exhaustive,12,284,284,none,none,,,2,3,2,3,,,,,
successive-xrays,7k/3r4/3q4/3r4/3p4/3R4/3Q4/K2R4 w - - 0 1,exhaustive,0,-306,-306,none,none,,,6,11,6,48,,,,,
successive-xrays,7k/3r4/3q4/3r4/3p4/3R4/3Q4/K2R4 w - - 0 1,exhaustive,4,-306,-12,none,d3d4,,d3d4 d5d4 d2d4 d6e5,6,13,5,13,5,d3d4 d5d4 d2d4 d6d4 d1d4,7k/3r4/8/8/3R4/8/8/K7 b - - 0 3,d7d4,sacrifice;capture;check-resolution-overrun
successive-xrays,7k/3r4/3q4/3r4/3p4/3R4/3Q4/K2R4 w - - 0 1,exhaustive,8,-306,-306,none,none,,,6,11,6,48,,,,,
successive-xrays,7k/3r4/3q4/3r4/3p4/3R4/3Q4/K2R4 w - - 0 1,exhaustive,12,-306,-306,none,none,,,6,11,6,48,,,,,
pinned-defender,4k3/3n4/8/1B2p3/5P2/8/8/4K3 w - - 0 1,exhaustive,0,514,514,f4e5,f4e5,f4e5,f4e5,3,5,3,15,,,,,
pinned-defender,4k3/3n4/8/1B2p3/5P2/8/8/4K3 w - - 0 1,exhaustive,4,514,514,f4e5,f4e5,f4e5,f4e5,3,5,3,15,,,,,
pinned-defender,4k3/3n4/8/1B2p3/5P2/8/8/4K3 w - - 0 1,exhaustive,8,514,514,f4e5,f4e5,f4e5,f4e5,3,5,3,15,,,,,
pinned-defender,4k3/3n4/8/1B2p3/5P2/8/8/4K3 w - - 0 1,exhaustive,12,514,514,f4e5,f4e5,f4e5,f4e5,3,5,3,15,,,,,
king-capture-evasion,4k3/8/8/8/8/8/4r3/4K3 w - - 0 1,exhaustive,0,0,0,e1e2,e1e2,e1e2,e1e2,1,4,1,4,,,,,
king-capture-evasion,4k3/8/8/8/8/8/4r3/4K3 w - - 0 1,exhaustive,4,0,0,e1e2,e1e2,e1e2,e1e2,1,4,1,4,,,,,
king-capture-evasion,4k3/8/8/8/8/8/4r3/4K3 w - - 0 1,exhaustive,8,0,0,e1e2,e1e2,e1e2,e1e2,1,4,1,4,,,,,
king-capture-evasion,4k3/8/8/8/8/8/4r3/4K3 w - - 0 1,exhaustive,12,0,0,e1e2,e1e2,e1e2,e1e2,1,4,1,4,,,,,
unsafe-king-recapture,8/8/4k3/3r4/8/1B6/8/3RK3 w - - 0 1,exhaustive,0,1131,1131,d1d5,d1d5,d1d5,d1d5,2,4,2,9,,,,,
unsafe-king-recapture,8/8/4k3/3r4/8/1B6/8/3RK3 w - - 0 1,exhaustive,4,1131,1131,d1d5,d1d5,d1d5,d1d5,2,4,2,9,,,,,
unsafe-king-recapture,8/8/4k3/3r4/8/1B6/8/3RK3 w - - 0 1,exhaustive,8,1131,1131,d1d5,d1d5,d1d5,d1d5,2,4,2,9,,,,,
unsafe-king-recapture,8/8/4k3/3r4/8/1B6/8/3RK3 w - - 0 1,exhaustive,12,1131,1131,d1d5,d1d5,d1d5,d1d5,2,4,2,9,,,,,
ep-winning,4k3/8/8/3pP3/8/8/8/4K3 w - d6 0 1,exhaustive,0,434,434,e5d6,e5d6,e5d6,e5d6,1,2,1,2,,,,,
ep-winning,4k3/8/8/3pP3/8/8/8/4K3 w - d6 0 1,exhaustive,4,434,434,e5d6,e5d6,e5d6,e5d6,1,2,1,2,,,,,
ep-winning,4k3/8/8/3pP3/8/8/8/4K3 w - d6 0 1,exhaustive,8,434,434,e5d6,e5d6,e5d6,e5d6,1,2,1,2,,,,,
ep-winning,4k3/8/8/3pP3/8/8/8/4K3 w - d6 0 1,exhaustive,12,434,434,e5d6,e5d6,e5d6,e5d6,1,2,1,2,,,,,
ep-defended,4k3/8/8/3pP3/3r4/8/8/4K3 w - d6 0 1,exhaustive,0,-682,-682,none,none,,,2,3,2,3,,,,,
ep-defended,4k3/8/8/3pP3/3r4/8/8/4K3 w - d6 0 1,exhaustive,4,-682,-682,none,none,,,2,3,2,3,,,,,
ep-defended,4k3/8/8/3pP3/3r4/8/8/4K3 w - d6 0 1,exhaustive,8,-682,-682,none,none,,,2,3,2,3,,,,,
ep-defended,4k3/8/8/3pP3/3r4/8/8/4K3 w - d6 0 1,exhaustive,12,-682,-682,none,none,,,2,3,2,3,,,,,
ep-black,4k3/8/8/3R4/3Pp3/8/8/4K3 b - d3 0 1,exhaustive,0,-682,-682,none,none,,,2,3,2,3,,,,,
ep-black,4k3/8/8/3R4/3Pp3/8/8/4K3 b - d3 0 1,exhaustive,4,-682,-682,none,none,,,2,3,2,3,,,,,
ep-black,4k3/8/8/3R4/3Pp3/8/8/4K3 b - d3 0 1,exhaustive,8,-682,-682,none,none,,,2,3,2,3,,,,,
ep-black,4k3/8/8/3R4/3Pp3/8/8/4K3 b - d3 0 1,exhaustive,12,-682,-682,none,none,,,2,3,2,3,,,,,
quiet-promotion,7k/P7/8/8/8/8/8/7K w - - 0 1,exhaustive,0,1063,1063,none,none,,,2,8,2,9,,,,,
quiet-promotion,7k/P7/8/8/8/8/8/7K w - - 0 1,exhaustive,4,1063,1063,none,none,,,2,8,2,9,,,,,
quiet-promotion,7k/P7/8/8/8/8/8/7K w - - 0 1,exhaustive,8,1063,1063,none,none,,,2,8,2,9,,,,,
quiet-promotion,7k/P7/8/8/8/8/8/7K w - - 0 1,exhaustive,12,1063,1063,none,none,,,2,8,2,9,,,,,
quiet-promotion-black,k7/8/8/8/8/8/p7/7K b - - 0 1,exhaustive,0,1081,1081,none,none,,,2,7,2,9,,,,,
quiet-promotion-black,k7/8/8/8/8/8/p7/7K b - - 0 1,exhaustive,4,1081,1081,none,none,,,2,7,2,9,,,,,
quiet-promotion-black,k7/8/8/8/8/8/p7/7K b - - 0 1,exhaustive,8,1081,1081,none,none,,,2,7,2,9,,,,,
quiet-promotion-black,k7/8/8/8/8/8/p7/7K b - - 0 1,exhaustive,12,1081,1081,none,none,,,2,7,2,9,,,,,
defended-quiet-promotion,7k/P7/r7/8/8/8/8/7K w - - 0 1,exhaustive,0,33,33,none,none,,,3,15,3,17,,,,,
defended-quiet-promotion,7k/P7/r7/8/8/8/8/7K w - - 0 1,exhaustive,4,33,33,none,none,,,3,15,3,17,,,,,
defended-quiet-promotion,7k/P7/r7/8/8/8/8/7K w - - 0 1,exhaustive,8,33,33,none,none,,,3,15,3,17,,,,,
defended-quiet-promotion,7k/P7/r7/8/8/8/8/7K w - - 0 1,exhaustive,12,33,33,none,none,,,3,15,3,17,,,,,
promotion-stalemate-resource,3r4/1P6/8/8/8/1k6/p7/K7 w - - 0 1,exhaustive,0,0,0,b7b8q,b7b8q,b7b8q d8b8,b7b8q d8b8,3,29,3,45,,,,,
promotion-stalemate-resource,3r4/1P6/8/8/8/1k6/p7/K7 w - - 0 1,exhaustive,4,0,0,b7b8q,b7b8q,b7b8q d8b8,b7b8q d8b8,3,29,3,45,,,,,
promotion-stalemate-resource,3r4/1P6/8/8/8/1k6/p7/K7 w - - 0 1,exhaustive,8,0,0,b7b8q,b7b8q,b7b8q d8b8,b7b8q d8b8,3,29,3,45,,,,,
promotion-stalemate-resource,3r4/1P6/8/8/8/1k6/p7/K7 w - - 0 1,exhaustive,12,0,0,b7b8q,b7b8q,b7b8q d8b8,b7b8q d8b8,3,29,3,45,,,,,
promotion-positional-resource,3r4/1P6/8/7q/8/1k6/p7/K7 w - - 0 1,exhaustive,0,-389,-389,b7b8q,b7b8q,b7b8q b3a3 b8d8,b7b8q b3a3 b8d8,4,25,4,67,,,,,
promotion-positional-resource,3r4/1P6/8/7q/8/1k6/p7/K7 w - - 0 1,exhaustive,4,-389,-389,b7b8q,b7b8q,b7b8q b3a3 b8d8,b7b8q b3a3 b8d8,4,25,4,59,,,,,
promotion-positional-resource,3r4/1P6/8/7q/8/1k6/p7/K7 w - - 0 1,exhaustive,8,-389,-389,b7b8q,b7b8q,b7b8q b3a3 b8d8,b7b8q b3a3 b8d8,4,25,4,67,,,,,
promotion-positional-resource,3r4/1P6/8/7q/8/1k6/p7/K7 w - - 0 1,exhaustive,12,-389,-389,b7b8q,b7b8q,b7b8q b3a3 b8d8,b7b8q b3a3 b8d8,4,25,4,67,,,,,
capture-promotion,1r5k/P7/8/8/8/8/8/7K w - - 0 1,exhaustive,0,1070,1070,a7b8q,a7b8q,a7b8q h8h7,a7b8q h8h7,2,12,2,17,,,,,
capture-promotion,1r5k/P7/8/8/8/8/8/7K w - - 0 1,exhaustive,4,1070,1070,a7b8q,a7b8q,a7b8q h8h7,a7b8q h8h7,2,12,2,17,,,,,
capture-promotion,1r5k/P7/8/8/8/8/8/7K w - - 0 1,exhaustive,8,1070,1070,a7b8q,a7b8q,a7b8q h8h7,a7b8q h8h7,2,12,2,17,,,,,
capture-promotion,1r5k/P7/8/8/8/8/8/7K w - - 0 1,exhaustive,12,1070,1070,a7b8q,a7b8q,a7b8q h8h7,a7b8q h8h7,2,12,2,17,,,,,
capture-promotion-black,4k3/8/8/8/8/8/6p1/4K2R b - - 0 1,exhaustive,0,1116,1116,g2h1q,g2h1q,g2h1q e1d2,g2h1q e1d2,3,17,3,29,,,,,
capture-promotion-black,4k3/8/8/8/8/8/6p1/4K2R b - - 0 1,exhaustive,4,1116,1116,g2h1q,g2h1q,g2h1q e1d2,g2h1q e1d2,3,17,3,29,,,,,
capture-promotion-black,4k3/8/8/8/8/8/6p1/4K2R b - - 0 1,exhaustive,8,1116,1116,g2h1q,g2h1q,g2h1q e1d2,g2h1q e1d2,3,17,3,29,,,,,
capture-promotion-black,4k3/8/8/8/8/8/6p1/4K2R b - - 0 1,exhaustive,12,1116,1116,g2h1q,g2h1q,g2h1q e1d2,g2h1q e1d2,3,17,3,29,,,,,
promotion-recapture,r6b/4k1P1/8/8/8/8/8/4K2R w - - 0 1,exhaustive,0,738,738,g7h8q,g7h8q,g7h8q a8h8 h1h8,g7h8q a8h8 h1h8,3,16,3,73,,,,,
promotion-recapture,r6b/4k1P1/8/8/8/8/8/4K2R w - - 0 1,exhaustive,4,738,738,g7h8q,g7h8q,g7h8q a8h8 h1h8,g7h8q a8h8 h1h8,3,16,3,68,,,,,
promotion-recapture,r6b/4k1P1/8/8/8/8/8/4K2R w - - 0 1,exhaustive,8,738,738,g7h8q,g7h8q,g7h8q a8h8 h1h8,g7h8q a8h8 h1h8,3,16,3,73,,,,,
promotion-recapture,r6b/4k1P1/8/8/8/8/8/4K2R w - - 0 1,exhaustive,12,738,738,g7h8q,g7h8q,g7h8q a8h8 h1h8,g7h8q a8h8 h1h8,3,16,3,73,,,,,
rook-underpromotion,8/k1P5/2K5/8/8/8/8/8 w - - 0 1,exhaustive,0,1110,1110,none,none,,,1,5,1,5,,,,,
rook-underpromotion,8/k1P5/2K5/8/8/8/8/8 w - - 0 1,exhaustive,4,1110,1110,none,none,,,1,5,1,5,,,,,
rook-underpromotion,8/k1P5/2K5/8/8/8/8/8 w - - 0 1,exhaustive,8,1110,1110,none,none,,,1,5,1,5,,,,,
rook-underpromotion,8/k1P5/2K5/8/8/8/8/8 w - - 0 1,exhaustive,12,1110,1110,none,none,,,1,5,1,5,,,,,
checking-sacrifice,5r1k/4Qpbp/4NN1N/8/8/8/8/4K3 w - - 0 1,exhaustive,0,32765,32765,e7f8,e7f8,e7f8 g7f8 h6f7,e7f8 g7f8 h6f7,5,25,5,735,,,,,
checking-sacrifice,5r1k/4Qpbp/4NN1N/8/8/8/8/4K3 w - - 0 1,exhaustive,4,32765,32765,e7f8,e7f8,e7f8 g7f8 h6f7,e7f8 g7f8 h6f7,5,26,4,135,,,,,
checking-sacrifice,5r1k/4Qpbp/4NN1N/8/8/8/8/4K3 w - - 0 1,exhaustive,8,32765,32765,e7f8,e7f8,e7f8 g7f8 h6f7,e7f8 g7f8 h6f7,5,25,5,735,,,,,
checking-sacrifice,5r1k/4Qpbp/4NN1N/8/8/8/8/4K3 w - - 0 1,exhaustive,12,32765,32765,e7f8,e7f8,e7f8 g7f8 h6f7,e7f8 g7f8 h6f7,5,25,5,735,,,,,
capture-mate,7k/6p1/5KQ1/8/8/8/8/8 w - - 0 1,exhaustive,0,32767,32767,g6g7,g6g7,g6g7,g6g7,1,8,1,8,,,,,
capture-mate,7k/6p1/5KQ1/8/8/8/8/8 w - - 0 1,exhaustive,4,32767,32767,g6g7,g6g7,g6g7,g6g7,1,8,1,8,,,,,
capture-mate,7k/6p1/5KQ1/8/8/8/8/8 w - - 0 1,exhaustive,8,32767,32767,g6g7,g6g7,g6g7,g6g7,1,8,1,8,,,,,
capture-mate,7k/6p1/5KQ1/8/8/8/8/8 w - - 0 1,exhaustive,12,32767,32767,g6g7,g6g7,g6g7,g6g7,1,8,1,8,,,,,
quiet-evasions,4r1k1/8/8/8/8/8/8/4K3 w - - 0 1,exhaustive,0,-722,-722,e1d1,e1d1,e1d1,e1d1,1,5,1,5,,,,,
quiet-evasions,4r1k1/8/8/8/8/8/8/4K3 w - - 0 1,exhaustive,4,-722,-722,e1d1,e1d1,e1d1,e1d1,1,5,1,5,,,,,
quiet-evasions,4r1k1/8/8/8/8/8/8/4K3 w - - 0 1,exhaustive,8,-722,-722,e1d1,e1d1,e1d1,e1d1,1,5,1,5,,,,,
quiet-evasions,4r1k1/8/8/8/8/8/8/4K3 w - - 0 1,exhaustive,12,-722,-722,e1d1,e1d1,e1d1,e1d1,1,5,1,5,,,,,
negative-capture-evasion,4k3/6b1/8/8/3b4/8/3Q4/6K1 w - - 0 1,exhaustive,0,247,247,g1f1,g1f1,g1f1,g1f1,6,45,6,88,,,,,
negative-capture-evasion,4k3/6b1/8/8/3b4/8/3Q4/6K1 w - - 0 1,exhaustive,4,247,247,g1f1,g1f1,g1f1,g1f1,6,29,4,43,,,,,
negative-capture-evasion,4k3/6b1/8/8/3b4/8/3Q4/6K1 w - - 0 1,exhaustive,8,247,247,g1f1,g1f1,g1f1,g1f1,6,45,6,88,,,,,
negative-capture-evasion,4k3/6b1/8/8/3b4/8/3Q4/6K1 w - - 0 1,exhaustive,12,247,247,g1f1,g1f1,g1f1,g1f1,6,45,6,88,,,,,
counterchecking-block,4r3/8/8/8/8/8/8/2B1K1k1 w - - 0 1,exhaustive,0,-349,-349,e1d1,e1d1,e1d1,e1d1,3,10,3,10,,,,,
counterchecking-block,4r3/8/8/8/8/8/8/2B1K1k1 w - - 0 1,exhaustive,4,-349,-349,e1d1,e1d1,e1d1,e1d1,3,10,3,10,,,,,
counterchecking-block,4r3/8/8/8/8/8/8/2B1K1k1 w - - 0 1,exhaustive,8,-349,-349,e1d1,e1d1,e1d1,e1d1,3,10,3,10,,,,,
counterchecking-block,4r3/8/8/8/8/8/8/2B1K1k1 w - - 0 1,exhaustive,12,-349,-349,e1d1,e1d1,e1d1,e1d1,3,10,3,10,,,,,
three-capture-xray,7k/8/1p6/q7/8/Q7/8/R6K w - - 0 1,exhaustive,0,707,707,a3a5,a3a5,a3a5 b6a5 a1a5,a3a5 b6a5 a1a5,3,4,3,4,,,,,
three-capture-xray,7k/8/1p6/q7/8/Q7/8/R6K w - - 0 1,exhaustive,4,707,707,a3a5,a3a5,a3a5 b6a5 a1a5,a3a5 b6a5 a1a5,3,4,3,4,,,,,
three-capture-xray,7k/8/1p6/q7/8/Q7/8/R6K w - - 0 1,exhaustive,8,707,707,a3a5,a3a5,a3a5 b6a5 a1a5,a3a5 b6a5 a1a5,3,4,3,4,,,,,
three-capture-xray,7k/8/1p6/q7/8/Q7/8/R6K w - - 0 1,exhaustive,12,707,707,a3a5,a3a5,a3a5 b6a5 a1a5,a3a5 b6a5 a1a5,3,4,3,4,,,,,
nonchecking-clearance,b1q4k/8/8/2p5/N7/8/8/R3K3 w - - 0 1,exhaustive,0,-410,-410,a4c5,a4c5,a4c5,a4c5,4,8,4,14,,,,,
nonchecking-clearance,b1q4k/8/8/2p5/N7/8/8/R3K3 w - - 0 1,exhaustive,4,-410,-410,a4c5,a4c5,a4c5,a4c5,4,8,4,8,,,,,
nonchecking-clearance,b1q4k/8/8/2p5/N7/8/8/R3K3 w - - 0 1,exhaustive,8,-410,-410,a4c5,a4c5,a4c5,a4c5,4,8,4,14,,,,,
nonchecking-clearance,b1q4k/8/8/2p5/N7/8/8/R3K3 w - - 0 1,exhaustive,12,-410,-410,a4c5,a4c5,a4c5,a4c5,4,8,4,14,,,,,
tactical,4k3/8/2p1p3/3q4/2P1P3/3Q4/8/4K3 w - - 0 1,exhaustive,0,1072,1072,c4d5,c4d5,c4d5 c6d5 e4d5,c4d5 c6d5 e4d5,5,31,5,46,,,,,
tactical,4k3/8/2p1p3/3q4/2P1P3/3Q4/8/4K3 w - - 0 1,exhaustive,4,1072,690,c4d5,c4d5,c4d5 c6d5 e4d5,c4d5 e6d5,5,24,4,34,4,c4d5 e6d5 e4d5 c6d5,4k3/8/8/3p4/8/3Q4/8/4K3 w - - 0 3,d3d5,capture
tactical,4k3/8/2p1p3/3q4/2P1P3/3Q4/8/4K3 w - - 0 1,exhaustive,8,1072,1072,c4d5,c4d5,c4d5 c6d5 e4d5,c4d5 c6d5 e4d5,5,31,5,46,,,,,
tactical,4k3/8/2p1p3/3q4/2P1P3/3Q4/8/4K3 w - - 0 1,exhaustive,12,1072,1072,c4d5,c4d5,c4d5 c6d5 e4d5,c4d5 c6d5 e4d5,5,31,5,46,,,,,
quiet-mate-excluded,7k/8/5KQ1/8/8/8/8/8 w - - 0 1,exhaustive,0,1146,1146,none,none,,,0,1,0,1,,,,,
quiet-mate-excluded,7k/8/5KQ1/8/8/8/8/8 w - - 0 1,exhaustive,4,1146,1146,none,none,,,0,1,0,1,,,,,
quiet-mate-excluded,7k/8/5KQ1/8/8/8/8/8 w - - 0 1,exhaustive,8,1146,1146,none,none,,,0,1,0,1,,,,,
quiet-mate-excluded,7k/8/5KQ1/8/8/8/8/8 w - - 0 1,exhaustive,12,1146,1146,none,none,,,0,1,0,1,,,,,
fifty-evasion,4r1k1/8/8/8/8/8/8/4K3 w - - 99 1,exhaustive,0,0,0,e1d1,e1d1,e1d1,e1d1,1,5,1,5,,,,,
fifty-evasion,4r1k1/8/8/8/8/8/8/4K3 w - - 99 1,exhaustive,4,0,0,e1d1,e1d1,e1d1,e1d1,1,5,1,5,,,,,
fifty-evasion,4r1k1/8/8/8/8/8/8/4K3 w - - 99 1,exhaustive,8,0,0,e1d1,e1d1,e1d1,e1d1,1,5,1,5,,,,,
fifty-evasion,4r1k1/8/8/8/8/8/8/4K3 w - - 99 1,exhaustive,12,0,0,e1d1,e1d1,e1d1,e1d1,1,5,1,5,,,,,
mate-before-fifty,7k/6Q1/5K2/8/8/8/8/8 b - - 100 1,exhaustive,0,-32768,-32768,none,none,,,0,1,0,1,,,,,
mate-before-fifty,7k/6Q1/5K2/8/8/8/8/8 b - - 100 1,exhaustive,4,-32768,-32768,none,none,,,0,1,0,1,,,,,
mate-before-fifty,7k/6Q1/5K2/8/8/8/8/8 b - - 100 1,exhaustive,8,-32768,-32768,none,none,,,0,1,0,1,,,,,
mate-before-fifty,7k/6Q1/5K2/8/8/8/8/8 b - - 100 1,exhaustive,12,-32768,-32768,none,none,,,0,1,0,1,,,,,
stalemate,7k/5K2/6Q1/8/8/8/8/8 b - - 0 1,exhaustive,0,0,0,none,none,,,0,1,0,1,,,,,
stalemate,7k/5K2/6Q1/8/8/8/8/8 b - - 0 1,exhaustive,4,0,0,none,none,,,0,1,0,1,,,,,
stalemate,7k/5K2/6Q1/8/8/8/8/8 b - - 0 1,exhaustive,8,0,0,none,none,,,0,1,0,1,,,,,
stalemate,7k/5K2/6Q1/8/8/8/8/8 b - - 0 1,exhaustive,12,0,0,none,none,,,0,1,0,1,,,,,
insufficient,4k3/8/8/8/8/8/8/4K3 w - - 0 1,exhaustive,0,0,0,none,none,,,0,1,0,1,,,,,
insufficient,4k3/8/8/8/8/8/8/4K3 w - - 0 1,exhaustive,4,0,0,none,none,,,0,1,0,1,,,,,
insufficient,4k3/8/8/8/8/8/8/4K3 w - - 0 1,exhaustive,8,0,0,none,none,,,0,1,0,1,,,,,
insufficient,4k3/8/8/8/8/8/8/4K3 w - - 0 1,exhaustive,12,0,0,none,none,,,0,1,0,1,,,,,
mate-five,7k/5prp/4QB2/8/8/7R/8/4K2R w - - 0 1,exhaustive,0,32763,32763,h3h7,h3h7,h3h7 h8g8 h7g7 g8f8 e6f7,h3h7 h8g8 h7g7 g8f8 e6f7,6,34,6,50,,,,,
mate-five,7k/5prp/4QB2/8/8/7R/8/4K2R w - - 0 1,exhaustive,4,32763,2659,h3h7,h3h7,h3h7 h8g8 h7g7 g8f8 e6f7,h3h7 h8g8 h7g7 g8f8,6,18,4,24,4,h3h7 h8g8 h7g7 g8f8,5k2/5pR1/4QB2/8/8/8/8/4K2R w - - 1 3,e6f7,capture;quiet-evasion;mate-resource
mate-five,7k/5prp/4QB2/8/8/7R/8/4K2R w - - 0 1,exhaustive,8,32763,32763,h3h7,h3h7,h3h7 h8g8 h7g7 g8f8 e6f7,h3h7 h8g8 h7g7 g8f8 e6f7,6,34,6,50,,,,,
mate-five,7k/5prp/4QB2/8/8/7R/8/4K2R w - - 0 1,exhaustive,12,32763,32763,h3h7,h3h7,h3h7 h8g8 h7g7 g8f8 e6f7,h3h7 h8g8 h7g7 g8f8 e6f7,6,34,6,50,,,,,
draw-five,7k/2b4n/1p6/qK6/8/Q7/8/R7 w - - 0 1,exhaustive,0,0,0,a3a5,a3a5,a3a5 b6a5 a1a5 c7a5 b5a5,a3a5 b6a5 a1a5 c7a5 b5a5,5,12,5,15,,,,,
draw-five,7k/2b4n/1p6/qK6/8/Q7/8/R7 w - - 0 1,exhaustive,4,0,-232,a3a5,a3a5,a3a5 b6a5 a1a5 c7a5 b5a5,a3a5 b6a5,5,11,4,13,4,a3a5 b6a5 a1a5 c7a5,7k/7n/8/bK6/8/8/8/8 w - - 0 3,b5a5,capture;sacrifice;draw-resource
draw-five,7k/2b4n/1p6/qK6/8/Q7/8/R7 w - - 0 1,exhaustive,8,0,0,a3a5,a3a5,a3a5 b6a5 a1a5 c7a5 b5a5,a3a5 b6a5 a1a5 c7a5 b5a5,5,12,5,15,,,,,
draw-five,7k/2b4n/1p6/qK6/8/Q7/8/R7 w - - 0 1,exhaustive,12,0,0,a3a5,a3a5,a3a5 b6a5 a1a5 c7a5 b5a5,a3a5 b6a5 a1a5 c7a5 b5a5,5,12,5,15,,,,,
tail-kiwipete-e1d1,r3k2r/p1ppqpb1/bn2pnp1/3PN3/1p2P3/2N2Q1p/PPPBBPPP/R2K3R b kq - 1 1,alpha-beta-reference,0,300,300,h3g2,h3g2,h3g2 f3g2 b4c3 d2c3 a6e2 d1e2 e6d5 e5g6 f7g6 g2g6 e8d8,h3g2 f3g2 b4c3 d2c3 a6e2 d1e2 e6d5 e5g6 f7g6 g2g6 e8d8,31,35898,31,0,,,,,
tail-kiwipete-e1d1,r3k2r/p1ppqpb1/bn2pnp1/3PN3/1p2P3/2N2Q1p/PPPBBPPP/R2K3R b kq - 1 1,alpha-beta-reference,4,300,177,h3g2,b4c3,h3g2 f3g2 b4c3 d2c3 a6e2 d1e2 e6d5 e5g6 f7g6 g2g6 e8d8,b4c3 e2a6 c3d2 d1d2,31,116,5,0,4,h3g2 f3g2 b4c3 e2a6,r3k2r/p1ppqpb1/Bn2pnp1/3PN3/4P3/2p5/PPPB1PQP/R2K3R b kq - 0 3,c3b2,capture
tail-kiwipete-e1d1,r3k2r/p1ppqpb1/bn2pnp1/3PN3/1p2P3/2N2Q1p/PPPBBPPP/R2K3R b kq - 1 1,alpha-beta-reference,8,300,213,h3g2,b4c3,h3g2 f3g2 b4c3 d2c3 a6e2 d1e2 e6d5 e5g6 f7g6 g2g6 e8d8,b4c3 d2c3 h3g2 f3g2,31,2005,10,0,8,h3g2 f3g2 b4c3 d2c3 a6e2 d1e2 e6d5 g2g6,r3k2r/p1ppqpb1/1n3nQ1/3pN3/4P3/2B5/PPP1KP1P/R6R b kq - 0 5,f7g6,capture;sacrifice
tail-kiwipete-e1d1,r3k2r/p1ppqpb1/bn2pnp1/3PN3/1p2P3/2N2Q1p/PPPBBPPP/R2K3R b kq - 1 1,alpha-beta-reference,12,300,262,h3g2,b4c3,h3g2 f3g2 b4c3 d2c3 a6e2 d1e2 e6d5 e5g6 f7g6 g2g6 e8d8,b4c3 d2c3 a6e2 d1e2 e6d5,31,9648,14,0,12,h3g2 f3g2 b4c3 d2c3 a6e2 d1e2 e6d5 e5g6 f7g6 g2g6 e8d8 g6f6,r2k3r/p1ppq1b1/1n3Q2/3p4/4P3/2B5/PPP1KP1P/R6R b - - 0 7,g7f6,capture;sacrifice;quiet-evasion
tail-kiwipete-f3h3,r3k2r/p1ppqpb1/bn2pnp1/3PN3/1p2P3/2N4Q/PPPBBPPP/R3K2R b KQkq - 0 1,alpha-beta-reference,0,590,590,h8h3,h8h3,h8h3 g2h3 b4c3,h8h3 g2h3 b4c3,16,743,16,0,,,,,
tail-kiwipete-f3h3,r3k2r/p1ppqpb1/bn2pnp1/3PN3/1p2P3/2N4Q/PPPBBPPP/R3K2R b KQkq - 0 1,alpha-beta-reference,4,590,258,h8h3,h8h3,h8h3 g2h3 b4c3,h8h3 g2h3 b4c3 e2a6,16,32,4,0,4,h8h3 g2h3 b4c3 e2a6,r3k3/p1ppqpb1/Bn2pnp1/3PN3/4P3/2p4P/PPPB1P1P/R3K2R b KQq - 0 3,c3d2 e1d2 f6e4 d2c1 g7e5,capture
tail-kiwipete-f3h3,r3k2r/p1ppqpb1/bn2pnp1/3PN3/1p2P3/2N4Q/PPPBBPPP/R3K2R b KQkq - 0 1,alpha-beta-reference,8,590,463,h8h3,h8h3,h8h3 g2h3 b4c3,h8h3 g2h3 b4c3 d2c3,16,205,9,0,8,h8h3 g2h3 b4c3 d2c3 f6e4 e2a6 e4c3 b2c3,r3k3/p1ppqpb1/Bn2p1p1/3PN3/8/2P4P/P1P2P1P/R3K2R b KQq - 0 5,g7e5,capture
tail-kiwipete-f3h3,r3k2r/p1ppqpb1/bn2pnp1/3PN3/1p2P3/2N4Q/PPPBBPPP/R3K2R b KQkq - 0 1,alpha-beta-reference,12,590,590,h8h3,h8h3,h8h3 g2h3 b4c3,h8h3 g2h3 b4c3,16,936,14,0,,,,,
tail-evasion-,r3k2r/Pppp1ppp/1b3nbN/nP6/BBP1P3/q4N2/Pp1P2PP/R2Q1RK1 w kq - 0 1,alpha-beta-reference,0,-391,-391,d2d4,d2d4,d2d4 b2a1q d1a1 a3b4,d2d4 b2a1q d1a1 a3b4,18,2508,18,0,,,,,
tail-evasion-,r3k2r/Pppp1ppp/1b3nbN/nP6/BBP1P3/q4N2/Pp1P2PP/R2Q1RK1 w kq - 0 1,alpha-beta-reference,4,-391,-470,d2d4,g1h1,d2d4 b2a1q d1a1 a3b4,g1h1 b2a1q d1a1 a3f3,18,196,5,0,4,d2d4 b6d4 d1d4 b2a1q,r3k2r/Pppp1ppp/5nbN/nP6/BBPQP3/q4N2/P5PP/q4RK1 w kq - 0 3,f1a1 a3b4,quiet-evasion;sacrifice;capture;promotion-sequence
tail-evasion-,r3k2r/Pppp1ppp/1b3nbN/nP6/BBP1P3/q4N2/Pp1P2PP/R2Q1RK1 w kq - 0 1,alpha-beta-reference,8,-391,-391,d2d4,d2d4,d2d4 b2a1q d1a1 a3b4,d2d4 b2a1q d1a1 a3b4,18,1042,9,0,,,,,
tail-evasion-,r3k2r/Pppp1ppp/1b3nbN/nP6/BBP1P3/q4N2/Pp1P2PP/R2Q1RK1 w kq - 0 1,alpha-beta-reference,12,-391,-391,d2d4,d2d4,d2d4 b2a1q d1a1 a3b4,d2d4 b2a1q d1a1 a3b4,18,2123,13,0,,,,,
tail-evasion-f1f2,r3k2r/Pppp1ppp/1b3nbN/nP6/BBP1P3/q4N2/Pp1P1RPP/R2Q2K1 b kq - 1 1,alpha-beta-reference,0,696,696,b2a1q,b2a1q,b2a1q d1a1 b6f2 g1f2 a3b4,b2a1q d1a1 b6f2 g1f2 a3b4,22,1827,22,0,,,,,
tail-evasion-f1f2,r3k2r/Pppp1ppp/1b3nbN/nP6/BBP1P3/q4N2/Pp1P1RPP/R2Q2K1 b kq - 1 1,alpha-beta-reference,4,696,368,b2a1q,b6f2,b2a1q d1a1 b6f2 g1f2 a3b4,b6f2 g1f2 a3b4 h6f7,22,133,4,0,4,b2a1q b4a3 a1d1 a4d1,r3k2r/Pppp1ppp/1b3nbN/nP6/2P1P3/B4N2/P2P1RPP/3B2K1 b kq - 0 3,b6f2 g1f2 f6e4 f2f1 a8a7,promotion-sequence;capture
tail-evasion-f1f2,r3k2r/Pppp1ppp/1b3nbN/nP6/BBP1P3/q4N2/Pp1P1RPP/R2Q2K1 b kq - 1 1,alpha-beta-reference,8,696,624,b2a1q,b6f2,b2a1q d1a1 b6f2 g1f2 a3b4,b6f2 g1f2 f6e4 f2g1 a3b4,22,918,9,0,8,b2a1q b4a3 a1d1 a4d1 b6f2 g1f2 f6e4 f2f1,r3k2r/Pppp1ppp/6bN/nP6/2P1n3/B4N2/P2P2PP/3B1K2 b kq - 1 5,a8a7,promotion-sequence;capture;quiet-evasion
tail-evasion-f1f2,r3k2r/Pppp1ppp/1b3nbN/nP6/BBP1P3/q4N2/Pp1P1RPP/R2Q2K1 b kq - 1 1,alpha-beta-reference,12,696,696,b2a1q,b2a1q,b2a1q d1a1 b6f2 g1f2 a3b4,b2a1q d1a1 b6f2 g1f2 a3b4,22,1051,13,0,,,,,
tail-evasion-f3d4,r3k2r/Pppp1ppp/1b3nbN/nP6/BBPNP3/q7/Pp1P2PP/R2Q1RK1 b kq - 1 1,alpha-beta-reference,0,671,671,b6d4,b6d4,b6d4 g1h1 b2a1q d1a1 d4a1 b4a3 a8a7 f1a1 g7h6,b6d4 g1h1 b2a1q d1a1 d4a1 b4a3 a8a7 f1a1 g7h6,15,746,15,0,,,,,
tail-evasion-f3d4,r3k2r/Pppp1ppp/1b3nbN/nP6/BBPNP3/q7/Pp1P2PP/R2Q1RK1 b kq - 1 1,alpha-beta-reference,4,671,404,b6d4,b6d4,b6d4 g1h1 b2a1q d1a1 d4a1 b4a3 a8a7 f1a1 g7h6,b6d4 g1h1 b2a1q b4a3,15,150,4,0,4,b6d4 g1h1 b2a1q b4a3,r3k2r/Pppp1ppp/5nbN/nP6/B1PbP3/B7/P2P2PP/q2Q1R1K b kq - 0 3,a1d1 a4d1 a8a7,capture;quiet-evasion;promotion-sequence
tail-evasion-f3d4,r3k2r/Pppp1ppp/1b3nbN/nP6/BBPNP3/q7/Pp1P2PP/R2Q1RK1 b kq - 1 1,alpha-beta-reference,8,671,571,b6d4,b6d4,b6d4 g1h1 b2a1q d1a1 d4a1 b4a3 a8a7 f1a1 g7h6,b6d4 g1h1 a3b4,15,687,9,0,8,b6d4 g1h1 b2a1q d1a1 d4a1 b4a3 a8a7 f1f6,4k2r/rppp1ppp/5RbN/nP6/B1P1P3/B7/P2P2PP/b6K b k - 0 5,a1f6,capture;quiet-evasion;promotion-sequence;sacrifice
tail-evasion-f3d4,r3k2r/Pppp1ppp/1b3nbN/nP6/BBPNP3/q7/Pp1P2PP/R2Q1RK1 b kq - 1 1,alpha-beta-reference,12,671,671,b6d4,b6d4,b6d4 g1h1 b2a1q d1a1 d4a1 b4a3 a8a7 f1a1 g7h6,b6d4 g1h1 b2a1q d1a1 d4a1 b4a3 a8a7 f1a1 g7h6,15,746,12,0,,,,,
tail-middlegame-d3d4,r4rk1/1pp1qppp/p1np1n2/2b1p1B1/2BPP1b1/P1N2N2/1PP1QPPP/R4RK1 b - - 0 10,alpha-beta-reference,0,133,133,c6d4,c6d4,c6d4,c6d4,20,1123,20,0,,,,,
tail-middlegame-d3d4,r4rk1/1pp1qppp/p1np1n2/2b1p1B1/2BPP1b1/P1N2N2/1PP1QPPP/R4RK1 b - - 0 10,alpha-beta-reference,4,133,-16,c6d4,none,c6d4,,20,120,5,0,4,c6d4 c4f7 e7f7 f3d4,r4rk1/1pp2qpp/p2p1n2/2b1p1B1/3NP1b1/P1N5/1PP1QPPP/R4RK1 b - - 0 12,g4e2 d4e2,capture;sacrifice
tail-middlegame-d3d4,r4rk1/1pp1qppp/p1np1n2/2b1p1B1/2BPP1b1/P1N2N2/1PP1QPPP/R4RK1 b - - 0 10,alpha-beta-reference,8,133,133,c6d4,c6d4,c6d4,c6d4,20,289,9,0,,,,,
tail-middlegame-d3d4,r4rk1/1pp1qppp/p1np1n2/2b1p1B1/2BPP1b1/P1N2N2/1PP1QPPP/R4RK1 b - - 0 10,alpha-beta-reference,12,133,133,c6d4,c6d4,c6d4,c6d4,20,817,13,0,,,,,
