fixture,fen,method,window,alpha,beta,baseline_score,qtt_score,baseline_best,qtt_best,baseline_pv,qtt_pv,baseline_qnodes,qtt_qnodes,baseline_max_qply,qtt_max_qply,oracle_nodes,probes,hits,exact,lower,upper,save_attempts
"winning","4k3/8/8/3q4/4P3/8/8/4K3 w - - 0 1","exhaustive","full","-32769","32769","413","413","e4d5","e4d5","e4d5","e4d5","2","2","1","1","2","2","0","0","0","0","2"
"winning","4k3/8/8/3q4/4P3/8/8/4K3 w - - 0 1","exhaustive","around-exact","412","414","413","413","e4d5","e4d5","e4d5","e4d5","2","2","1","1","2","2","0","0","0","0","2"
"winning","4k3/8/8/3q4/4P3/8/8/4K3 w - - 0 1","exhaustive","fail-high","403","413","413","413","e4d5","e4d5","e4d5","e4d5","2","2","1","1","2","2","0","0","0","0","2"
"winning","4k3/8/8/3q4/4P3/8/8/4K3 w - - 0 1","exhaustive","fail-low","413","423","413","413","e4d5","e4d5","e4d5","e4d5","2","2","1","1","2","2","0","0","0","0","2"
"losing-defended","3rk3/8/8/3p4/8/8/8/3QK3 w - - 0 1","exhaustive","full","-32769","32769","6","6","none","none","","","3","3","2","2","3","3","0","0","0","0","3"
"losing-defended","3rk3/8/8/3p4/8/8/8/3QK3 w - - 0 1","exhaustive","around-exact","5","7","6","6","none","none","","","3","3","2","2","3","3","0","0","0","0","3"
"losing-defended","3rk3/8/8/3p4/8/8/8/3QK3 w - - 0 1","exhaustive","fail-high","-4","6","6","6","none","none","","","1","1","0","0","3","1","0","0","0","0","1"
"losing-defended","3rk3/8/8/3p4/8/8/8/3QK3 w - - 0 1","exhaustive","fail-low","6","16","6","6","none","none","","","3","3","2","2","3","3","0","0","0","0","3"
"equal-defended","rq2k3/8/8/8/8/8/8/R3K3 w - - 0 1","exhaustive","full","-32769","32769","-989","-989","none","none","","","3","3","2","2","3","3","0","0","0","0","3"
"equal-defended","rq2k3/8/8/8/8/8/8/R3K3 w - - 0 1","exhaustive","around-exact","-990","-988","-989","-989","none","none","","","3","3","2","2","3","3","0","0","0","0","3"
"equal-defended","rq2k3/8/8/8/8/8/8/R3K3 w - - 0 1","exhaustive","fail-high","-999","-989","-989","-989","none","none","","","1","1","0","0","3","1","0","0","0","0","1"
"equal-defended","rq2k3/8/8/8/8/8/8/R3K3 w - - 0 1","exhaustive","fail-low","-989","-979","-989","-989","none","none","","","3","3","2","2","3","3","0","0","0","0","3"
"bishop-xray","4k3/6b1/8/8/3p4/8/3Q4/3RK3 w - - 0 1","exhaustive","full","-32769","32769","877","877","none","none","","","4","4","3","3","4","4","0","0","0","0","4"
"bishop-xray","4k3/6b1/8/8/3p4/8/3Q4/3RK3 w - - 0 1","exhaustive","around-exact","876","878","877","877","none","none","","","4","4","3","3","4","4","0","0","0","0","4"
"bishop-xray","4k3/6b1/8/8/3p4/8/3Q4/3RK3 w - - 0 1","exhaustive","fail-high","867","877","877","877","none","none","","","1","1","0","0","4","1","0","0","0","0","1"
"bishop-xray","4k3/6b1/8/8/3p4/8/3Q4/3RK3 w - - 0 1","exhaustive","fail-low","877","887","877","877","none","none","","","4","4","3","3","4","4","0","0","0","0","4"
"diagonal-xray","4k3/8/6b1/8/8/3r4/2Q5/1B2K3 w - - 0 1","exhaustive","full","-32769","32769","284","284","none","none","","","3","3","2","2","3","2","0","0","0","0","2"
"diagonal-xray","4k3/8/6b1/8/8/3r4/2Q5/1B2K3 w - - 0 1","exhaustive","around-exact","283","285","284","284","none","none","","","3","3","2","2","3","2","0","0","0","0","2"
"diagonal-xray","4k3/8/6b1/8/8/3r4/2Q5/1B2K3 w - - 0 1","exhaustive","fail-high","274","284","284","284","none","none","","","1","1","0","0","3","1","0","0","0","0","1"
"diagonal-xray","4k3/8/6b1/8/8/3r4/2Q5/1B2K3 w - - 0 1","exhaustive","fail-low","284","294","284","284","none","none","","","3","3","2","2","3","2","0","0","0","0","2"
"successive-xrays","7k/3r4/3q4/3r4/3p4/3R4/3Q4/K2R4 w - - 0 1","exhaustive","full","-32769","32769","-306","-306","none","none","","","11","11","6","6","48","11","0","0","0","0","11"
"successive-xrays","7k/3r4/3q4/3r4/3p4/3R4/3Q4/K2R4 w - - 0 1","exhaustive","around-exact","-307","-305","-306","-306","none","none","","","11","11","6","6","48","11","0","0","0","0","11"
"successive-xrays","7k/3r4/3q4/3r4/3p4/3R4/3Q4/K2R4 w - - 0 1","exhaustive","fail-high","-316","-306","-306","-306","none","none","","","1","1","0","0","48","1","0","0","0","0","1"
"successive-xrays","7k/3r4/3q4/3r4/3p4/3R4/3Q4/K2R4 w - - 0 1","exhaustive","fail-low","-306","-296","-306","-306","none","none","","","11","11","6","6","48","11","0","0","0","0","11"
"pinned-defender","4k3/3n4/8/1B2p3/5P2/8/8/4K3 w - - 0 1","exhaustive","full","-32769","32769","514","514","f4e5","f4e5","f4e5","f4e5","5","5","3","3","15","5","0","0","0","0","5"
"pinned-defender","4k3/3n4/8/1B2p3/5P2/8/8/4K3 w - - 0 1","exhaustive","around-exact","513","515","514","514","f4e5","f4e5","f4e5","f4e5","5","5","3","3","15","5","0","0","0","0","5"
"pinned-defender","4k3/3n4/8/1B2p3/5P2/8/8/4K3 w - - 0 1","exhaustive","fail-high","504","514","514","514","f4e5","f4e5","f4e5","f4e5","2","2","1","1","15","2","0","0","0","0","2"
"pinned-defender","4k3/3n4/8/1B2p3/5P2/8/8/4K3 w - - 0 1","exhaustive","fail-low","514","524","514","514","f4e5","f4e5","f4e5","f4e5","5","5","3","3","15","5","0","0","0","0","5"
"king-capture-evasion","4k3/8/8/8/8/8/4r3/4K3 w - - 0 1","exhaustive","full","-32769","32769","0","0","e1e2","e1e2","e1e2","e1e2","4","4","1","1","4","3","0","0","0","0","3"
"king-capture-evasion","4k3/8/8/8/8/8/4r3/4K3 w - - 0 1","exhaustive","around-exact","-1","1","0","0","e1e2","e1e2","e1e2","e1e2","4","4","1","1","4","3","0","0","0","0","3"
"king-capture-evasion","4k3/8/8/8/8/8/4r3/4K3 w - - 0 1","exhaustive","fail-high","-10","0","0","0","e1e2","e1e2","e1e2","e1e2","2","2","1","1","4","1","0","0","0","0","1"
"king-capture-evasion","4k3/8/8/8/8/8/4r3/4K3 w - - 0 1","exhaustive","fail-low","0","10","0","0","e1e2","e1e2","e1e2","e1e2","4","4","1","1","4","3","0","0","0","0","3"
"unsafe-king-recapture","8/8/4k3/3r4/8/1B6/8/3RK3 w - - 0 1","exhaustive","full","-32769","32769","1131","1131","d1d5","d1d5","d1d5","d1d5","4","4","2","2","9","4","0","0","0","0","4"
"unsafe-king-recapture","8/8/4k3/3r4/8/1B6/8/3RK3 w - - 0 1","exhaustive","around-exact","1130","1132","1131","1131","d1d5","d1d5","d1d5","d1d5","4","4","2","2","9","4","0","0","0","0","4"
"unsafe-king-recapture","8/8/4k3/3r4/8/1B6/8/3RK3 w - - 0 1","exhaustive","fail-high","1121","1131","1131","1131","d1d5","d1d5","d1d5","d1d5","2","2","1","1","9","2","0","0","0","0","2"
"unsafe-king-recapture","8/8/4k3/3r4/8/1B6/8/3RK3 w - - 0 1","exhaustive","fail-low","1131","1141","1131","1131","d1d5","d1d5","d1d5","d1d5","4","4","2","2","9","4","0","0","0","0","4"
"ep-winning","4k3/8/8/3pP3/8/8/8/4K3 w - d6 0 1","exhaustive","full","-32769","32769","434","434","e5d6","e5d6","e5d6","e5d6","2","2","1","1","2","2","0","0","0","0","2"
"ep-winning","4k3/8/8/3pP3/8/8/8/4K3 w - d6 0 1","exhaustive","around-exact","433","435","434","434","e5d6","e5d6","e5d6","e5d6","2","2","1","1","2","2","0","0","0","0","2"
"ep-winning","4k3/8/8/3pP3/8/8/8/4K3 w - d6 0 1","exhaustive","fail-high","424","434","434","434","e5d6","e5d6","e5d6","e5d6","2","2","1","1","2","2","0","0","0","0","2"
"ep-winning","4k3/8/8/3pP3/8/8/8/4K3 w - d6 0 1","exhaustive","fail-low","434","444","434","434","e5d6","e5d6","e5d6","e5d6","2","2","1","1","2","2","0","0","0","0","2"
"ep-defended","4k3/8/8/3pP3/3r4/8/8/4K3 w - d6 0 1","exhaustive","full","-32769","32769","-682","-682","none","none","","","3","3","2","2","3","3","0","0","0","0","3"
"ep-defended","4k3/8/8/3pP3/3r4/8/8/4K3 w - d6 0 1","exhaustive","around-exact","-683","-681","-682","-682","none","none","","","3","3","2","2","3","3","0","0","0","0","3"
"ep-defended","4k3/8/8/3pP3/3r4/8/8/4K3 w - d6 0 1","exhaustive","fail-high","-692","-682","-682","-682","none","none","","","1","1","0","0","3","1","0","0","0","0","1"
"ep-defended","4k3/8/8/3pP3/3r4/8/8/4K3 w - d6 0 1","exhaustive","fail-low","-682","-672","-682","-682","none","none","","","3","3","2","2","3","3","0","0","0","0","3"
"ep-black","4k3/8/8/3R4/3Pp3/8/8/4K3 b - d3 0 1","exhaustive","full","-32769","32769","-682","-682","none","none","","","3","3","2","2","3","3","0","0","0","0","3"
"ep-black","4k3/8/8/3R4/3Pp3/8/8/4K3 b - d3 0 1","exhaustive","around-exact","-683","-681","-682","-682","none","none","","","3","3","2","2","3","3","0","0","0","0","3"
"ep-black","4k3/8/8/3R4/3Pp3/8/8/4K3 b - d3 0 1","exhaustive","fail-high","-692","-682","-682","-682","none","none","","","1","1","0","0","3","1","0","0","0","0","1"
"ep-black","4k3/8/8/3R4/3Pp3/8/8/4K3 b - d3 0 1","exhaustive","fail-low","-682","-672","-682","-682","none","none","","","3","3","2","2","3","3","0","0","0","0","3"
"quiet-promotion","7k/P7/8/8/8/8/8/7K w - - 0 1","exhaustive","full","-32769","32769","1063","1063","none","none","","","8","8","2","2","9","6","0","0","0","0","6"
"quiet-promotion","7k/P7/8/8/8/8/8/7K w - - 0 1","exhaustive","around-exact","1062","1064","1063","1063","none","none","","","8","8","2","2","9","6","0","0","0","0","6"
"quiet-promotion","7k/P7/8/8/8/8/8/7K w - - 0 1","exhaustive","fail-high","1053","1063","1063","1063","none","none","","","1","1","0","0","9","1","0","0","0","0","1"
"quiet-promotion","7k/P7/8/8/8/8/8/7K w - - 0 1","exhaustive","fail-low","1063","1073","1063","1063","none","none","","","8","8","2","2","9","6","0","0","0","0","6"
"quiet-promotion-black","k7/8/8/8/8/8/p7/7K b - - 0 1","exhaustive","full","-32769","32769","1081","1081","none","none","","","7","7","2","2","9","5","0","0","0","0","5"
"quiet-promotion-black","k7/8/8/8/8/8/p7/7K b - - 0 1","exhaustive","around-exact","1080","1082","1081","1081","none","none","","","7","7","2","2","9","5","0","0","0","0","5"
"quiet-promotion-black","k7/8/8/8/8/8/p7/7K b - - 0 1","exhaustive","fail-high","1071","1081","1081","1081","none","none","","","1","1","0","0","9","1","0","0","0","0","1"
"quiet-promotion-black","k7/8/8/8/8/8/p7/7K b - - 0 1","exhaustive","fail-low","1081","1091","1081","1081","none","none","","","7","7","2","2","9","5","0","0","0","0","5"
"defended-quiet-promotion","7k/P7/r7/8/8/8/8/7K w - - 0 1","exhaustive","full","-32769","32769","33","33","none","none","","","15","15","3","3","17","15","1","0","0","1","14"
"defended-quiet-promotion","7k/P7/r7/8/8/8/8/7K w - - 0 1","exhaustive","around-exact","32","34","33","33","none","none","","","13","13","3","3","17","13","1","0","0","1","12"
"defended-quiet-promotion","7k/P7/r7/8/8/8/8/7K w - - 0 1","exhaustive","fail-high","23","33","33","33","none","none","","","1","1","0","0","17","1","0","0","0","0","1"
"defended-quiet-promotion","7k/P7/r7/8/8/8/8/7K w - - 0 1","exhaustive","fail-low","33","43","33","33","none","none","","","13","13","3","3","17","13","1","0","0","1","12"
"promotion-stalemate-resource","3r4/1P6/8/8/8/1k6/p7/K7 w - - 0 1","exhaustive","full","-32769","32769","0","0","b7b8q","b7b8q","b7b8q d8b8","b7b8q d8b8","29","29","3","3","45","27","0","0","0","0","27"
"promotion-stalemate-resource","3r4/1P6/8/8/8/1k6/p7/K7 w - - 0 1","exhaustive","around-exact","-1","1","0","0","b7b8q","b7b8q","b7b8q d8b8","b7b8q d8b8","27","27","3","3","45","25","0","0","0","0","25"
"promotion-stalemate-resource","3r4/1P6/8/8/8/1k6/p7/K7 w - - 0 1","exhaustive","fail-high","-10","0","0","0","b7b8q","b7b8q","b7b8q","b7b8q","13","13","3","3","45","12","0","0","0","0","12"
"promotion-stalemate-resource","3r4/1P6/8/8/8/1k6/p7/K7 w - - 0 1","exhaustive","fail-low","0","10","0","0","b7b8q","b7b8q","b7b8q d8b8","b7b8q d8b8","27","27","3","3","45","25","0","0","0","0","25"
"promotion-positional-resource","3r4/1P6/8/7q/8/1k6/p7/K7 w - - 0 1","exhaustive","full","-32769","32769","-389","-389","b7b8q","b7b8q","b7b8q b3a3 b8d8","b7b8q b3a3 b8d8","25","25","4","4","67","24","0","0","0","0","24"
"promotion-positional-resource","3r4/1P6/8/7q/8/1k6/p7/K7 w - - 0 1","exhaustive","around-exact","-390","-388","-389","-389","b7b8q","b7b8q","b7b8q b3a3 b8d8","b7b8q b3a3 b8d8","24","24","4","4","67","23","0","0","0","0","23"
"promotion-positional-resource","3r4/1P6/8/7q/8/1k6/p7/K7 w - - 0 1","exhaustive","fail-high","-399","-389","-389","-389","b7b8q","b7b8q","b7b8q","b7b8q","18","18","4","4","67","17","0","0","0","0","17"
"promotion-positional-resource","3r4/1P6/8/7q/8/1k6/p7/K7 w - - 0 1","exhaustive","fail-low","-389","-379","-389","-389","b7b8q","b7b8q","b7b8q b3a3","b7b8q b3a3","12","12","3","3","67","12","0","0","0","0","12"
"capture-promotion","1r5k/P7/8/8/8/8/8/7K w - - 0 1","exhaustive","full","-32769","32769","1070","1070","a7b8q","a7b8q","a7b8q h8h7","a7b8q h8h7","12","12","2","2","17","10","0","0","0","0","10"
"capture-promotion","1r5k/P7/8/8/8/8/8/7K w - - 0 1","exhaustive","around-exact","1069","1071","1070","1070","a7b8q","a7b8q","a7b8q h8h7","a7b8q h8h7","12","12","2","2","17","10","0","0","0","0","10"
"capture-promotion","1r5k/P7/8/8/8/8/8/7K w - - 0 1","exhaustive","fail-high","1060","1070","1070","1070","a7b8q","a7b8q","a7b8q","a7b8q","4","4","2","2","17","4","0","0","0","0","4"
"capture-promotion","1r5k/P7/8/8/8/8/8/7K w - - 0 1","exhaustive","fail-low","1070","1080","1070","1070","a7b8q","a7b8q","a7b8q h8h7","a7b8q h8h7","12","12","2","2","17","10","0","0","0","0","10"
"capture-promotion-black","4k3/8/8/8/8/8/6p1/4K2R b - - 0 1","exhaustive","full","-32769","32769","1116","1116","g2h1q","g2h1q","g2h1q e1d2","g2h1q e1d2","17","17","3","3","29","15","0","0","0","0","15"
"capture-promotion-black","4k3/8/8/8/8/8/6p1/4K2R b - - 0 1","exhaustive","around-exact","1115","1117","1116","1116","g2h1q","g2h1q","g2h1q e1d2","g2h1q e1d2","17","17","3","3","29","15","0","0","0","0","15"
"capture-promotion-black","4k3/8/8/8/8/8/6p1/4K2R b - - 0 1","exhaustive","fail-high","1106","1116","1116","1116","g2h1q","g2h1q","g2h1q","g2h1q","5","5","2","2","29","5","0","0","0","0","5"
"capture-promotion-black","4k3/8/8/8/8/8/6p1/4K2R b - - 0 1","exhaustive","fail-low","1116","1126","1116","1116","g2h1q","g2h1q","g2h1q e1d2","g2h1q e1d2","15","15","3","3","29","13","0","0","0","0","13"
"promotion-recapture","r6b/4k1P1/8/8/8/8/8/4K2R w - - 0 1","exhaustive","full","-32769","32769","738","738","g7h8q","g7h8q","g7h8q a8h8 h1h8","g7h8q a8h8 h1h8","16","16","3","3","73","16","0","0","0","0","16"
"promotion-recapture","r6b/4k1P1/8/8/8/8/8/4K2R w - - 0 1","exhaustive","around-exact","737","739","738","738","g7h8q","g7h8q","g7h8q a8h8 h1h8","g7h8q a8h8 h1h8","16","16","3","3","73","16","0","0","0","0","16"
"promotion-recapture","r6b/4k1P1/8/8/8/8/8/4K2R w - - 0 1","exhaustive","fail-high","728","738","738","738","g7h8q","g7h8q","g7h8q","g7h8q","4","4","3","3","73","4","0","0","0","0","4"
"promotion-recapture","r6b/4k1P1/8/8/8/8/8/4K2R w - - 0 1","exhaustive","fail-low","738","748","738","738","g7h8q","g7h8q","g7h8q a8h8","g7h8q a8h8","16","16","3","3","73","16","0","0","0","0","16"
"rook-underpromotion","8/k1P5/2K5/8/8/8/8/8 w - - 0 1","exhaustive","full","-32769","32769","1110","1110","none","none","","","5","5","1","1","5","2","0","0","0","0","2"
"rook-underpromotion","8/k1P5/2K5/8/8/8/8/8 w - - 0 1","exhaustive","around-exact","1109","1111","1110","1110","none","none","","","5","5","1","1","5","2","0","0","0","0","2"
"rook-underpromotion","8/k1P5/2K5/8/8/8/8/8 w - - 0 1","exhaustive","fail-high","1100","1110","1110","1110","none","none","","","1","1","0","0","5","1","0","0","0","0","1"
"rook-underpromotion","8/k1P5/2K5/8/8/8/8/8 w - - 0 1","exhaustive","fail-low","1110","1120","1110","1110","none","none","","","5","5","1","1","5","2","0","0","0","0","2"
"checking-sacrifice","5r1k/4Qpbp/4NN1N/8/8/8/8/4K3 w - - 0 1","exhaustive","full","-32769","32769","32765","32765","e7f8","e7f8","e7f8 g7f8 h6f7","e7f8 g7f8 h6f7","25","25","5","5","735","21","0","0","0","0","21"
"checking-sacrifice","5r1k/4Qpbp/4NN1N/8/8/8/8/4K3 w - - 0 1","exhaustive","around-exact","32764","32766","32765","32765","e7f8","e7f8","e7f8 g7f8 h6f7","e7f8 g7f8 h6f7","15","15","3","3","735","14","0","0","0","0","14"
"checking-sacrifice","5r1k/4Qpbp/4NN1N/8/8/8/8/4K3 w - - 0 1","exhaustive","fail-high","32755","32765","32765","32765","e7f8","e7f8","e7f8","e7f8","12","12","3","3","735","11","0","0","0","0","11"
"checking-sacrifice","5r1k/4Qpbp/4NN1N/8/8/8/8/4K3 w - - 0 1","exhaustive","fail-low","32765","32769","32765","32765","e7f8","e7f8","e7f8 g7f8","e7f8 g7f8","15","15","3","3","735","14","0","0","0","0","14"
"capture-mate","7k/6p1/5KQ1/8/8/8/8/8 w - - 0 1","exhaustive","full","-32769","32769","32767","32767","g6g7","g6g7","g6g7","g6g7","8","8","1","1","8","6","0","0","0","0","6"
"capture-mate","7k/6p1/5KQ1/8/8/8/8/8 w - - 0 1","exhaustive","around-exact","32766","32768","32767","32767","g6g7","g6g7","g6g7","g6g7","8","8","1","1","8","6","0","0","0","0","6"
"capture-mate","7k/6p1/5KQ1/8/8/8/8/8 w - - 0 1","exhaustive","fail-high","32757","32767","32767","32767","g6g7","g6g7","g6g7","g6g7","8","8","1","1","8","6","0","0","0","0","6"
"capture-mate","7k/6p1/5KQ1/8/8/8/8/8 w - - 0 1","exhaustive","fail-low","32767","32769","32767","32767","g6g7","g6g7","g6g7","g6g7","8","8","1","1","8","6","0","0","0","0","6"
"quiet-evasions","4r1k1/8/8/8/8/8/8/4K3 w - - 0 1","exhaustive","full","-32769","32769","-722","-722","e1d1","e1d1","e1d1","e1d1","5","5","1","1","5","5","0","0","0","0","5"
"quiet-evasions","4r1k1/8/8/8/8/8/8/4K3 w - - 0 1","exhaustive","around-exact","-723","-721","-722","-722","e1d1","e1d1","e1d1","e1d1","5","5","1","1","5","5","0","0","0","0","5"
"quiet-evasions","4r1k1/8/8/8/8/8/8/4K3 w - - 0 1","exhaustive","fail-high","-732","-722","-722","-722","e1d1","e1d1","e1d1","e1d1","2","2","1","1","5","2","0","0","0","0","2"
"quiet-evasions","4r1k1/8/8/8/8/8/8/4K3 w - - 0 1","exhaustive","fail-low","-722","-712","-722","-722","e1d1","e1d1","e1d1","e1d1","5","5","1","1","5","5","0","0","0","0","5"
"negative-capture-evasion","4k3/6b1/8/8/3b4/8/3Q4/6K1 w - - 0 1","exhaustive","full","-32769","32769","247","247","g1f1","g1f1","g1f1","g1f1","45","45","6","6","88","40","0","0","0","0","40"
"negative-capture-evasion","4k3/6b1/8/8/3b4/8/3Q4/6K1 w - - 0 1","exhaustive","around-exact","246","248","247","247","g1f1","g1f1","g1f1","g1f1","15","15","2","2","88","12","0","0","0","0","12"
"negative-capture-evasion","4k3/6b1/8/8/3b4/8/3Q4/6K1 w - - 0 1","exhaustive","fail-high","237","247","247","247","g1f1","g1f1","g1f1","g1f1","2","2","1","1","88","2","0","0","0","0","2"
"negative-capture-evasion","4k3/6b1/8/8/3b4/8/3Q4/6K1 w - - 0 1","exhaustive","fail-low","247","257","247","247","g1f1","g1f1","g1f1","g1f1","15","15","2","2","88","12","0","0","0","0","12"
"counterchecking-block","4r3/8/8/8/8/8/8/2B1K1k1 w - - 0 1","exhaustive","full","-32769","32769","-349","-349","e1d1","e1d1","e1d1","e1d1","10","10","3","3","10","10","0","0","0","0","10"
"counterchecking-block","4r3/8/8/8/8/8/8/2B1K1k1 w - - 0 1","exhaustive","around-exact","-350","-348","-349","-349","e1d1","e1d1","e1d1","e1d1","10","10","3","3","10","10","0","0","0","0","10"
"counterchecking-block","4r3/8/8/8/8/8/8/2B1K1k1 w - - 0 1","exhaustive","fail-high","-359","-349","-349","-349","e1d1","e1d1","e1d1","e1d1","2","2","1","1","10","2","0","0","0","0","2"
"counterchecking-block","4r3/8/8/8/8/8/8/2B1K1k1 w - - 0 1","exhaustive","fail-low","-349","-339","-349","-349","e1d1","e1d1","e1d1","e1d1","10","10","3","3","10","10","0","0","0","0","10"
"three-capture-xray","7k/8/1p6/q7/8/Q7/8/R6K w - - 0 1","exhaustive","full","-32769","32769","707","707","a3a5","a3a5","a3a5 b6a5 a1a5","a3a5 b6a5 a1a5","4","4","3","3","4","4","0","0","0","0","4"
"three-capture-xray","7k/8/1p6/q7/8/Q7/8/R6K w - - 0 1","exhaustive","around-exact","706","708","707","707","a3a5","a3a5","a3a5 b6a5 a1a5","a3a5 b6a5 a1a5","4","4","3","3","4","4","0","0","0","0","4"
"three-capture-xray","7k/8/1p6/q7/8/Q7/8/R6K w - - 0 1","exhaustive","fail-high","697","707","707","707","a3a5","a3a5","a3a5","a3a5","4","4","3","3","4","4","0","0","0","0","4"
"three-capture-xray","7k/8/1p6/q7/8/Q7/8/R6K w - - 0 1","exhaustive","fail-low","707","717","707","707","a3a5","a3a5","a3a5 b6a5","a3a5 b6a5","4","4","3","3","4","4","0","0","0","0","4"
"nonchecking-clearance","b1q4k/8/8/2p5/N7/8/8/R3K3 w - - 0 1","exhaustive","full","-32769","32769","-410","-410","a4c5","a4c5","a4c5","a4c5","8","8","4","4","14","8","0","0","0","0","8"
"nonchecking-clearance","b1q4k/8/8/2p5/N7/8/8/R3K3 w - - 0 1","exhaustive","around-exact","-411","-409","-410","-410","a4c5","a4c5","a4c5","a4c5","8","8","4","4","14","8","0","0","0","0","8"
"nonchecking-clearance","b1q4k/8/8/2p5/N7/8/8/R3K3 w - - 0 1","exhaustive","fail-high","-420","-410","-410","-410","a4c5","a4c5","a4c5","a4c5","8","8","4","4","14","8","0","0","0","0","8"
"nonchecking-clearance","b1q4k/8/8/2p5/N7/8/8/R3K3 w - - 0 1","exhaustive","fail-low","-410","-400","-410","-410","a4c5","a4c5","a4c5","a4c5","2","2","1","1","14","2","0","0","0","0","2"
"tactical","4k3/8/2p1p3/3q4/2P1P3/3Q4/8/4K3 w - - 0 1","exhaustive","full","-32769","32769","1072","1072","c4d5","c4d5","c4d5 c6d5 e4d5","c4d5 c6d5 e4d5","31","28","5","5","46","28","7","3","2","0","23"
"tactical","4k3/8/2p1p3/3q4/2P1P3/3Q4/8/4K3 w - - 0 1","exhaustive","around-exact","1071","1073","1072","1072","c4d5","c4d5","c4d5 c6d5 e4d5","c4d5 c6d5 e4d5","23","22","5","5","46","22","3","1","2","0","19"
"tactical","4k3/8/2p1p3/3q4/2P1P3/3Q4/8/4K3 w - - 0 1","exhaustive","fail-high","1062","1072","1072","1072","c4d5","c4d5","c4d5","c4d5","14","13","5","5","46","13","1","0","1","0","12"
"tactical","4k3/8/2p1p3/3q4/2P1P3/3Q4/8/4K3 w - - 0 1","exhaustive","fail-low","1072","1082","1072","1072","c4d5","c4d5","c4d5 c6d5","c4d5 c6d5","17","17","5","5","46","17","2","0","2","0","15"
"quiet-mate-excluded","7k/8/5KQ1/8/8/8/8/8 w - - 0 1","exhaustive","full","-32769","32769","1146","1146","none","none","","","1","1","0","0","1","1","0","0","0","0","1"
"quiet-mate-excluded","7k/8/5KQ1/8/8/8/8/8 w - - 0 1","exhaustive","around-exact","1145","1147","1146","1146","none","none","","","1","1","0","0","1","1","0","0","0","0","1"
"quiet-mate-excluded","7k/8/5KQ1/8/8/8/8/8 w - - 0 1","exhaustive","fail-high","1136","1146","1146","1146","none","none","","","1","1","0","0","1","1","0","0","0","0","1"
"quiet-mate-excluded","7k/8/5KQ1/8/8/8/8/8 w - - 0 1","exhaustive","fail-low","1146","1156","1146","1146","none","none","","","1","1","0","0","1","1","0","0","0","0","1"
"fifty-evasion","4r1k1/8/8/8/8/8/8/4K3 w - - 99 1","exhaustive","full","-32769","32769","0","0","e1d1","e1d1","e1d1","e1d1","5","5","1","1","5","1","0","0","0","0","1"
"fifty-evasion","4r1k1/8/8/8/8/8/8/4K3 w - - 99 1","exhaustive","around-exact","-1","1","0","0","e1d1","e1d1","e1d1","e1d1","5","5","1","1","5","1","0","0","0","0","1"
"fifty-evasion","4r1k1/8/8/8/8/8/8/4K3 w - - 99 1","exhaustive","fail-high","-10","0","0","0","e1d1","e1d1","e1d1","e1d1","2","2","1","1","5","1","0","0","0","0","1"
"fifty-evasion","4r1k1/8/8/8/8/8/8/4K3 w - - 99 1","exhaustive","fail-low","0","10","0","0","e1d1","e1d1","e1d1","e1d1","5","5","1","1","5","1","0","0","0","0","1"
"mate-before-fifty","7k/6Q1/5K2/8/8/8/8/8 b - - 100 1","exhaustive","full","-32769","32769","-32768","-32768","none","none","","","1","1","0","0","1","0","0","0","0","0","0"
"mate-before-fifty","7k/6Q1/5K2/8/8/8/8/8 b - - 100 1","exhaustive","around-exact","-32769","-32767","-32768","-32768","none","none","","","1","1","0","0","1","0","0","0","0","0","0"
"mate-before-fifty","7k/6Q1/5K2/8/8/8/8/8 b - - 100 1","exhaustive","fail-high","-32769","-32768","-32768","-32768","none","none","","","1","1","0","0","1","0","0","0","0","0","0"
"mate-before-fifty","7k/6Q1/5K2/8/8/8/8/8 b - - 100 1","exhaustive","fail-low","-32768","-32758","-32768","-32768","none","none","","","1","1","0","0","1","0","0","0","0","0","0"
"stalemate","7k/5K2/6Q1/8/8/8/8/8 b - - 0 1","exhaustive","full","-32769","32769","0","0","none","none","","","1","1","0","0","1","0","0","0","0","0","0"
"stalemate","7k/5K2/6Q1/8/8/8/8/8 b - - 0 1","exhaustive","around-exact","-1","1","0","0","none","none","","","1","1","0","0","1","0","0","0","0","0","0"
"stalemate","7k/5K2/6Q1/8/8/8/8/8 b - - 0 1","exhaustive","fail-high","-10","0","0","0","none","none","","","1","1","0","0","1","0","0","0","0","0","0"
"stalemate","7k/5K2/6Q1/8/8/8/8/8 b - - 0 1","exhaustive","fail-low","0","10","0","0","none","none","","","1","1","0","0","1","0","0","0","0","0","0"
"insufficient","4k3/8/8/8/8/8/8/4K3 w - - 0 1","exhaustive","full","-32769","32769","0","0","none","none","","","1","1","0","0","1","0","0","0","0","0","0"
"insufficient","4k3/8/8/8/8/8/8/4K3 w - - 0 1","exhaustive","around-exact","-1","1","0","0","none","none","","","1","1","0","0","1","0","0","0","0","0","0"
"insufficient","4k3/8/8/8/8/8/8/4K3 w - - 0 1","exhaustive","fail-high","-10","0","0","0","none","none","","","1","1","0","0","1","0","0","0","0","0","0"
"insufficient","4k3/8/8/8/8/8/8/4K3 w - - 0 1","exhaustive","fail-low","0","10","0","0","none","none","","","1","1","0","0","1","0","0","0","0","0","0"
"mate-five","7k/5prp/4QB2/8/8/7R/8/4K2R w - - 0 1","exhaustive","full","-32769","32769","32763","32763","h3h7","h3h7","h3h7 h8g8 h7g7 g8f8 e6f7","h3h7 h8g8 h7g7 g8f8 e6f7","34","34","6","6","50","31","2","0","2","0","29"
"mate-five","7k/5prp/4QB2/8/8/7R/8/4K2R w - - 0 1","exhaustive","around-exact","32762","32764","32763","32763","h3h7","h3h7","h3h7 h8g8 h7g7 g8f8 e6f7","h3h7 h8g8 h7g7 g8f8 e6f7","33","33","6","6","50","30","2","0","2","0","28"
"mate-five","7k/5prp/4QB2/8/8/7R/8/4K2R w - - 0 1","exhaustive","fail-high","32753","32763","32763","32763","h3h7","h3h7","h3h7","h3h7","19","19","5","5","50","16","0","0","0","0","16"
"mate-five","7k/5prp/4QB2/8/8/7R/8/4K2R w - - 0 1","exhaustive","fail-low","32763","32769","32763","32763","f6g7","f6g7","f6g7 h8g7","f6g7 h8g7","26","26","6","6","50","24","0","0","0","0","24"
"draw-five","7k/2b4n/1p6/qK6/8/Q7/8/R7 w - - 0 1","exhaustive","full","-32769","32769","0","0","a3a5","a3a5","a3a5 b6a5 a1a5 c7a5 b5a5","a3a5 b6a5 a1a5 c7a5 b5a5","12","12","5","5","15","11","0","0","0","0","11"
"draw-five","7k/2b4n/1p6/qK6/8/Q7/8/R7 w - - 0 1","exhaustive","around-exact","-1","1","0","0","a3a5","a3a5","a3a5 b6a5 a1a5 c7a5 b5a5","a3a5 b6a5 a1a5 c7a5 b5a5","8","8","5","5","15","7","0","0","0","0","7"
"draw-five","7k/2b4n/1p6/qK6/8/Q7/8/R7 w - - 0 1","exhaustive","fail-high","-10","0","0","0","a3a5","a3a5","a3a5","a3a5","8","8","5","5","15","7","0","0","0","0","7"
"draw-five","7k/2b4n/1p6/qK6/8/Q7/8/R7 w - - 0 1","exhaustive","fail-low","0","10","0","0","a3a5","a3a5","a3a5 b6a5","a3a5 b6a5","8","8","5","5","15","7","0","0","0","0","7"
"tail-kiwipete-e1d1","r3k2r/p1ppqpb1/bn2pnp1/3PN3/1p2P3/2N2Q1p/PPPBBPPP/R2K3R b kq - 1 1","alpha-beta-reference","full","-32769","32769","300","300","h3g2","h3g2","h3g2 f3g2 b4c3 d2c3 a6e2 d1e2 e6d5 e5g6 f7g6 g2g6 e8d8","h3g2 f3g2 b4c3 d2c3 a6e2 d1e2","35898","15174","31","31","0","15140","1377","39","684","392","14025"
"tail-kiwipete-e1d1","r3k2r/p1ppqpb1/bn2pnp1/3PN3/1p2P3/2N2Q1p/PPPBBPPP/R2K3R b kq - 1 1","alpha-beta-reference","around-exact","299","301","300","300","h3g2","h3g2","h3g2 f3g2 b4c3 d2c3 a6e2 d1e2 e6d5 e5g6 f7g6 g2g6 e8d8","h3g2 f3g2 b4c3 d2c3 a6e2 d1e2","5255","2167","26","26","0","2167","99","1","34","64","2068"
"tail-kiwipete-e1d1","r3k2r/p1ppqpb1/bn2pnp1/3PN3/1p2P3/2N2Q1p/PPPBBPPP/R2K3R b kq - 1 1","alpha-beta-reference","fail-high","290","300","300","300","h3g2","h3g2","h3g2","h3g2","15424","7826","26","26","0","7819","380","1","177","195","7446"
"tail-kiwipete-e1d1","r3k2r/p1ppqpb1/bn2pnp1/3PN3/1p2P3/2N2Q1p/PPPBBPPP/R2K3R b kq - 1 1","alpha-beta-reference","fail-low","300","310","300","300","a6e2","a6e2","a6e2 d1e2","a6e2 d1e2","467","282","15","15","0","282","8","0","1","7","274"
"tail-kiwipete-f3h3","r3k2r/p1ppqpb1/bn2pnp1/3PN3/1p2P3/2N4Q/PPPBBPPP/R3K2R b KQkq - 0 1","alpha-beta-reference","full","-32769","32769","590","590","h8h3","h8h3","h8h3 g2h3 b4c3","h8h3 g2h3 b4c3","743","536","16","16","0","536","33","0","28","5","503"
"tail-kiwipete-f3h3","r3k2r/p1ppqpb1/bn2pnp1/3PN3/1p2P3/2N4Q/PPPBBPPP/R3K2R b KQkq - 0 1","alpha-beta-reference","around-exact","589","591","590","590","h8h3","h8h3","h8h3 g2h3 b4c3","h8h3 g2h3 b4c3","347","331","16","16","0","331","19","0","16","3","312"
"tail-kiwipete-f3h3","r3k2r/p1ppqpb1/bn2pnp1/3PN3/1p2P3/2N4Q/PPPBBPPP/R3K2R b KQkq - 0 1","alpha-beta-reference","fail-high","580","590","590","590","h8h3","h8h3","h8h3","h8h3","529","355","16","16","0","355","25","0","21","4","330"
"tail-kiwipete-f3h3","r3k2r/p1ppqpb1/bn2pnp1/3PN3/1p2P3/2N4Q/PPPBBPPP/R3K2R b KQkq - 0 1","alpha-beta-reference","fail-low","590","600","590","590","h8h3","h8h3","h8h3 g2h3","h8h3 g2h3","21","21","5","5","0","21","0","0","0","0","21"
"tail-evasion-","r3k2r/Pppp1ppp/1b3nbN/nP6/BBP1P3/q4N2/Pp1P2PP/R2Q1RK1 w kq - 0 1","alpha-beta-reference","full","-32769","32769","-391","-391","d2d4","d2d4","d2d4 b2a1q d1a1 a3b4","d2d4 b2a1q d1a1 a3b4","2508","2067","18","18","0","2060","118","7","80","19","1954"
"tail-evasion-","r3k2r/Pppp1ppp/1b3nbN/nP6/BBP1P3/q4N2/Pp1P2PP/R2Q1RK1 w kq - 0 1","alpha-beta-reference","around-exact","-392","-390","-391","-391","d2d4","d2d4","d2d4 b2a1q d1a1 a3b4","d2d4 b2a1q d1a1 a3b4","1139","893","18","18","0","893","20","1","15","4","873"
"tail-evasion-","r3k2r/Pppp1ppp/1b3nbN/nP6/BBP1P3/q4N2/Pp1P2PP/R2Q1RK1 w kq - 0 1","alpha-beta-reference","fail-high","-401","-391","-391","-391","d2d4","d2d4","d2d4","d2d4","682","535","18","18","0","535","11","0","6","5","524"
"tail-evasion-","r3k2r/Pppp1ppp/1b3nbN/nP6/BBP1P3/q4N2/Pp1P2PP/R2Q1RK1 w kq - 0 1","alpha-beta-reference","fail-low","-391","-381","-391","-391","d2d4","d2d4","d2d4 b2a1q","d2d4 b2a1q","798","688","18","18","0","688","14","0","12","2","674"
"tail-evasion-f1f2","r3k2r/Pppp1ppp/1b3nbN/nP6/BBP1P3/q4N2/Pp1P1RPP/R2Q2K1 b kq - 1 1","alpha-beta-reference","full","-32769","32769","696","696","b2a1q","b2a1q","b2a1q d1a1 b6f2 g1f2 a3b4","b2a1q d1a1 b6f2 g1f2 a3b4","1827","952","22","22","0","950","107","6","86","13","845"
"tail-evasion-f1f2","r3k2r/Pppp1ppp/1b3nbN/nP6/BBP1P3/q4N2/Pp1P1RPP/R2Q2K1 b kq - 1 1","alpha-beta-reference","around-exact","695","697","696","696","b2a1q","b2a1q","b2a1q d1a1 b6f2 g1f2 a3b4","b2a1q d1a1 b6f2 g1f2 a3b4","741","399","17","17","0","397","38","2","32","4","359"
"tail-evasion-f1f2","r3k2r/Pppp1ppp/1b3nbN/nP6/BBP1P3/q4N2/Pp1P1RPP/R2Q2K1 b kq - 1 1","alpha-beta-reference","fail-high","686","696","696","696","b2a1q","b2a1q","b2a1q","b2a1q","165","115","17","17","0","115","8","0","8","0","107"
"tail-evasion-f1f2","r3k2r/Pppp1ppp/1b3nbN/nP6/BBP1P3/q4N2/Pp1P1RPP/R2Q2K1 b kq - 1 1","alpha-beta-reference","fail-low","696","706","696","696","b2a1q","b2a1q","b2a1q d1a1","b2a1q d1a1","654","321","11","11","0","319","36","0","30","6","283"
"tail-evasion-f3d4","r3k2r/Pppp1ppp/1b3nbN/nP6/BBPNP3/q7/Pp1P2PP/R2Q1RK1 b kq - 1 1","alpha-beta-reference","full","-32769","32769","671","671","b6d4","b6d4","b6d4 g1h1 b2a1q d1a1 d4a1 b4a3 a8a7 f1a1 g7h6","b6d4 g1h1 b2a1q d1a1 d4a1","746","493","15","15","0","493","60","7","29","5","452"
"tail-evasion-f3d4","r3k2r/Pppp1ppp/1b3nbN/nP6/BBPNP3/q7/Pp1P2PP/R2Q1RK1 b kq - 1 1","alpha-beta-reference","around-exact","670","672","671","671","b6d4","b6d4","b6d4 g1h1 b2a1q d1a1 d4a1 b4a3 a8a7 f1a1 g7h6","b6d4 g1h1 b2a1q d1a1 d4a1","386","225","11","11","0","225","17","3","14","0","208"
"tail-evasion-f3d4","r3k2r/Pppp1ppp/1b3nbN/nP6/BBPNP3/q7/Pp1P2PP/R2Q1RK1 b kq - 1 1","alpha-beta-reference","fail-high","661","671","671","671","b6d4","b6d4","b6d4","b6d4","112","95","11","11","0","95","1","0","0","1","94"
"tail-evasion-f3d4","r3k2r/Pppp1ppp/1b3nbN/nP6/BBPNP3/q7/Pp1P2PP/R2Q1RK1 b kq - 1 1","alpha-beta-reference","fail-low","671","681","671","671","b2a1q","b2a1q","b2a1q d1a1","b2a1q d1a1","310","171","11","11","0","171","15","0","14","1","156"
"tail-middlegame-d3d4","r4rk1/1pp1qppp/p1np1n2/2b1p1B1/2BPP1b1/P1N2N2/1PP1QPPP/R4RK1 b - - 0 10","alpha-beta-reference","full","-32769","32769","133","133","c6d4","c6d4","c6d4","c6d4","1123","1067","20","20","0","1067","40","0","28","12","1027"
"tail-middlegame-d3d4","r4rk1/1pp1qppp/p1np1n2/2b1p1B1/2BPP1b1/P1N2N2/1PP1QPPP/R4RK1 b - - 0 10","alpha-beta-reference","around-exact","132","134","133","133","c6d4","c6d4","c6d4","c6d4","188","185","20","20","0","185","3","0","2","1","182"
"tail-middlegame-d3d4","r4rk1/1pp1qppp/p1np1n2/2b1p1B1/2BPP1b1/P1N2N2/1PP1QPPP/R4RK1 b - - 0 10","alpha-beta-reference","fail-high","123","133","133","133","c6d4","c6d4","c6d4","c6d4","670","636","20","20","0","636","16","0","9","7","620"
"tail-middlegame-d3d4","r4rk1/1pp1qppp/p1np1n2/2b1p1B1/2BPP1b1/P1N2N2/1PP1QPPP/R4RK1 b - - 0 10","alpha-beta-reference","fail-low","133","143","133","133","c6d4","c6d4","c6d4","c6d4","13","13","3","3","0","13","0","0","0","0","13"
