run,fixture,observation,observed_qply,path_ply,node_fen,move,alpha,beta,alpha_gap,observed_move_score,stand_pat,gain,immediate_child_value,immediate_eval_gain,material_change,piece_square_change,passed_pawn_change,other_eval_change,full_node_score,full_pv,oracle_status,oracle_nodes,exact_move_score,exact_node_best,relation_to_best,selected_line_cause,move_oracle_excess
"corpus:nonchecking-clearance:lower","nonchecking-clearance","0","0","0","b1q4k/8/8/2p5/N7/8/8/R3K3 w - - 0 1","a4c5","-411","-410","180","-410","-691","100","-410","281","113","27","150","-9","-410","a4c5","exact","14","-410","-410","uniquely-best","static","181"
"corpus:ep-winning:lower","ep-winning","0","0","0","4k3/8/8/3pP3/8/8/8/4K3 w - d6 0 1","e5d6","433","434","304","434","29","100","434","405","120","26","288","-29","434","e5d6","exact","2","434","434","uniquely-best","static","305"
"corpus:ep-defended:upper","ep-defended","1","1","1","4k3/8/3P4/8/3r4/8/8/4K3 b - - 0 1","d4d6","681","682","296","734","285","100","734","449","118","26","315","-10","734","d4d6","exact","2","734","734","uniquely-best","static","349"
"corpus:three-capture-xray:lower","three-capture-xray","2","2","2","7k/8/8/p7/8/8/8/R6K w - - 0 2","a1a5","706","707","331","707","275","100","707","432","118","1","300","13","707","a1a5","exact","2","707","707","uniquely-best","static","332"
"corpus:nonchecking-capture-dead-draw:lower","nonchecking-capture-dead-draw","0","0","0","4k3/8/8/8/8/8/3r4/4K3 w - - 0 1","e1d2","-1","0","280","0","-781","500","7","788","595","35","0","158","0","e1d2","exact","2","0","0","uniquely-best","insufficient","281"
"corpus:promotion-stalemate-resource:full","promotion-stalemate-resource","8","2","2","1R1r4/8/8/8/8/k7/p7/K7 w - - 1 2","b8d8","0","108","173","20","-673","500","20","693","593","10","0","90","20","b8d8","exact","2","20","20","uniquely-best","static","193"
"benchmark:kiwipete:2","kiwipete","11218","17","19","3r3B/p1p2p2/1n4p1/8/4k3/7p/PPP1KPPP/R6R b - - 0 10","h3g2","-115","-110","520","-56","-735","100","-56","679","113","11","540","15","-56","h3g2","exact","5","-56","-56","uniquely-best","static","579"
"benchmark:kiwipete:3","kiwipete","25654","12","15","r3k3/p1p1qNb1/4Pn2/8/4P3/8/P1PKbPPP/R7 b q - 0 8","e7e6","590","616","442","607","48","100","607","559","110","21","350","78","672","f6e4 d2e2 g7a1","exact","34726","607","672","below","static","459"
"benchmark:kiwipete:2","kiwipete","7304","14","16","r2k4/p1p2p2/1n2P1p1/8/4P3/8/P1PBKP1P/b6R w - - 0 9","e6f7","473","477","414","547","-41","100","547","588","114","6","450","18","547","e6f7","exact","4","547","547","uniquely-best","static","488"
"benchmark:kiwipete:3","kiwipete","32171","8","11","r2k3r/p1p1q1b1/1n2PN2/6B1/4P3/2p5/PPP1bPPP/R3K2R b KQ - 0 6","c3b2","663","678","412","673","151","100","673","522","105","0","300","117","673","c3b2","guard-rejected","200001","","","","",""
"benchmark:kiwipete:2","kiwipete","7425","14","16","r4k2/p1p2p2/1n2P1p1/8/4P3/8/P1PBKP1P/b6R w - - 0 9","e6f7","445","469","403","475","-58","100","536","594","114","6","450","24","475","e6f7 f8f7 h1a1","exact","6","475","475","uniquely-best","static","433"
"corpus:draw-five:full","draw-five","7","4","4","7k/7n/8/bK6/8/8/8/8 w - - 0 3","b5a5","-232","34","43","0","-605","330","-230","375","349","-3","0","29","0","b5a5","exact","2","0","0","uniquely-best","insufficient","275"
