run,fixture,observation,qply,node_fen,move,alpha,beta,alpha_gap,observed_move_score,observed_bound,exact_move_score,exact_node_best,relation_to_best,unique_mate,unique_draw,selected_line_cause
corpus:winning:full,winning,0,0,4k3/8/8/3q4/4P3/8/8/4K3 w - - 0 1,e4d5,-731,32769,-975,413,EXACT,413,413,uniquely-best,false,false,static
corpus:winning:lower,winning,0,0,4k3/8/8/3q4/4P3/8/8/4K3 w - - 0 1,e4d5,412,413,168,413,LOWER,413,413,uniquely-best,false,false,static
corpus:winning:upper,winning,0,0,4k3/8/8/3q4/4P3/8/8/4K3 w - - 0 1,e4d5,413,414,169,413,UPPER,413,413,uniquely-best,false,false,static
corpus:losing-defended:full,losing-defended,0,0,3rk3/8/8/3p4/8/8/8/3QK3 w - - 0 1,d1d5,6,32769,-100,-737,UPPER,-737,6,below,false,false,static
corpus:losing-defended:full,losing-defended,1,1,3rk3/8/8/3Q4/8/8/8/4K3 b - - 0 1,d8d5,-529,-6,-975,737,LOWER,737,737,uniquely-best,false,false,static
corpus:losing-defended:upper,losing-defended,0,0,3rk3/8/8/3p4/8/8/8/3QK3 w - - 0 1,d1d5,6,7,-100,-737,UPPER,-737,6,below,false,false,static
corpus:losing-defended:upper,losing-defended,1,1,3rk3/8/8/3Q4/8/8/8/4K3 b - - 0 1,d8d5,-7,-6,-453,737,LOWER,737,737,uniquely-best,false,false,static
corpus:equal-defended:full,equal-defended,0,0,rq2k3/8/8/8/8/8/8/R3K3 w - - 0 1,a1a8,-989,32769,-500,-1024,UPPER,-1024,-989,below,false,false,static
corpus:equal-defended:full,equal-defended,1,1,Rq2k3/8/8/8/8/8/8/4K3 b - - 0 1,b8a8,357,989,-500,1024,LOWER,1024,1024,uniquely-best,false,false,static
corpus:equal-defended:upper,equal-defended,0,0,rq2k3/8/8/8/8/8/8/R3K3 w - - 0 1,a1a8,-989,-988,-500,-1024,UPPER,-1024,-989,below,false,false,static
corpus:equal-defended:upper,equal-defended,1,1,Rq2k3/8/8/8/8/8/8/4K3 b - - 0 1,b8a8,988,989,131,1024,LOWER,1024,1024,uniquely-best,false,false,static
corpus:bishop-xray:full,bishop-xray,0,0,4k3/6b1/8/8/3p4/8/3Q4/3RK3 w - - 0 1,d2d4,877,32769,-100,737,UPPER,737,877,below,false,false,static
corpus:bishop-xray:full,bishop-xray,1,1,4k3/6b1/8/8/3Q4/8/8/3RK3 b - - 0 1,g7d4,-1409,-877,-975,-737,LOWER,-737,-737,uniquely-best,false,false,static
corpus:bishop-xray:full,bishop-xray,2,2,4k3/8/8/8/3b4/8/8/3RK3 w - - 0 2,d1d4,877,1409,241,737,UPPER,737,737,uniquely-best,false,false,static
corpus:bishop-xray:upper,bishop-xray,0,0,4k3/6b1/8/8/3p4/8/3Q4/3RK3 w - - 0 1,d2d4,877,878,-100,737,UPPER,737,877,below,false,false,static
corpus:bishop-xray:upper,bishop-xray,1,1,4k3/6b1/8/8/3Q4/8/8/3RK3 b - - 0 1,g7d4,-878,-877,-444,-737,LOWER,-737,-737,uniquely-best,false,false,static
corpus:bishop-xray:upper,bishop-xray,2,2,4k3/8/8/8/3b4/8/8/3RK3 w - - 0 2,d1d4,877,878,241,737,UPPER,737,737,uniquely-best,false,false,static
corpus:diagonal-xray:full,diagonal-xray,0,0,4k3/8/6b1/8/8/3r4/2Q5/1B2K3 w - - 0 1,c2d3,284,32769,-500,0,UPPER,0,284,below,false,false,insufficient
corpus:diagonal-xray:full,diagonal-xray,1,1,4k3/8/6b1/8/8/3Q4/8/1B2K3 b - - 0 1,g6d3,-1058,-284,-975,0,LOWER,0,0,uniquely-best,false,true,insufficient
corpus:diagonal-xray:upper,diagonal-xray,0,0,4k3/8/6b1/8/8/3r4/2Q5/1B2K3 w - - 0 1,c2d3,284,285,-500,0,UPPER,0,284,below,false,false,insufficient
corpus:diagonal-xray:upper,diagonal-xray,1,1,4k3/8/6b1/8/8/3Q4/8/1B2K3 b - - 0 1,g6d3,-285,-284,-202,0,LOWER,0,0,uniquely-best,false,true,insufficient
corpus:successive-xrays:full,successive-xrays,0,0,7k/3r4/3q4/3r4/3p4/3R4/3Q4/K2R4 w - - 0 1,d3d4,-306,32769,-100,-682,UPPER,-682,-306,below,false,false,static
corpus:successive-xrays:full,successive-xrays,1,1,7k/3r4/3q4/3r4/3R4/8/3Q4/K2R4 b - - 0 1,d5d4,6,306,-500,682,LOWER,682,682,uniquely-best,false,false,static
corpus:successive-xrays:full,successive-xrays,2,5,7k/3r4/8/8/3R4/8/8/K7 b - - 0 3,d7d4,6,306,-492,709,LOWER,709,709,uniquely-best,false,false,static
corpus:successive-xrays:upper,successive-xrays,0,0,7k/3r4/3q4/3r4/3p4/3R4/3Q4/K2R4 w - - 0 1,d3d4,-306,-305,-100,-682,UPPER,-682,-306,below,false,false,static
corpus:successive-xrays:upper,successive-xrays,1,1,7k/3r4/3q4/3r4/3R4/8/3Q4/K2R4 b - - 0 1,d5d4,305,306,-201,682,LOWER,682,682,uniquely-best,false,false,static
corpus:successive-xrays:upper,successive-xrays,2,5,7k/3r4/8/8/3R4/8/8/K7 b - - 0 3,d7d4,305,306,-193,709,LOWER,709,709,uniquely-best,false,false,static
corpus:pinned-defender:full,pinned-defender,0,0,4k3/3n4/8/1B2p3/5P2/8/8/4K3 w - - 0 1,f4e5,86,32769,-100,514,EXACT,514,514,uniquely-best,false,false,static
corpus:pinned-defender:full,pinned-defender,1,2,8/3k4/8/4p3/5P2/8/8/4K3 w - - 0 2,f4e5,514,32769,430,386,UPPER,386,386,uniquely-best,false,false,static
corpus:pinned-defender:lower,pinned-defender,0,0,4k3/3n4/8/1B2p3/5P2/8/8/4K3 w - - 0 1,f4e5,513,514,327,514,LOWER,514,514,uniquely-best,false,false,static
corpus:pinned-defender:upper,pinned-defender,0,0,4k3/3n4/8/1B2p3/5P2/8/8/4K3 w - - 0 1,f4e5,514,515,328,514,UPPER,514,514,uniquely-best,false,false,static
corpus:pinned-defender:upper,pinned-defender,1,2,8/3k4/8/4p3/5P2/8/8/4K3 w - - 0 2,f4e5,514,515,430,386,UPPER,386,386,uniquely-best,false,false,static
corpus:unsafe-king-recapture:full,unsafe-king-recapture,0,0,8/8/4k3/3r4/8/1B6/8/3RK3 w - - 0 1,d1d5,378,32769,-500,1131,EXACT,1131,1131,uniquely-best,false,false,static
corpus:unsafe-king-recapture:lower,unsafe-king-recapture,0,0,8/8/4k3/3r4/8/1B6/8/3RK3 w - - 0 1,d1d5,1130,1131,252,1131,LOWER,1131,1131,uniquely-best,false,false,static
corpus:unsafe-king-recapture:upper,unsafe-king-recapture,0,0,8/8/4k3/3r4/8/1B6/8/3RK3 w - - 0 1,d1d5,1131,1132,253,1131,UPPER,1131,1131,uniquely-best,false,false,static
corpus:ep-winning:full,ep-winning,0,0,4k3/8/8/3pP3/8/8/8/4K3 w - d6 0 1,e5d6,29,32769,-100,434,EXACT,434,434,uniquely-best,false,false,static
corpus:ep-winning:lower,ep-winning,0,0,4k3/8/8/3pP3/8/8/8/4K3 w - d6 0 1,e5d6,433,434,304,434,LOWER,434,434,uniquely-best,false,false,static
corpus:ep-winning:upper,ep-winning,0,0,4k3/8/8/3pP3/8/8/8/4K3 w - d6 0 1,e5d6,434,435,305,434,UPPER,434,434,uniquely-best,false,false,static
corpus:ep-defended:full,ep-defended,0,0,4k3/8/8/3pP3/3r4/8/8/4K3 w - d6 0 1,e5d6,-682,32769,-100,-734,UPPER,-734,-682,below,false,false,static
corpus:ep-defended:full,ep-defended,1,1,4k3/8/3P4/8/3r4/8/8/4K3 b - - 0 1,d4d6,285,682,-100,734,LOWER,734,734,uniquely-best,false,false,static
corpus:ep-defended:upper,ep-defended,0,0,4k3/8/8/3pP3/3r4/8/8/4K3 w - d6 0 1,e5d6,-682,-681,-100,-734,UPPER,-734,-682,below,false,false,static
corpus:ep-defended:upper,ep-defended,1,1,4k3/8/3P4/8/3r4/8/8/4K3 b - - 0 1,d4d6,681,682,296,734,LOWER,734,734,uniquely-best,false,false,static
corpus:ep-black:full,ep-black,0,0,4k3/8/8/3R4/3Pp3/8/8/4K3 b - d3 0 1,e4d3,-682,32769,-100,-734,UPPER,-734,-682,below,false,false,static
corpus:ep-black:full,ep-black,1,1,4k3/8/8/3R4/8/3p4/8/4K3 w - - 0 2,d5d3,285,682,-100,734,LOWER,734,734,uniquely-best,false,false,static
corpus:ep-black:upper,ep-black,0,0,4k3/8/8/3R4/3Pp3/8/8/4K3 b - d3 0 1,e4d3,-682,-681,-100,-734,UPPER,-734,-682,below,false,false,static
corpus:ep-black:upper,ep-black,1,1,4k3/8/8/3R4/8/3p4/8/4K3 w - - 0 2,d5d3,681,682,296,734,LOWER,734,734,uniquely-best,false,false,static
corpus:defended-quiet-promotion:full,defended-quiet-promotion,0,2,Q7/6k1/r7/8/8/8/8/7K w - - 1 2,a8a6,407,32769,-500,1081,EXACT,1081,1081,uniquely-best,false,false,static
corpus:defended-quiet-promotion:full,defended-quiet-promotion,1,2,Q7/7k/r7/8/8/8/8/7K w - - 1 2,a8a6,394,1081,-500,1066,EXACT,1066,1066,uniquely-best,false,false,static
corpus:defended-quiet-promotion:full,defended-quiet-promotion,2,2,R7/6k1/r7/8/8/8/8/7K w - - 1 2,a8a6,33,32769,-480,717,EXACT,717,717,uniquely-best,false,false,static
corpus:defended-quiet-promotion:full,defended-quiet-promotion,3,2,R7/7k/r7/8/8/8/8/7K w - - 1 2,a8a6,33,717,-474,715,EXACT,715,715,uniquely-best,false,false,static
corpus:defended-quiet-promotion:upper,defended-quiet-promotion,0,2,R7/6k1/r7/8/8/8/8/7K w - - 1 2,a8a6,33,34,-480,717,LOWER,717,717,uniquely-best,false,false,static
corpus:defended-quiet-promotion:upper,defended-quiet-promotion,1,2,R7/7k/r7/8/8/8/8/7K w - - 1 2,a8a6,33,34,-474,715,LOWER,715,715,uniquely-best,false,false,static
corpus:promotion-stalemate-resource:full,promotion-stalemate-resource,0,2,1Q1r4/8/8/8/8/8/p1k5/K7 w - - 1 2,b8d8,-198,32769,-500,462,EXACT,462,462,uniquely-best,false,false,static
corpus:promotion-stalemate-resource:full,promotion-stalemate-resource,1,2,1Q1r4/8/8/8/8/8/p1k5/K7 w - - 1 2,a1a2,462,32769,560,435,UPPER,-755,462,below,false,false,static
corpus:promotion-stalemate-resource:full,promotion-stalemate-resource,2,2,1Q1r4/8/8/8/8/k7/p7/K7 w - - 1 2,b8d8,-234,462,-500,349,EXACT,349,349,uniquely-best,false,false,static
corpus:promotion-stalemate-resource:full,promotion-stalemate-resource,3,2,1Q1r4/8/8/8/8/2k5/p7/K7 w - - 1 2,b8d8,-177,349,-500,484,LOWER,484,484,uniquely-best,false,false,static
corpus:promotion-stalemate-resource:full,promotion-stalemate-resource,4,2,1Q1r4/8/8/8/k7/8/p7/K7 w - - 1 2,b8d8,-166,349,-500,424,LOWER,424,424,uniquely-best,false,false,static
corpus:promotion-stalemate-resource:full,promotion-stalemate-resource,5,2,1Q1r4/8/8/8/2k5/8/p7/K7 w - - 1 2,b8d8,-187,349,-500,477,LOWER,477,477,uniquely-best,false,false,static
corpus:promotion-stalemate-resource:full,promotion-stalemate-resource,6,2,1R1r4/8/8/8/8/8/p1k5/K7 w - - 1 2,b8d8,0,32769,112,108,EXACT,108,108,uniquely-best,false,false,static
corpus:promotion-stalemate-resource:full,promotion-stalemate-resource,7,2,1R1r4/8/8/8/8/8/p1k5/K7 w - - 1 2,a1a2,108,32769,620,19,UPPER,-755,108,below,false,false,static
corpus:promotion-stalemate-resource:full,promotion-stalemate-resource,8,2,1R1r4/8/8/8/8/k7/p7/K7 w - - 1 2,b8d8,0,108,173,20,EXACT,20,20,uniquely-best,false,false,static
corpus:promotion-stalemate-resource:full,promotion-stalemate-resource,9,2,1R1r4/8/8/8/8/2k5/p7/K7 w - - 1 2,b8d8,0,20,104,115,LOWER,115,115,uniquely-best,false,false,static
corpus:promotion-stalemate-resource:full,promotion-stalemate-resource,10,2,1R1r4/8/8/8/k7/8/p7/K7 w - - 1 2,b8d8,0,20,99,92,LOWER,92,92,uniquely-best,false,false,static
corpus:promotion-stalemate-resource:full,promotion-stalemate-resource,11,2,1R1r4/8/8/8/2k5/8/p7/K7 w - - 1 2,b8d8,0,20,107,109,LOWER,109,109,uniquely-best,false,false,static
corpus:promotion-stalemate-resource:lower,promotion-stalemate-resource,0,2,1Q1r4/8/8/8/8/8/p1k5/K7 w - - 1 2,b8d8,-1,0,-303,462,LOWER,462,462,uniquely-best,false,false,static
corpus:promotion-stalemate-resource:lower,promotion-stalemate-resource,1,2,1Q1r4/8/8/8/8/k7/p7/K7 w - - 1 2,b8d8,-1,0,-267,349,LOWER,349,349,uniquely-best,false,false,static
corpus:promotion-stalemate-resource:lower,promotion-stalemate-resource,2,2,1Q1r4/8/8/8/8/2k5/p7/K7 w - - 1 2,b8d8,-1,0,-324,484,LOWER,484,484,uniquely-best,false,false,static
corpus:promotion-stalemate-resource:lower,promotion-stalemate-resource,3,2,1Q1r4/8/8/8/k7/8/p7/K7 w - - 1 2,b8d8,-1,0,-335,424,LOWER,424,424,uniquely-best,false,false,static
corpus:promotion-stalemate-resource:lower,promotion-stalemate-resource,4,2,1Q1r4/8/8/8/2k5/8/p7/K7 w - - 1 2,b8d8,-1,0,-314,477,LOWER,477,477,uniquely-best,false,false,static
corpus:promotion-stalemate-resource:upper,promotion-stalemate-resource,0,2,1Q1r4/8/8/8/8/8/p1k5/K7 w - - 1 2,b8d8,0,1,-302,462,LOWER,462,462,uniquely-best,false,false,static
corpus:promotion-stalemate-resource:upper,promotion-stalemate-resource,1,2,1Q1r4/8/8/8/8/k7/p7/K7 w - - 1 2,b8d8,0,1,-266,349,LOWER,349,349,uniquely-best,false,false,static
corpus:promotion-stalemate-resource:upper,promotion-stalemate-resource,2,2,1Q1r4/8/8/8/8/2k5/p7/K7 w - - 1 2,b8d8,0,1,-323,484,LOWER,484,484,uniquely-best,false,false,static
corpus:promotion-stalemate-resource:upper,promotion-stalemate-resource,3,2,1Q1r4/8/8/8/k7/8/p7/K7 w - - 1 2,b8d8,0,1,-334,424,LOWER,424,424,uniquely-best,false,false,static
corpus:promotion-stalemate-resource:upper,promotion-stalemate-resource,4,2,1Q1r4/8/8/8/2k5/8/p7/K7 w - - 1 2,b8d8,0,1,-313,477,LOWER,477,477,uniquely-best,false,false,static
corpus:promotion-stalemate-resource:upper,promotion-stalemate-resource,5,2,1R1r4/8/8/8/8/8/p1k5/K7 w - - 1 2,b8d8,0,1,112,108,LOWER,108,108,uniquely-best,false,false,static
corpus:promotion-stalemate-resource:upper,promotion-stalemate-resource,6,2,1R1r4/8/8/8/8/k7/p7/K7 w - - 1 2,b8d8,0,1,173,20,LOWER,20,20,uniquely-best,false,false,static
corpus:promotion-stalemate-resource:upper,promotion-stalemate-resource,7,2,1R1r4/8/8/8/8/2k5/p7/K7 w - - 1 2,b8d8,0,1,104,115,LOWER,115,115,uniquely-best,false,false,static
corpus:promotion-stalemate-resource:upper,promotion-stalemate-resource,8,2,1R1r4/8/8/8/k7/8/p7/K7 w - - 1 2,b8d8,0,1,99,92,LOWER,92,92,uniquely-best,false,false,static
corpus:promotion-stalemate-resource:upper,promotion-stalemate-resource,9,2,1R1r4/8/8/8/2k5/8/p7/K7 w - - 1 2,b8d8,0,1,107,109,LOWER,109,109,uniquely-best,false,false,static
corpus:promotion-positional-resource:full,promotion-positional-resource,0,2,1Q1r4/8/8/7q/8/8/p1k5/K7 w - - 1 2,b8d8,-1014,32769,-500,-346,EXACT,-346,-346,uniquely-best,false,false,static
corpus:promotion-positional-resource:full,promotion-positional-resource,1,2,1Q1r4/8/8/7q/8/8/p1k5/K7 w - - 1 2,a1a2,-346,32769,568,-617,UPPER,-1715,-346,below,false,false,static
corpus:promotion-positional-resource:full,promotion-positional-resource,2,2,1Q1r4/8/8/7q/8/k7/p7/K7 w - - 1 2,b8d8,-983,-346,-500,-389,EXACT,-389,-389,uniquely-best,false,false,static
corpus:promotion-positional-resource:full,promotion-positional-resource,3,2,1Q1r4/8/8/7q/8/2k5/p7/K7 w - - 1 2,b8d8,-983,-389,-500,-318,LOWER,-318,-318,uniquely-best,false,false,static
corpus:promotion-positional-resource:full,promotion-positional-resource,4,2,1Q1r4/8/8/7q/k7/8/p7/K7 w - - 1 2,b8d8,-984,-389,-500,-386,LOWER,-386,-386,uniquely-best,false,false,static
corpus:promotion-positional-resource:full,promotion-positional-resource,5,2,1Q1r4/8/8/7q/2k5/8/p7/K7 w - - 1 2,b8d8,-986,-389,-500,-321,LOWER,-321,-321,uniquely-best,false,false,static
corpus:promotion-positional-resource:full,promotion-positional-resource,6,2,1R1r4/8/8/7q/8/8/p1k5/K7 w - - 1 2,b8d8,-389,32769,495,-766,UPPER,-766,-766,uniquely-best,false,false,static
corpus:promotion-positional-resource:full,promotion-positional-resource,7,2,1R1r4/8/8/7q/8/8/p1k5/K7 w - - 1 2,a1a2,-389,32769,895,-985,UPPER,-1715,-766,below,false,false,static
corpus:promotion-positional-resource:lower,promotion-positional-resource,0,2,1Q1r4/8/8/7q/8/8/p1k5/K7 w - - 1 2,b8d8,-390,-389,124,-346,LOWER,-346,-346,uniquely-best,false,false,static
corpus:promotion-positional-resource:lower,promotion-positional-resource,1,2,1Q1r4/8/8/7q/8/k7/p7/K7 w - - 1 2,b8d8,-390,-389,93,-389,LOWER,-389,-389,uniquely-best,false,false,static
corpus:promotion-positional-resource:lower,promotion-positional-resource,2,2,1Q1r4/8/8/7q/8/2k5/p7/K7 w - - 1 2,b8d8,-390,-389,93,-318,LOWER,-318,-318,uniquely-best,false,false,static
corpus:promotion-positional-resource:lower,promotion-positional-resource,3,2,1Q1r4/8/8/7q/k7/8/p7/K7 w - - 1 2,b8d8,-390,-389,94,-386,LOWER,-386,-386,uniquely-best,false,false,static
corpus:promotion-positional-resource:lower,promotion-positional-resource,4,2,1Q1r4/8/8/7q/2k5/8/p7/K7 w - - 1 2,b8d8,-390,-389,96,-321,LOWER,-321,-321,uniquely-best,false,false,static
corpus:promotion-positional-resource:upper,promotion-positional-resource,0,2,1Q1r4/8/8/7q/8/8/p1k5/K7 w - - 1 2,b8d8,-389,-388,125,-346,LOWER,-346,-346,uniquely-best,false,false,static
corpus:promotion-positional-resource:upper,promotion-positional-resource,1,2,1Q1r4/8/8/7q/8/k7/p7/K7 w - - 1 2,b8d8,-389,-388,94,-389,UPPER,-389,-389,uniquely-best,false,false,static
corpus:promotion-positional-resource:upper,promotion-positional-resource,2,2,1R1r4/8/8/7q/8/8/p1k5/K7 w - - 1 2,b8d8,-389,-388,495,-766,UPPER,-766,-766,uniquely-best,false,false,static
corpus:promotion-positional-resource:upper,promotion-positional-resource,3,2,1R1r4/8/8/7q/8/8/p1k5/K7 w - - 1 2,a1a2,-389,-388,895,-985,UPPER,-1715,-766,below,false,false,static
corpus:capture-promotion-black:full,capture-promotion-black,0,2,4k3/8/8/8/8/8/3K4/6qR b - - 1 2,g1h1,1116,32769,112,1116,UPPER,1116,1116,uniquely-best,false,false,static
corpus:capture-promotion-black:full,capture-promotion-black,1,2,4k3/8/8/8/8/8/3K4/6rR b - - 1 2,g1h1,1116,32769,562,732,UPPER,732,732,uniquely-best,false,false,static
corpus:capture-promotion-black:upper,capture-promotion-black,0,2,4k3/8/8/8/8/8/3K4/6qR b - - 1 2,g1h1,1116,1117,112,1116,UPPER,1116,1116,uniquely-best,false,false,static
corpus:capture-promotion-black:upper,capture-promotion-black,1,2,4k3/8/8/8/8/8/3K4/6rR b - - 1 2,g1h1,1116,1117,562,732,UPPER,732,732,uniquely-best,false,false,static
corpus:promotion-recapture:full,promotion-recapture,0,1,r6Q/4k3/8/8/8/8/8/4K2R b - - 0 1,a8h8,-1118,-62,-975,-738,EXACT,-738,-738,uniquely-best,false,false,static
corpus:promotion-recapture:full,promotion-recapture,1,2,7r/4k3/8/8/8/8/8/4K2R w - - 0 2,h1h8,62,1118,-424,738,EXACT,738,738,uniquely-best,false,false,static
corpus:promotion-recapture:full,promotion-recapture,2,0,r6b/4k1P1/8/8/8/8/8/4K2R w - - 0 1,h1h8,738,32769,346,496,UPPER,496,738,below,false,false,static
corpus:promotion-recapture:full,promotion-recapture,3,1,r5Qb/4k3/8/8/8/8/8/4K2R b - - 0 1,a8g8,-810,-738,-975,-1,LOWER,420,420,uniquely-best,false,false,static
corpus:promotion-recapture:full,promotion-recapture,4,2,6rb/4k3/8/8/8/8/8/4K2R w - - 0 2,h1h8,738,810,828,1,UPPER,-711,-420,below,false,false,static
corpus:promotion-recapture:full,promotion-recapture,5,2,r5Nb/8/3k4/8/8/8/8/4K2R w - - 1 2,h1h8,738,32769,588,276,UPPER,276,276,uniquely-best,false,false,static
corpus:promotion-recapture:lower,promotion-recapture,0,1,r6Q/4k3/8/8/8/8/8/4K2R b - - 0 1,a8h8,-738,-737,-595,-738,UPPER,-738,-738,uniquely-best,false,false,static
corpus:promotion-recapture:lower,promotion-recapture,1,2,7r/4k3/8/8/8/8/8/4K2R w - - 0 2,h1h8,737,738,251,738,LOWER,738,738,uniquely-best,false,false,static
corpus:promotion-recapture:upper,promotion-recapture,0,1,r6Q/4k3/8/8/8/8/8/4K2R b - - 0 1,a8h8,-739,-738,-596,-738,LOWER,-738,-738,uniquely-best,false,false,static
corpus:promotion-recapture:upper,promotion-recapture,1,2,7r/4k3/8/8/8/8/8/4K2R w - - 0 2,h1h8,738,739,252,738,UPPER,738,738,uniquely-best,false,false,static
corpus:promotion-recapture:upper,promotion-recapture,2,0,r6b/4k1P1/8/8/8/8/8/4K2R w - - 0 1,h1h8,738,739,346,496,UPPER,496,738,below,false,false,static
corpus:promotion-recapture:upper,promotion-recapture,3,1,r5Qb/4k3/8/8/8/8/8/4K2R b - - 0 1,a8g8,-739,-738,-904,-1,LOWER,420,420,uniquely-best,false,false,static
corpus:promotion-recapture:upper,promotion-recapture,4,2,6rb/4k3/8/8/8/8/8/4K2R w - - 0 2,h1h8,738,739,828,1,UPPER,-711,-420,below,false,false,static
corpus:promotion-recapture:upper,promotion-recapture,5,2,r5Nb/8/3k4/8/8/8/8/4K2R w - - 1 2,h1h8,738,739,588,276,UPPER,276,276,uniquely-best,false,false,static
corpus:checking-sacrifice:full,checking-sacrifice,0,0,5r1k/4Qpbp/4NN1N/8/8/8/8/4K3 w - - 0 1,e6f8,619,32769,-500,1076,EXACT,1076,32765,below,false,false,static
corpus:checking-sacrifice:full,checking-sacrifice,1,1,5N1k/4Qpbp/5N1N/8/8/8/8/4K3 b - - 0 1,g7h6,-1078,-619,-320,-1076,EXACT,-1076,-1076,uniquely-best,false,false,static
corpus:checking-sacrifice:full,checking-sacrifice,2,2,5N1k/4Qp1p/5N1b/8/8/8/8/4K3 w - - 0 2,e7f7,769,1078,-100,1076,EXACT,1076,1076,uniquely-best,false,false,static
corpus:checking-sacrifice:full,checking-sacrifice,3,3,5N1k/5Q1p/5N1b/8/8/8/8/4K3 b - - 0 2,h6f8,-1076,-769,-320,-32763,UPPER,-32763,-1076,below,false,false,mate
corpus:checking-sacrifice:full,checking-sacrifice,4,2,5N1k/4Qp1p/5N1b/8/8/8/8/4K3 w - - 0 2,f6h7,1076,1078,207,964,UPPER,964,1076,below,false,false,static
corpus:checking-sacrifice:full,checking-sacrifice,5,2,5N1k/4Qp1p/5N1b/8/8/8/8/4K3 w - - 0 2,f8h7,1076,1078,207,989,UPPER,989,1076,below,false,false,static
corpus:checking-sacrifice:full,checking-sacrifice,6,1,5N1k/4Qpbp/5N1N/8/8/8/8/4K3 b - - 0 1,g7f6,-1076,-619,-318,-32765,UPPER,-32765,-1076,below,false,false,mate
corpus:checking-sacrifice:full,checking-sacrifice,7,1,5N1k/4Qpbp/5N1N/8/8/8/8/4K3 b - - 0 1,g7f8,-1076,-619,-318,-32765,UPPER,-32765,-1076,below,false,false,mate
corpus:checking-sacrifice:full,checking-sacrifice,8,0,5r1k/4Qpbp/4NN1N/8/8/8/8/4K3 w - - 0 1,e6g7,1076,32769,127,803,UPPER,803,32765,below,false,false,static
corpus:checking-sacrifice:full,checking-sacrifice,9,2,7k/4Qrbp/4NN2/8/8/8/8/4K3 w - - 0 2,e7f7,1076,32769,128,1056,UPPER,1056,1056,uniquely-best,false,false,static
corpus:checking-sacrifice:full,checking-sacrifice,10,2,7k/4Qrbp/4NN2/8/8/8/8/4K3 w - - 0 2,e6g7,1076,32769,298,710,UPPER,-657,1056,below,false,false,static
corpus:checking-sacrifice:full,checking-sacrifice,11,2,7k/4Qrbp/4NN2/8/8/8/8/4K3 w - - 0 2,f6h7,1076,32769,528,522,UPPER,-528,1056,below,false,false,static
corpus:checking-sacrifice:full,checking-sacrifice,12,2,5b1k/5p1p/4NN1N/8/8/8/8/4K3 w - - 0 2,e6f8,1076,32769,647,424,UPPER,424,32765,below,false,false,static
corpus:checking-sacrifice:full,checking-sacrifice,13,2,5b1k/5p1p/4NN1N/8/8/8/8/4K3 w - - 0 2,f6h7,32765,32769,32566,288,UPPER,-20,32765,below,false,false,static
corpus:checking-sacrifice:full,checking-sacrifice,14,0,5r1k/4Qpbp/4NN1N/8/8/8/8/4K3 w - - 0 1,e7f7,32765,32769,32046,794,UPPER,794,32765,below,false,false,static
corpus:checking-sacrifice:full,checking-sacrifice,15,0,5r1k/4Qpbp/4NN1N/8/8/8/8/4K3 w - - 0 1,f6h7,32765,32769,32046,721,UPPER,721,32765,below,false,false,static
corpus:checking-sacrifice:lower,checking-sacrifice,0,0,5r1k/4Qpbp/4NN1N/8/8/8/8/4K3 w - - 0 1,e6f8,32764,32765,31645,1078,UPPER,1076,32765,below,false,false,static
corpus:checking-sacrifice:lower,checking-sacrifice,1,0,5r1k/4Qpbp/4NN1N/8/8/8/8/4K3 w - - 0 1,e6g7,32764,32765,31815,803,UPPER,803,32765,below,false,false,static
corpus:checking-sacrifice:lower,checking-sacrifice,2,2,7k/4Qrbp/4NN2/8/8/8/8/4K3 w - - 0 2,e7f7,32764,32765,31816,1056,UPPER,1056,1056,uniquely-best,false,false,static
corpus:checking-sacrifice:lower,checking-sacrifice,3,2,7k/4Qrbp/4NN2/8/8/8/8/4K3 w - - 0 2,e6g7,32764,32765,31986,710,UPPER,-657,1056,below,false,false,static
corpus:checking-sacrifice:lower,checking-sacrifice,4,2,7k/4Qrbp/4NN2/8/8/8/8/4K3 w - - 0 2,f6h7,32764,32765,32216,522,UPPER,-528,1056,below,false,false,static
corpus:checking-sacrifice:lower,checking-sacrifice,5,2,5b1k/5p1p/4NN1N/8/8/8/8/4K3 w - - 0 2,e6f8,32764,32765,32335,424,UPPER,424,32765,below,false,false,static
corpus:checking-sacrifice:upper,checking-sacrifice,0,0,5r1k/4Qpbp/4NN1N/8/8/8/8/4K3 w - - 0 1,e6f8,32765,32766,31646,1078,UPPER,1076,32765,below,false,false,static
corpus:checking-sacrifice:upper,checking-sacrifice,1,0,5r1k/4Qpbp/4NN1N/8/8/8/8/4K3 w - - 0 1,e6g7,32765,32766,31816,803,UPPER,803,32765,below,false,false,static
corpus:checking-sacrifice:upper,checking-sacrifice,2,2,7k/4Qrbp/4NN2/8/8/8/8/4K3 w - - 0 2,e7f7,32765,32766,31817,1056,UPPER,1056,1056,uniquely-best,false,false,static
corpus:checking-sacrifice:upper,checking-sacrifice,3,2,7k/4Qrbp/4NN2/8/8/8/8/4K3 w - - 0 2,e6g7,32765,32766,31987,710,UPPER,-657,1056,below,false,false,static
corpus:checking-sacrifice:upper,checking-sacrifice,4,2,7k/4Qrbp/4NN2/8/8/8/8/4K3 w - - 0 2,f6h7,32765,32766,32217,522,UPPER,-528,1056,below,false,false,static
corpus:checking-sacrifice:upper,checking-sacrifice,5,2,5b1k/5p1p/4NN1N/8/8/8/8/4K3 w - - 0 2,e6f8,32765,32766,32336,424,UPPER,424,32765,below,false,false,static
corpus:checking-sacrifice:upper,checking-sacrifice,6,2,5b1k/5p1p/4NN1N/8/8/8/8/4K3 w - - 0 2,f6h7,32765,32766,32566,288,UPPER,-20,32765,below,false,false,static
corpus:checking-sacrifice:upper,checking-sacrifice,7,0,5r1k/4Qpbp/4NN1N/8/8/8/8/4K3 w - - 0 1,e7f7,32765,32766,32046,794,UPPER,794,32765,below,false,false,static
corpus:checking-sacrifice:upper,checking-sacrifice,8,0,5r1k/4Qpbp/4NN1N/8/8/8/8/4K3 w - - 0 1,f6h7,32765,32766,32046,721,UPPER,721,32765,below,false,false,static
corpus:negative-capture-evasion:full,negative-capture-evasion,0,4,8/6b1/2k5/8/3Q4/8/8/6K1 w - - 1 3,d4g7,904,32769,-330,1111,EXACT,1111,1111,uniquely-best,false,false,static
corpus:negative-capture-evasion:full,negative-capture-evasion,1,4,8/6b1/4k3/8/3Q4/8/8/6K1 w - - 1 3,d4g7,905,1111,-330,1194,LOWER,1194,1194,uniquely-best,false,false,static
corpus:negative-capture-evasion:full,negative-capture-evasion,2,4,2k5/6b1/8/8/3Q4/8/8/6K1 w - - 1 3,d4g7,763,1081,-330,1087,LOWER,1087,1087,uniquely-best,false,false,static
corpus:negative-capture-evasion:full,negative-capture-evasion,3,4,4k3/6b1/8/8/3Q4/8/8/6K1 w - - 1 3,d4g7,765,1081,-330,1155,LOWER,1155,1155,uniquely-best,false,false,static
corpus:three-capture-xray:full,three-capture-xray,0,0,7k/8/1p6/q7/8/Q7/8/R6K w - - 0 1,a3a5,450,32769,-975,707,EXACT,707,707,uniquely-best,false,false,static
corpus:three-capture-xray:full,three-capture-xray,1,1,7k/8/1p6/Q7/8/8/8/R6K b - - 0 1,b6a5,-1379,-450,-975,-707,EXACT,-707,-707,uniquely-best,false,false,static
corpus:three-capture-xray:full,three-capture-xray,2,2,7k/8/8/p7/8/8/8/R6K w - - 0 2,a1a5,450,1379,75,707,EXACT,707,707,uniquely-best,false,false,static
corpus:three-capture-xray:lower,three-capture-xray,0,0,7k/8/1p6/q7/8/Q7/8/R6K w - - 0 1,a3a5,706,707,-719,707,LOWER,707,707,uniquely-best,false,false,static
corpus:three-capture-xray:lower,three-capture-xray,1,1,7k/8/1p6/Q7/8/8/8/R6K b - - 0 1,b6a5,-707,-706,-303,-707,UPPER,-707,-707,uniquely-best,false,false,static
corpus:three-capture-xray:lower,three-capture-xray,2,2,7k/8/8/p7/8/8/8/R6K w - - 0 2,a1a5,706,707,331,707,LOWER,707,707,uniquely-best,false,false,static
corpus:three-capture-xray:upper,three-capture-xray,0,0,7k/8/1p6/q7/8/Q7/8/R6K w - - 0 1,a3a5,707,708,-718,707,UPPER,707,707,uniquely-best,false,false,static
corpus:three-capture-xray:upper,three-capture-xray,1,1,7k/8/1p6/Q7/8/8/8/R6K b - - 0 1,b6a5,-708,-707,-304,-707,LOWER,-707,-707,uniquely-best,false,false,static
corpus:three-capture-xray:upper,three-capture-xray,2,2,7k/8/8/p7/8/8/8/R6K w - - 0 2,a1a5,707,708,332,707,UPPER,707,707,uniquely-best,false,false,static
corpus:nonchecking-clearance:full,nonchecking-clearance,0,0,b1q4k/8/8/2p5/N7/8/8/R3K3 w - - 0 1,a4c5,-691,32769,-100,-410,EXACT,-410,-410,uniquely-best,false,false,static
corpus:nonchecking-clearance:full,nonchecking-clearance,1,1,b1q4k/8/8/2N5/8/8/8/R3K3 b - - 0 1,c8c5,410,691,-320,393,UPPER,393,410,below,false,false,static
corpus:nonchecking-clearance:lower,nonchecking-clearance,0,0,b1q4k/8/8/2p5/N7/8/8/R3K3 w - - 0 1,a4c5,-411,-410,180,-410,LOWER,-410,-410,uniquely-best,false,false,static
corpus:nonchecking-clearance:lower,nonchecking-clearance,1,1,b1q4k/8/8/2N5/8/8/8/R3K3 b - - 0 1,c8c5,410,411,-320,393,UPPER,393,410,below,false,false,static
corpus:nonchecking-clearance:upper,nonchecking-clearance,0,0,b1q4k/8/8/2p5/N7/8/8/R3K3 w - - 0 1,a4c5,-410,-409,181,-410,UPPER,-410,-410,uniquely-best,false,false,static
corpus:tactical:full,tactical,0,0,4k3/8/2p1p3/3q4/2P1P3/3Q4/8/4K3 w - - 0 1,d3d5,14,32769,-975,413,EXACT,413,1072,below,false,false,static
corpus:tactical:full,tactical,1,1,4k3/8/2p1p3/3Q4/2P1P3/8/8/4K3 b - - 0 1,c6d5,-1142,-14,-975,-413,EXACT,-413,-413,equal-best,false,false,static
corpus:tactical:full,tactical,2,2,4k3/8/4p3/3p4/2P1P3/8/8/4K3 w - - 0 2,c4d5,14,1142,-52,174,EXACT,174,413,below,false,false,static
corpus:tactical:full,tactical,3,3,4k3/8/4p3/3P4/4P3/8/8/4K3 b - - 0 2,e6d5,-174,-14,-100,-413,UPPER,-413,-174,below,false,false,static
corpus:tactical:full,tactical,4,4,4k3/8/8/3p4/4P3/8/8/4K3 w - - 0 3,e4d5,14,174,-86,413,LOWER,413,413,uniquely-best,false,false,static
corpus:tactical:full,tactical,5,2,4k3/8/4p3/3p4/2P1P3/8/8/4K3 w - - 0 2,e4d5,174,1142,108,413,EXACT,413,413,uniquely-best,false,false,static
corpus:tactical:full,tactical,6,3,4k3/8/4p3/3P4/2P5/8/8/4K3 b - - 0 2,e6d5,-438,-174,-100,-413,EXACT,-413,-413,uniquely-best,false,false,static
corpus:tactical:full,tactical,7,4,4k3/8/8/3p4/2P5/8/8/4K3 w - - 0 3,c4d5,174,438,83,413,EXACT,413,413,uniquely-best,false,false,static
corpus:tactical:full,tactical,8,1,4k3/8/2p1p3/3Q4/2P1P3/8/8/4K3 b - - 0 1,e6d5,-413,-14,-246,-413,UPPER,-413,-413,equal-best,false,false,static
corpus:tactical:full,tactical,9,2,4k3/8/2p5/3p4/2P1P3/8/8/4K3 w - - 0 2,c4d5,14,413,-52,413,LOWER,413,413,uniquely-best,false,false,static
corpus:tactical:full,tactical,10,3,4k3/8/2p5/3P4/4P3/8/8/4K3 b - - 0 2,c6d5,-413,-14,-66,-413,UPPER,-413,-413,uniquely-best,false,false,static
corpus:tactical:full,tactical,11,4,4k3/8/8/3p4/4P3/8/8/4K3 w - - 0 3,e4d5,14,413,-86,413,LOWER,413,413,uniquely-best,false,false,static
corpus:tactical:full,tactical,12,0,4k3/8/2p1p3/3q4/2P1P3/3Q4/8/4K3 w - - 0 1,c4d5,413,32769,-576,1072,EXACT,1072,1072,equal-best,false,false,static
corpus:tactical:full,tactical,13,1,4k3/8/2p1p3/3P4/4P3/3Q4/8/4K3 b - - 0 1,c6d5,-1115,-413,-100,-1072,EXACT,-1072,-1072,equal-best,false,false,static
corpus:tactical:full,tactical,14,2,4k3/8/4p3/3p4/4P3/3Q4/8/4K3 w - - 0 2,e4d5,912,1115,-100,1072,EXACT,1072,1072,uniquely-best,false,false,static
corpus:tactical:full,tactical,15,3,4k3/8/4p3/3P4/8/3Q4/8/4K3 b - - 0 2,e6d5,-1072,-912,-100,-1187,UPPER,-1187,-1072,below,false,false,static
corpus:tactical:full,tactical,16,4,4k3/8/8/3p4/8/3Q4/8/4K3 w - - 0 3,d3d5,912,1072,137,1187,LOWER,1187,1187,uniquely-best,false,false,static
corpus:tactical:full,tactical,17,2,4k3/8/4p3/3p4/4P3/3Q4/8/4K3 w - - 0 2,d3d5,1072,1115,60,413,UPPER,413,1072,below,false,false,static
corpus:tactical:full,tactical,18,3,4k3/8/4p3/3Q4/4P3/8/8/4K3 b - - 0 2,e6d5,-1115,-1072,-936,-413,LOWER,-413,-413,uniquely-best,false,false,static
corpus:tactical:full,tactical,19,4,4k3/8/8/3p4/4P3/8/8/4K3 w - - 0 3,e4d5,1072,1115,972,413,UPPER,413,413,uniquely-best,false,false,static
corpus:tactical:full,tactical,20,1,4k3/8/2p1p3/3P4/4P3/3Q4/8/4K3 b - - 0 1,e6d5,-1072,-413,-57,-1072,UPPER,-1072,-1072,equal-best,false,false,static
corpus:tactical:full,tactical,21,2,4k3/8/2p5/3p4/4P3/3Q4/8/4K3 w - - 0 2,e4d5,690,1072,-100,1072,LOWER,1072,1072,uniquely-best,false,false,static
corpus:tactical:full,tactical,22,3,4k3/8/2p5/3P4/8/3Q4/8/4K3 b - - 0 2,c6d5,-1072,-690,-100,-1187,UPPER,-1187,-1072,below,false,false,static
corpus:tactical:full,tactical,23,4,4k3/8/8/3p4/8/3Q4/8/4K3 w - - 0 3,d3d5,690,1072,-85,1187,LOWER,1187,1187,uniquely-best,false,false,static
corpus:tactical:full,tactical,24,0,4k3/8/2p1p3/3q4/2P1P3/3Q4/8/4K3 w - - 0 1,e4d5,1072,32769,83,1072,UPPER,1072,1072,equal-best,false,false,static
corpus:tactical:full,tactical,25,1,4k3/8/2p1p3/3P4/2P5/3Q4/8/4K3 b - - 0 1,c6d5,-1108,-1072,-100,-1072,LOWER,-1072,-1072,equal-best,false,false,static
corpus:tactical:full,tactical,26,2,4k3/8/4p3/3p4/2P5/3Q4/8/4K3 w - - 0 2,c4d5,1072,1108,290,1072,UPPER,1072,1072,uniquely-best,false,false,static
corpus:tactical:full,tactical,27,2,4k3/8/4p3/3p4/2P5/3Q4/8/4K3 w - - 0 2,d3d5,1072,1108,290,413,UPPER,413,1072,below,false,false,static
corpus:tactical:full,tactical,28,3,4k3/8/4p3/3Q4/2P5/8/8/4K3 b - - 0 2,e6d5,-1074,-1072,-975,-413,LOWER,-413,-413,uniquely-best,false,false,static
corpus:tactical:full,tactical,29,4,4k3/8/8/3p4/2P5/8/8/4K3 w - - 0 3,c4d5,1072,1074,981,413,UPPER,413,413,uniquely-best,false,false,static
corpus:tactical:lower,tactical,0,0,4k3/8/2p1p3/3q4/2P1P3/3Q4/8/4K3 w - - 0 1,d3d5,1071,1072,82,438,UPPER,413,1072,below,false,false,static
corpus:tactical:lower,tactical,1,1,4k3/8/2p1p3/3Q4/2P1P3/8/8/4K3 b - - 0 1,c6d5,-1072,-1071,-905,-438,LOWER,-413,-413,equal-best,false,false,static
corpus:tactical:lower,tactical,2,2,4k3/8/4p3/3p4/2P1P3/8/8/4K3 w - - 0 2,c4d5,1071,1072,1005,174,UPPER,174,413,below,false,false,static
corpus:tactical:lower,tactical,3,2,4k3/8/4p3/3p4/2P1P3/8/8/4K3 w - - 0 2,e4d5,1071,1072,1005,438,UPPER,413,413,uniquely-best,false,false,static
corpus:tactical:lower,tactical,4,0,4k3/8/2p1p3/3q4/2P1P3/3Q4/8/4K3 w - - 0 1,c4d5,1071,1072,82,1072,LOWER,1072,1072,equal-best,false,false,static
corpus:tactical:lower,tactical,5,1,4k3/8/2p1p3/3P4/4P3/3Q4/8/4K3 b - - 0 1,c6d5,-1072,-1071,-57,-1072,UPPER,-1072,-1072,equal-best,false,false,static
corpus:tactical:lower,tactical,6,2,4k3/8/4p3/3p4/4P3/3Q4/8/4K3 w - - 0 2,e4d5,1071,1072,59,1072,LOWER,1072,1072,uniquely-best,false,false,static
corpus:tactical:lower,tactical,7,3,4k3/8/4p3/3P4/8/3Q4/8/4K3 b - - 0 2,e6d5,-1072,-1071,-100,-1187,UPPER,-1187,-1072,below,false,false,static
corpus:tactical:lower,tactical,8,4,4k3/8/8/3p4/8/3Q4/8/4K3 w - - 0 3,d3d5,1071,1072,296,1187,LOWER,1187,1187,uniquely-best,false,false,static
corpus:tactical:lower,tactical,9,1,4k3/8/2p1p3/3P4/4P3/3Q4/8/4K3 b - - 0 1,e6d5,-1072,-1071,-57,-1072,UPPER,-1072,-1072,equal-best,false,false,static
corpus:tactical:lower,tactical,10,2,4k3/8/2p5/3p4/4P3/3Q4/8/4K3 w - - 0 2,e4d5,1071,1072,281,1072,LOWER,1072,1072,uniquely-best,false,false,static
corpus:tactical:lower,tactical,11,3,4k3/8/2p5/3P4/8/3Q4/8/4K3 b - - 0 2,c6d5,-1072,-1071,-100,-1187,UPPER,-1187,-1072,below,false,false,static
corpus:tactical:lower,tactical,12,4,4k3/8/8/3p4/8/3Q4/8/4K3 w - - 0 3,d3d5,1071,1072,296,1187,LOWER,1187,1187,uniquely-best,false,false,static
corpus:tactical:upper,tactical,0,0,4k3/8/2p1p3/3q4/2P1P3/3Q4/8/4K3 w - - 0 1,d3d5,1072,1073,83,438,UPPER,413,1072,below,false,false,static
corpus:tactical:upper,tactical,1,1,4k3/8/2p1p3/3Q4/2P1P3/8/8/4K3 b - - 0 1,c6d5,-1073,-1072,-906,-438,LOWER,-413,-413,equal-best,false,false,static
corpus:tactical:upper,tactical,2,2,4k3/8/4p3/3p4/2P1P3/8/8/4K3 w - - 0 2,c4d5,1072,1073,1006,174,UPPER,174,413,below,false,false,static
corpus:tactical:upper,tactical,3,2,4k3/8/4p3/3p4/2P1P3/8/8/4K3 w - - 0 2,e4d5,1072,1073,1006,438,UPPER,413,413,uniquely-best,false,false,static
corpus:tactical:upper,tactical,4,0,4k3/8/2p1p3/3q4/2P1P3/3Q4/8/4K3 w - - 0 1,c4d5,1072,1073,83,1072,UPPER,1072,1072,equal-best,false,false,static
corpus:tactical:upper,tactical,5,1,4k3/8/2p1p3/3P4/4P3/3Q4/8/4K3 b - - 0 1,c6d5,-1073,-1072,-58,-1072,LOWER,-1072,-1072,equal-best,false,false,static
corpus:tactical:upper,tactical,6,2,4k3/8/4p3/3p4/4P3/3Q4/8/4K3 w - - 0 2,e4d5,1072,1073,60,1072,UPPER,1072,1072,uniquely-best,false,false,static
corpus:tactical:upper,tactical,7,2,4k3/8/4p3/3p4/4P3/3Q4/8/4K3 w - - 0 2,d3d5,1072,1073,60,413,UPPER,413,1072,below,false,false,static
corpus:tactical:upper,tactical,8,3,4k3/8/4p3/3Q4/4P3/8/8/4K3 b - - 0 2,e6d5,-1073,-1072,-894,-413,LOWER,-413,-413,uniquely-best,false,false,static
corpus:tactical:upper,tactical,9,4,4k3/8/8/3p4/4P3/8/8/4K3 w - - 0 3,e4d5,1072,1073,972,413,UPPER,413,413,uniquely-best,false,false,static
corpus:tactical:upper,tactical,10,0,4k3/8/2p1p3/3q4/2P1P3/3Q4/8/4K3 w - - 0 1,e4d5,1072,1073,83,1072,UPPER,1072,1072,equal-best,false,false,static
corpus:tactical:upper,tactical,11,1,4k3/8/2p1p3/3P4/2P5/3Q4/8/4K3 b - - 0 1,c6d5,-1073,-1072,-65,-1072,LOWER,-1072,-1072,equal-best,false,false,static
corpus:tactical:upper,tactical,12,2,4k3/8/4p3/3p4/2P5/3Q4/8/4K3 w - - 0 2,c4d5,1072,1073,290,1072,UPPER,1072,1072,uniquely-best,false,false,static
corpus:tactical:upper,tactical,13,2,4k3/8/4p3/3p4/2P5/3Q4/8/4K3 w - - 0 2,d3d5,1072,1073,290,413,UPPER,413,1072,below,false,false,static
corpus:tactical:upper,tactical,14,3,4k3/8/4p3/3Q4/2P5/8/8/4K3 b - - 0 2,e6d5,-1073,-1072,-974,-413,LOWER,-413,-413,uniquely-best,false,false,static
corpus:tactical:upper,tactical,15,4,4k3/8/8/3p4/2P5/8/8/4K3 w - - 0 3,c4d5,1072,1073,981,413,UPPER,413,413,uniquely-best,false,false,static
corpus:mate-five:full,mate-five,0,2,6k1/5pBp/4Q3/8/8/7R/8/4K2R w - - 1 2,h3h7,2401,32763,-100,1489,UPPER,1489,2401,below,false,false,static
corpus:mate-five:full,mate-five,1,3,6k1/5pBR/4Q3/8/8/8/8/4K2R b - - 0 2,f7e6,-2724,-2401,-975,-1489,LOWER,-1489,-1489,uniquely-best,false,false,static
corpus:mate-five:full,mate-five,2,4,8/5kBp/8/8/8/7R/8/4K2R w - - 0 3,h3h7,2401,32763,799,1765,UPPER,1765,1765,uniquely-best,false,false,static
corpus:mate-five:full,mate-five,3,0,7k/5prp/4QB2/8/8/7R/8/4K2R w - - 0 1,e6f7,2401,32769,674,1908,UPPER,1908,32763,below,false,false,static
corpus:mate-five:full,mate-five,4,2,6k1/5prR/4QB2/8/8/8/8/4K2R w - - 1 2,f6g7,32763,32769,30329,2724,UPPER,1489,32763,below,false,false,static
corpus:mate-five:full,mate-five,5,4,8/5krR/5B2/8/8/8/8/4K2R w - - 0 3,f6g7,32763,32769,31157,1765,UPPER,1765,1765,uniquely-best,false,false,static
corpus:mate-five:lower,mate-five,0,2,6k1/5pBp/4Q3/8/8/7R/8/4K2R w - - 1 2,h3h7,32762,32763,30261,2724,UPPER,1489,2401,below,false,false,static
corpus:mate-five:lower,mate-five,1,4,8/5kBp/8/8/8/7R/8/4K2R w - - 0 3,h3h7,32762,32763,31160,1765,UPPER,1765,1765,uniquely-best,false,false,static
corpus:mate-five:lower,mate-five,2,0,7k/5prp/4QB2/8/8/7R/8/4K2R w - - 0 1,e6f7,32762,32763,31035,1908,UPPER,1908,32763,below,false,false,static
corpus:mate-five:upper,mate-five,0,0,7k/5prp/4QB2/8/8/7R/8/4K2R w - - 0 1,e6f7,32763,32764,31036,1908,UPPER,1908,32763,below,false,false,static
corpus:mate-five:upper,mate-five,1,2,6k1/5prR/4QB2/8/8/8/8/4K2R w - - 1 2,f6g7,32763,32764,30329,2724,UPPER,1489,32763,below,false,false,static
corpus:mate-five:upper,mate-five,2,4,8/5krR/5B2/8/8/8/8/4K2R w - - 0 3,f6g7,32763,32764,31157,1765,UPPER,1765,1765,uniquely-best,false,false,static
corpus:draw-five:full,draw-five,0,1,7k/2b4n/1p6/q7/2K5/Q7/8/R7 b - - 1 1,a5a3,312,32769,-975,152,UPPER,152,312,below,false,false,static
corpus:draw-five:full,draw-five,1,2,7k/2b4n/1p6/8/2K5/q7/8/R7 w - - 0 2,a1a3,-1344,-312,-975,-152,LOWER,-152,-152,uniquely-best,false,false,static
corpus:draw-five:full,draw-five,2,1,7k/2b4n/1pK5/q7/8/Q7/8/R7 b - - 1 1,a5a3,277,312,-975,171,UPPER,171,277,below,false,false,static
corpus:draw-five:full,draw-five,3,2,7k/2b4n/1pK5/8/8/q7/8/R7 w - - 0 2,a1a3,-312,-277,-59,-171,LOWER,-171,-171,uniquely-best,false,false,static
corpus:draw-five:full,draw-five,4,1,7k/2b4n/1p6/QK6/8/8/8/R7 b - - 0 1,b6a5,-805,277,-975,0,EXACT,0,0,uniquely-best,false,true,insufficient
corpus:draw-five:full,draw-five,5,2,7k/2b4n/8/pK6/8/8/8/R7 w - - 0 2,a1a5,-232,805,-100,0,EXACT,0,0,uniquely-best,false,true,insufficient
corpus:draw-five:full,draw-five,6,3,7k/2b4n/8/RK6/8/8/8/8 b - - 0 2,c7a5,-34,232,-500,0,EXACT,0,0,uniquely-best,false,true,insufficient
corpus:draw-five:full,draw-five,7,4,7k/7n/8/bK6/8/8/8/8 w - - 0 3,b5a5,-232,34,43,0,EXACT,0,0,uniquely-best,false,true,insufficient
corpus:draw-five:lower,draw-five,0,1,7k/2b4n/1p6/QK6/8/8/8/R7 b - - 0 1,b6a5,0,1,-170,0,UPPER,0,0,uniquely-best,false,true,insufficient
corpus:draw-five:lower,draw-five,1,2,7k/2b4n/8/pK6/8/8/8/R7 w - - 0 2,a1a5,-1,0,131,0,LOWER,0,0,uniquely-best,false,true,insufficient
corpus:draw-five:lower,draw-five,2,3,7k/2b4n/8/RK6/8/8/8/8 b - - 0 2,c7a5,0,1,-466,0,UPPER,0,0,uniquely-best,false,true,insufficient
corpus:draw-five:lower,draw-five,3,4,7k/7n/8/bK6/8/8/8/8 w - - 0 3,b5a5,-1,0,274,0,LOWER,0,0,uniquely-best,false,true,insufficient
corpus:draw-five:upper,draw-five,0,1,7k/2b4n/1p6/QK6/8/8/8/R7 b - - 0 1,b6a5,-1,0,-171,0,LOWER,0,0,uniquely-best,false,true,insufficient
corpus:draw-five:upper,draw-five,1,2,7k/2b4n/8/pK6/8/8/8/R7 w - - 0 2,a1a5,0,1,132,0,UPPER,0,0,uniquely-best,false,true,insufficient
corpus:draw-five:upper,draw-five,2,3,7k/2b4n/8/RK6/8/8/8/8 b - - 0 2,c7a5,-1,0,-467,0,LOWER,0,0,uniquely-best,false,true,insufficient
corpus:draw-five:upper,draw-five,3,4,7k/7n/8/bK6/8/8/8/8 w - - 0 3,b5a5,0,1,275,0,UPPER,0,0,uniquely-best,false,true,insufficient
corpus:first-after-capture-mate:full,first-after-capture-mate,0,1,6rk/6pp/7N/8/8/8/8/4K3 w - - 0 2,h6g8,-952,32769,-500,-546,EXACT,-546,-546,uniquely-best,false,false,static
corpus:first-after-capture-mate:full,first-after-capture-mate,1,2,6Nk/6pp/8/8/8/8/8/4K3 b - - 0 2,h8g8,294,952,-320,546,EXACT,546,546,uniquely-best,false,false,static
corpus:first-after-capture-mate:lower,first-after-capture-mate,0,1,6rk/6pp/7N/8/8/8/8/4K3 w - - 0 2,h6g8,-546,-545,-94,-546,UPPER,-546,-546,uniquely-best,false,false,static
corpus:first-after-capture-mate:lower,first-after-capture-mate,1,2,6Nk/6pp/8/8/8/8/8/4K3 b - - 0 2,h8g8,545,546,-69,546,LOWER,546,546,uniquely-best,false,false,static
corpus:first-after-capture-mate:upper,first-after-capture-mate,0,1,6rk/6pp/7N/8/8/8/8/4K3 w - - 0 2,h6g8,-547,-546,-95,-546,LOWER,-546,-546,uniquely-best,false,false,static
corpus:first-after-capture-mate:upper,first-after-capture-mate,1,2,6Nk/6pp/8/8/8/8/8/4K3 b - - 0 2,h8g8,546,547,-68,546,UPPER,546,546,uniquely-best,false,false,static
corpus:capture-allows-queen-fork:full,capture-allows-queen-fork,0,0,4k3/8/8/8/5n2/1r6/P4Q2/4K3 w - - 0 1,a2b3,200,32769,-500,944,EXACT,944,944,uniquely-best,false,false,static
corpus:capture-allows-queen-fork:full,capture-allows-queen-fork,1,0,4k3/8/8/8/5n2/1r6/P4Q2/4K3 w - - 0 1,f2f4,944,32769,424,593,UPPER,593,944,below,false,false,static
corpus:capture-allows-queen-fork:lower,capture-allows-queen-fork,0,0,4k3/8/8/8/5n2/1r6/P4Q2/4K3 w - - 0 1,a2b3,943,944,243,944,LOWER,944,944,uniquely-best,false,false,static
corpus:capture-allows-queen-fork:upper,capture-allows-queen-fork,0,0,4k3/8/8/8/5n2/1r6/P4Q2/4K3 w - - 0 1,a2b3,944,945,244,944,UPPER,944,944,uniquely-best,false,false,static
corpus:capture-allows-queen-fork:upper,capture-allows-queen-fork,1,0,4k3/8/8/8/5n2/1r6/P4Q2/4K3 w - - 0 1,f2f4,944,945,424,593,UPPER,593,944,below,false,false,static
corpus:deeper-two-reply-fork:full,deeper-two-reply-fork,0,0,4k3/8/8/8/5n2/1rp5/P4Qp1/4K3 w - - 0 1,a2b3,-665,32769,-500,41,EXACT,41,41,uniquely-best,false,false,static
corpus:deeper-two-reply-fork:full,deeper-two-reply-fork,1,0,4k3/8/8/8/5n2/1rp5/P4Qp1/4K3 w - - 0 1,f2f4,41,32769,386,-261,UPPER,-944,41,below,false,false,static
corpus:deeper-two-reply-fork:full,deeper-two-reply-fork,2,0,4k3/8/8/8/5n2/1rp5/P4Qp1/4K3 w - - 0 1,f2g2,41,32769,606,-182,UPPER,-1195,41,below,false,false,static
corpus:deeper-two-reply-fork:lower,deeper-two-reply-fork,0,0,4k3/8/8/8/5n2/1rp5/P4Qp1/4K3 w - - 0 1,a2b3,40,41,205,41,LOWER,41,41,uniquely-best,false,false,static
corpus:deeper-two-reply-fork:upper,deeper-two-reply-fork,0,0,4k3/8/8/8/5n2/1rp5/P4Qp1/4K3 w - - 0 1,a2b3,41,42,206,41,UPPER,41,41,uniquely-best,false,false,static
corpus:deeper-two-reply-fork:upper,deeper-two-reply-fork,1,0,4k3/8/8/8/5n2/1rp5/P4Qp1/4K3 w - - 0 1,f2f4,41,42,386,-261,UPPER,-944,41,below,false,false,static
corpus:deeper-two-reply-fork:upper,deeper-two-reply-fork,2,0,4k3/8/8/8/5n2/1rp5/P4Qp1/4K3 w - - 0 1,f2g2,41,42,606,-182,UPPER,-1195,41,below,false,false,static
corpus:deeper-one-reply-fork:full,deeper-one-reply-fork,0,0,4k3/8/8/8/5n2/1rp2p2/P4Qp1/4K3 w - - 0 1,a2b3,-1138,32769,-500,-436,EXACT,-436,-436,uniquely-best,false,false,static
corpus:deeper-one-reply-fork:full,deeper-one-reply-fork,1,0,4k3/8/8/8/5n2/1rp2p2/P4Qp1/4K3 w - - 0 1,f2f3,-436,32769,602,-652,UPPER,-1623,-436,below,false,false,static
corpus:deeper-one-reply-fork:full,deeper-one-reply-fork,2,0,4k3/8/8/8/5n2/1rp2p2/P4Qp1/4K3 w - - 0 1,f2g2,-436,32769,602,-631,UPPER,-2056,-436,below,false,false,static
corpus:deeper-one-reply-fork:lower,deeper-one-reply-fork,0,0,4k3/8/8/8/5n2/1rp2p2/P4Qp1/4K3 w - - 0 1,a2b3,-437,-436,201,-436,LOWER,-436,-436,uniquely-best,false,false,static
corpus:deeper-one-reply-fork:upper,deeper-one-reply-fork,0,0,4k3/8/8/8/5n2/1rp2p2/P4Qp1/4K3 w - - 0 1,a2b3,-436,-435,202,-436,UPPER,-436,-436,uniquely-best,false,false,static
corpus:deeper-one-reply-fork:upper,deeper-one-reply-fork,1,0,4k3/8/8/8/5n2/1rp2p2/P4Qp1/4K3 w - - 0 1,f2f3,-436,-435,602,-652,UPPER,-1623,-436,below,false,false,static
corpus:deeper-one-reply-fork:upper,deeper-one-reply-fork,2,0,4k3/8/8/8/5n2/1rp2p2/P4Qp1/4K3 w - - 0 1,f2g2,-436,-435,602,-631,UPPER,-2056,-436,below,false,false,static
corpus:nonchecking-capture-dead-draw:full,nonchecking-capture-dead-draw,0,0,4k3/8/8/8/8/8/3r4/4K3 w - - 0 1,e1d2,-781,32769,-500,0,EXACT,0,0,uniquely-best,false,true,insufficient
corpus:nonchecking-capture-dead-draw:lower,nonchecking-capture-dead-draw,0,0,4k3/8/8/8/8/8/3r4/4K3 w - - 0 1,e1d2,-1,0,280,0,LOWER,0,0,uniquely-best,false,true,insufficient
corpus:nonchecking-capture-dead-draw:upper,nonchecking-capture-dead-draw,0,0,4k3/8/8/8/8/8/3r4/4K3 w - - 0 1,e1d2,0,1,281,0,UPPER,0,0,uniquely-best,false,true,insufficient
