fixture,fen,mode,completed,completion_reason,score,best,pv,qnodes,max_qply,first_quiet_qply,pv_quiet_checks,classification,pv_validation,oracle,oracle_nodes,nodes_with_checks,quiet_checks,cutoffs,max_chain,classified,zero,one,two,three_plus,required_calls,required_moves,initial_diagnostic_calls,initial_diagnostic_moves,max_used
winning,4k3/8/8/3q4/4P3/8/8/4K3 w - - 0 1,QSEARCH_BASELINE,true,completed,413,e4d5,e4d5,2,1,,,retained-corpus-coverage,legal;all-suffix-values-matched,not-attempted,0,0,0,0,0,0,0,0,0,0,0,0,0,0,0
winning,4k3/8/8/3q4/4P3/8/8/4K3 w - - 0 1,QCHECK_FORCED_ONE,true,completed,413,e4d5,e4d5,2,1,,,retained-corpus-coverage,legal;all-suffix-values-matched,not-attempted,0,0,0,0,0,0,0,0,0,0,0,0,0,0,0
winning,4k3/8/8/3q4/4P3/8/8/4K3 w - - 0 1,QCHECK_INITIAL_PLUS_ONE,true,completed,413,e4d5,e4d5,2,1,,,retained-corpus-coverage,legal;all-suffix-values-matched,not-attempted,0,0,0,0,0,0,0,0,0,0,0,0,0,0,0
winning,4k3/8/8/3q4/4P3/8/8/4K3 w - - 0 1,QCHECK_INITIAL_PLUS_TWO,true,completed,413,e4d5,e4d5,2,1,,,retained-corpus-coverage,legal;all-suffix-values-matched,not-attempted,0,0,0,0,0,0,0,0,0,0,0,0,0,0,0
winning,4k3/8/8/3q4/4P3/8/8/4K3 w - - 0 1,QCHECK_INITIAL_ONLY,true,completed,413,e4d5,e4d5,2,1,,,retained-corpus-coverage,legal;all-suffix-values-matched,not-attempted,0,0,0,0,0,0,0,0,0,0,0,0,0,0,0
winning,4k3/8/8/3q4/4P3/8/8/4K3 w - - 0 1,QSEARCH_QUIET_CHECKS,true,completed,413,e4d5,e4d5,2,1,,,retained-corpus-coverage,legal;all-suffix-values-matched,not-attempted,0,0,0,0,0,0,0,0,0,0,0,0,0,0,0
losing-defended,3rk3/8/8/3p4/8/8/8/3QK3 w - - 0 1,QSEARCH_BASELINE,true,completed,6,none,,3,2,,,positional-evaluation;checking-continuation,legal;all-suffix-values-matched,not-attempted,0,0,0,0,0,0,0,0,0,0,0,0,0,0,0
losing-defended,3rk3/8/8/3p4/8/8/8/3QK3 w - - 0 1,QCHECK_FORCED_ONE,true,completed,6,none,,3,2,,,positional-evaluation;checking-continuation,legal;all-suffix-values-matched,not-attempted,0,1,0,0,0,3,0,0,0,3,3,10,0,0,0
losing-defended,3rk3/8/8/3p4/8/8/8/3QK3 w - - 0 1,QCHECK_INITIAL_PLUS_ONE,true,completed,74,d1h5,d1h5 e8f8,34,8,0,0:1:d1h5:3,positional-evaluation;checking-continuation,legal;all-suffix-values-matched,not-attempted,0,14,7,0,2,58,0,4,9,45,55,213,3,10,3
losing-defended,3rk3/8/8/3p4/8/8/8/3QK3 w - - 0 1,QCHECK_INITIAL_PLUS_TWO,true,completed,90,d1h5,d1h5 e8e7,94,14,0,0:1:d1h5:3,positional-evaluation;checking-continuation,legal;all-suffix-values-matched,not-attempted,0,26,30,1,5,85,0,11,16,58,82,283,3,10,6
losing-defended,3rk3/8/8/3p4/8/8/8/3QK3 w - - 0 1,QCHECK_INITIAL_ONLY,true,completed,74,d1h5,d1h5 e8f8,26,6,0,0:1:d1h5:3,positional-evaluation;checking-continuation,legal;all-suffix-values-matched,not-attempted,0,1,3,0,1,0,0,0,0,0,0,0,0,0,0
losing-defended,3rk3/8/8/3p4/8/8/8/3QK3 w - - 0 1,QSEARCH_QUIET_CHECKS,false,node-budget,,none,,1000000,119,,,positional-evaluation;checking-continuation,not-applicable,not-attempted,0,129354,648317,0,50,0,0,0,0,0,0,0,0,0,0
equal-defended,rq2k3/8/8/8/8/8/8/R3K3 w - - 0 1,QSEARCH_BASELINE,true,completed,-989,none,,3,2,,,retained-corpus-coverage,legal;all-suffix-values-matched,not-attempted,0,0,0,0,0,0,0,0,0,0,0,0,0,0,0
equal-defended,rq2k3/8/8/8/8/8/8/R3K3 w - - 0 1,QCHECK_FORCED_ONE,true,completed,-989,none,,3,2,,,retained-corpus-coverage,legal;all-suffix-values-matched,not-attempted,0,0,0,0,0,0,0,0,0,0,0,0,0,0,0
equal-defended,rq2k3/8/8/8/8/8/8/R3K3 w - - 0 1,QCHECK_INITIAL_PLUS_ONE,true,completed,-989,none,,3,2,,,retained-corpus-coverage,legal;all-suffix-values-matched,not-attempted,0,0,0,0,0,0,0,0,0,0,0,0,0,0,0
equal-defended,rq2k3/8/8/8/8/8/8/R3K3 w - - 0 1,QCHECK_INITIAL_PLUS_TWO,true,completed,-989,none,,3,2,,,retained-corpus-coverage,legal;all-suffix-values-matched,not-attempted,0,0,0,0,0,0,0,0,0,0,0,0,0,0,0
equal-defended,rq2k3/8/8/8/8/8/8/R3K3 w - - 0 1,QCHECK_INITIAL_ONLY,true,completed,-989,none,,3,2,,,retained-corpus-coverage,legal;all-suffix-values-matched,not-attempted,0,0,0,0,0,0,0,0,0,0,0,0,0,0,0
equal-defended,rq2k3/8/8/8/8/8/8/R3K3 w - - 0 1,QSEARCH_QUIET_CHECKS,true,completed,-989,none,,3,2,,,retained-corpus-coverage,legal;all-suffix-values-matched,not-attempted,0,0,0,0,0,0,0,0,0,0,0,0,0,0,0
bishop-xray,4k3/6b1/8/8/3p4/8/3Q4/3RK3 w - - 0 1,QSEARCH_BASELINE,true,completed,877,none,,4,3,,,positional-evaluation;checking-continuation,legal;all-suffix-values-matched,not-attempted,0,0,0,0,0,0,0,0,0,0,0,0,0,0,0
bishop-xray,4k3/6b1/8/8/3p4/8/3Q4/3RK3 w - - 0 1,QCHECK_FORCED_ONE,true,completed,877,none,,4,3,,,positional-evaluation;checking-continuation,legal;all-suffix-values-matched,not-attempted,0,1,0,0,0,2,0,0,0,2,2,11,0,0,0
bishop-xray,4k3/6b1/8/8/3p4/8/3Q4/3RK3 w - - 0 1,QCHECK_INITIAL_PLUS_ONE,true,completed,927,d2e2,d2e2 e8f7,117,8,0,0:1:d2e2:5,positional-evaluation;checking-continuation,legal;all-suffix-values-matched,not-attempted,0,69,11,1,2,230,1,8,41,180,228,876,2,11,3
bishop-xray,4k3/6b1/8/8/3p4/8/3Q4/3RK3 w - - 0 1,QCHECK_INITIAL_PLUS_TWO,false,node-budget,,none,,1000000,112,,,positional-evaluation;checking-continuation,not-applicable,not-attempted,0,251219,534682,0,50,953171,0,168575,366106,418490,953170,2465121,1,5,55
bishop-xray,4k3/6b1/8/8/3p4/8/3Q4/3RK3 w - - 0 1,QCHECK_INITIAL_ONLY,true,completed,927,d2e2,d2e2 e8f7,97,6,0,0:1:d2e2:5,positional-evaluation;checking-continuation,legal;all-suffix-values-matched,not-attempted,0,1,2,0,1,0,0,0,0,0,0,0,0,0,0
bishop-xray,4k3/6b1/8/8/3p4/8/3Q4/3RK3 w - - 0 1,QSEARCH_QUIET_CHECKS,false,node-budget,,none,,1000000,243,,,positional-evaluation;checking-continuation,not-applicable,not-attempted,0,132333,682427,0,50,0,0,0,0,0,0,0,0,0,0
diagonal-xray,4k3/8/6b1/8/8/3r4/2Q5/1B2K3 w - - 0 1,QSEARCH_BASELINE,true,completed,284,none,,3,2,,,material-exchange-recovery,legal;all-suffix-values-matched,not-attempted,0,0,0,0,0,0,0,0,0,0,0,0,0,0,0
diagonal-xray,4k3/8/6b1/8/8/3r4/2Q5/1B2K3 w - - 0 1,QCHECK_FORCED_ONE,true,completed,284,none,,3,2,,,material-exchange-recovery,legal;all-suffix-values-matched,not-attempted,0,1,0,0,0,4,0,0,0,4,4,19,0,0,0
diagonal-xray,4k3/8/6b1/8/8/3r4/2Q5/1B2K3 w - - 0 1,QCHECK_INITIAL_PLUS_ONE,true,completed,1058,c2e2,c2e2 e8d8 b1d3,116,6,0,0:1:c2e2:6,material-exchange-recovery,legal;all-suffix-values-matched,not-attempted,0,76,4,0,1,94,0,0,2,92,90,430,4,19,1
diagonal-xray,4k3/8/6b1/8/8/3r4/2Q5/1B2K3 w - - 0 1,QCHECK_INITIAL_PLUS_TWO,true,completed,1058,c2e2,c2e2 e8d8 b1d3,122,6,0,0:1:c2e2:6,material-exchange-recovery,legal;all-suffix-values-matched,not-attempted,0,76,6,0,2,94,0,0,2,92,90,430,4,19,2
diagonal-xray,4k3/8/6b1/8/8/3r4/2Q5/1B2K3 w - - 0 1,QCHECK_INITIAL_ONLY,true,completed,1058,c2e2,c2e2 e8d8 b1d3,116,6,0,0:1:c2e2:6,material-exchange-recovery,legal;all-suffix-values-matched,not-attempted,0,1,4,0,1,0,0,0,0,0,0,0,0,0,0
diagonal-xray,4k3/8/6b1/8/8/3r4/2Q5/1B2K3 w - - 0 1,QSEARCH_QUIET_CHECKS,false,node-budget,,none,,1000000,118,,,material-exchange-recovery,not-applicable,not-attempted,0,120712,616869,0,50,0,0,0,0,0,0,0,0,0,0
successive-xrays,7k/3r4/3q4/3r4/3p4/3R4/3Q4/K2R4 w - - 0 1,QSEARCH_BASELINE,true,completed,-306,none,,11,6,,,exchange;deeper-checking-continuation,legal;all-suffix-values-matched,not-attempted,0,0,0,0,0,0,0,0,0,0,0,0,0,0,0
successive-xrays,7k/3r4/3q4/3r4/3p4/3R4/3Q4/K2R4 w - - 0 1,QCHECK_FORCED_ONE,true,completed,-306,none,,11,6,,,exchange;deeper-checking-continuation,legal;all-suffix-values-matched,not-attempted,0,8,0,0,0,7,0,0,0,7,7,35,0,0,0
successive-xrays,7k/3r4/3q4/3r4/3p4/3R4/3Q4/K2R4 w - - 0 1,QCHECK_INITIAL_PLUS_ONE,true,completed,-261,d3h3,d3h3 d7h7,182,9,0,0:1:d3h3:5,exchange;deeper-checking-continuation,legal;all-suffix-values-matched,not-attempted,0,137,4,0,1,162,0,0,8,154,158,894,4,20,1
successive-xrays,7k/3r4/3q4/3r4/3p4/3R4/3Q4/K2R4 w - - 0 1,QCHECK_INITIAL_PLUS_TWO,true,completed,-261,d3h3,d3h3 d7h7,204,9,0,0:1:d3h3:5,exchange;deeper-checking-continuation,legal-prefix;suffix-node-budget-at-2,not-attempted,0,152,10,2,2,174,0,0,6,168,170,978,4,20,2
successive-xrays,7k/3r4/3q4/3r4/3p4/3R4/3Q4/K2R4 w - - 0 1,QCHECK_INITIAL_ONLY,true,completed,-261,d3h3,d3h3 d7h7,182,9,0,0:1:d3h3:5,exchange;deeper-checking-continuation,legal;all-suffix-values-matched,not-attempted,0,1,4,0,1,0,0,0,0,0,0,0,0,0,0
successive-xrays,7k/3r4/3q4/3r4/3p4/3R4/3Q4/K2R4 w - - 0 1,QSEARCH_QUIET_CHECKS,false,node-budget,,none,,1000000,168,,,exchange;deeper-checking-continuation,not-applicable,not-attempted,0,305413,315130,266,50,0,0,0,0,0,0,0,0,0,0
pinned-defender,4k3/3n4/8/1B2p3/5P2/8/8/4K3 w - - 0 1,QSEARCH_BASELINE,true,completed,514,f4e5,f4e5,5,3,,,retained-corpus-coverage,legal;all-suffix-values-matched,not-attempted,0,0,0,0,0,0,0,0,0,0,0,0,0,0,0
pinned-defender,4k3/3n4/8/1B2p3/5P2/8/8/4K3 w - - 0 1,QCHECK_FORCED_ONE,true,completed,514,f4e5,f4e5,5,3,,,retained-corpus-coverage,legal;all-suffix-values-matched,not-attempted,0,0,0,0,0,0,0,0,0,0,0,0,0,0,0
pinned-defender,4k3/3n4/8/1B2p3/5P2/8/8/4K3 w - - 0 1,QCHECK_INITIAL_PLUS_ONE,true,completed,514,f4e5,f4e5,5,3,,,retained-corpus-coverage,legal;all-suffix-values-matched,not-attempted,0,0,0,0,0,0,0,0,0,0,0,0,0,0,0
pinned-defender,4k3/3n4/8/1B2p3/5P2/8/8/4K3 w - - 0 1,QCHECK_INITIAL_PLUS_TWO,true,completed,514,f4e5,f4e5,5,3,,,retained-corpus-coverage,legal;all-suffix-values-matched,not-attempted,0,0,0,0,0,0,0,0,0,0,0,0,0,0,0
pinned-defender,4k3/3n4/8/1B2p3/5P2/8/8/4K3 w - - 0 1,QCHECK_INITIAL_ONLY,true,completed,514,f4e5,f4e5,5,3,,,retained-corpus-coverage,legal;all-suffix-values-matched,not-attempted,0,0,0,0,0,0,0,0,0,0,0,0,0,0,0
pinned-defender,4k3/3n4/8/1B2p3/5P2/8/8/4K3 w - - 0 1,QSEARCH_QUIET_CHECKS,true,completed,514,f4e5,f4e5,5,3,,,retained-corpus-coverage,legal;all-suffix-values-matched,not-attempted,0,0,0,0,0,0,0,0,0,0,0,0,0,0,0
king-capture-evasion,4k3/8/8/8/8/8/4r3/4K3 w - - 0 1,QSEARCH_BASELINE,true,completed,0,e1e2,e1e2,4,1,,,retained-corpus-coverage,legal;all-suffix-values-matched,not-attempted,0,0,0,0,0,0,0,0,0,0,0,0,0,0,0
king-capture-evasion,4k3/8/8/8/8/8/4r3/4K3 w - - 0 1,QCHECK_FORCED_ONE,true,completed,0,e1e2,e1e2,4,1,,,retained-corpus-coverage,legal;all-suffix-values-matched,not-attempted,0,2,0,0,0,0,0,0,0,0,0,0,0,0,0
king-capture-evasion,4k3/8/8/8/8/8/4r3/4K3 w - - 0 1,QCHECK_INITIAL_PLUS_ONE,true,completed,0,e1e2,e1e2,4,1,,,retained-corpus-coverage,legal;all-suffix-values-matched,not-attempted,0,2,0,0,0,0,0,0,0,0,0,0,0,0,0
king-capture-evasion,4k3/8/8/8/8/8/4r3/4K3 w - - 0 1,QCHECK_INITIAL_PLUS_TWO,true,completed,0,e1e2,e1e2,4,1,,,retained-corpus-coverage,legal;all-suffix-values-matched,not-attempted,0,2,0,0,0,0,0,0,0,0,0,0,0,0,0
king-capture-evasion,4k3/8/8/8/8/8/4r3/4K3 w - - 0 1,QCHECK_INITIAL_ONLY,true,completed,0,e1e2,e1e2,4,1,,,retained-corpus-coverage,legal;all-suffix-values-matched,not-attempted,0,0,0,0,0,0,0,0,0,0,0,0,0,0,0
king-capture-evasion,4k3/8/8/8/8/8/4r3/4K3 w - - 0 1,QSEARCH_QUIET_CHECKS,true,completed,0,e1e2,e1e2,4,1,,,retained-corpus-coverage,legal;all-suffix-values-matched,not-attempted,0,2,0,0,0,0,0,0,0,0,0,0,0,0,0
unsafe-king-recapture,8/8/4k3/3r4/8/1B6/8/3RK3 w - - 0 1,QSEARCH_BASELINE,true,completed,1131,d1d5,d1d5,4,2,,,retained-corpus-coverage,legal;all-suffix-values-matched,not-attempted,0,0,0,0,0,0,0,0,0,0,0,0,0,0,0
unsafe-king-recapture,8/8/4k3/3r4/8/1B6/8/3RK3 w - - 0 1,QCHECK_FORCED_ONE,true,completed,1131,d1d5,d1d5,4,2,,,retained-corpus-coverage,legal;all-suffix-values-matched,not-attempted,0,0,0,0,0,0,0,0,0,0,0,0,0,0,0
unsafe-king-recapture,8/8/4k3/3r4/8/1B6/8/3RK3 w - - 0 1,QCHECK_INITIAL_PLUS_ONE,true,completed,1131,d1d5,d1d5,4,2,,,retained-corpus-coverage,legal;all-suffix-values-matched,not-attempted,0,0,0,0,0,0,0,0,0,0,0,0,0,0,0
unsafe-king-recapture,8/8/4k3/3r4/8/1B6/8/3RK3 w - - 0 1,QCHECK_INITIAL_PLUS_TWO,true,completed,1131,d1d5,d1d5,4,2,,,retained-corpus-coverage,legal;all-suffix-values-matched,not-attempted,0,0,0,0,0,0,0,0,0,0,0,0,0,0,0
unsafe-king-recapture,8/8/4k3/3r4/8/1B6/8/3RK3 w - - 0 1,QCHECK_INITIAL_ONLY,true,completed,1131,d1d5,d1d5,4,2,,,retained-corpus-coverage,legal;all-suffix-values-matched,not-attempted,0,0,0,0,0,0,0,0,0,0,0,0,0,0,0
unsafe-king-recapture,8/8/4k3/3r4/8/1B6/8/3RK3 w - - 0 1,QSEARCH_QUIET_CHECKS,true,completed,1131,d1d5,d1d5,4,2,,,retained-corpus-coverage,legal;all-suffix-values-matched,not-attempted,0,0,0,0,0,0,0,0,0,0,0,0,0,0,0
ep-winning,4k3/8/8/3pP3/8/8/8/4K3 w - d6 0 1,QSEARCH_BASELINE,true,completed,434,e5d6,e5d6,2,1,,,retained-corpus-coverage,legal;all-suffix-values-matched,not-attempted,0,0,0,0,0,0,0,0,0,0,0,0,0,0,0
ep-winning,4k3/8/8/3pP3/8/8/8/4K3 w - d6 0 1,QCHECK_FORCED_ONE,true,completed,434,e5d6,e5d6,2,1,,,retained-corpus-coverage,legal;all-suffix-values-matched,not-attempted,0,0,0,0,0,0,0,0,0,0,0,0,0,0,0
ep-winning,4k3/8/8/3pP3/8/8/8/4K3 w - d6 0 1,QCHECK_INITIAL_PLUS_ONE,true,completed,434,e5d6,e5d6,2,1,,,retained-corpus-coverage,legal;all-suffix-values-matched,not-attempted,0,0,0,0,0,0,0,0,0,0,0,0,0,0,0
ep-winning,4k3/8/8/3pP3/8/8/8/4K3 w - d6 0 1,QCHECK_INITIAL_PLUS_TWO,true,completed,434,e5d6,e5d6,2,1,,,retained-corpus-coverage,legal;all-suffix-values-matched,not-attempted,0,0,0,0,0,0,0,0,0,0,0,0,0,0,0
ep-winning,4k3/8/8/3pP3/8/8/8/4K3 w - d6 0 1,QCHECK_INITIAL_ONLY,true,completed,434,e5d6,e5d6,2,1,,,retained-corpus-coverage,legal;all-suffix-values-matched,not-attempted,0,0,0,0,0,0,0,0,0,0,0,0,0,0,0
ep-winning,4k3/8/8/3pP3/8/8/8/4K3 w - d6 0 1,QSEARCH_QUIET_CHECKS,true,completed,434,e5d6,e5d6,2,1,,,retained-corpus-coverage,legal;all-suffix-values-matched,not-attempted,0,0,0,0,0,0,0,0,0,0,0,0,0,0,0
ep-defended,4k3/8/8/3pP3/3r4/8/8/4K3 w - d6 0 1,QSEARCH_BASELINE,true,completed,-682,none,,3,2,,,retained-corpus-coverage,legal;all-suffix-values-matched,not-attempted,0,0,0,0,0,0,0,0,0,0,0,0,0,0,0
ep-defended,4k3/8/8/3pP3/3r4/8/8/4K3 w - d6 0 1,QCHECK_FORCED_ONE,true,completed,-682,none,,3,2,,,retained-corpus-coverage,legal;all-suffix-values-matched,not-attempted,0,1,0,0,0,0,0,0,0,0,0,0,0,0,0
ep-defended,4k3/8/8/3pP3/3r4/8/8/4K3 w - d6 0 1,QCHECK_INITIAL_PLUS_ONE,true,completed,-682,none,,3,2,,,retained-corpus-coverage,legal;all-suffix-values-matched,not-attempted,0,1,0,0,0,0,0,0,0,0,0,0,0,0,0
ep-defended,4k3/8/8/3pP3/3r4/8/8/4K3 w - d6 0 1,QCHECK_INITIAL_PLUS_TWO,true,completed,-682,none,,3,2,,,retained-corpus-coverage,legal;all-suffix-values-matched,not-attempted,0,1,0,0,0,0,0,0,0,0,0,0,0,0,0
ep-defended,4k3/8/8/3pP3/3r4/8/8/4K3 w - d6 0 1,QCHECK_INITIAL_ONLY,true,completed,-682,none,,3,2,,,retained-corpus-coverage,legal;all-suffix-values-matched,not-attempted,0,0,0,0,0,0,0,0,0,0,0,0,0,0,0
ep-defended,4k3/8/8/3pP3/3r4/8/8/4K3 w - d6 0 1,QSEARCH_QUIET_CHECKS,true,completed,-682,none,,3,2,,,retained-corpus-coverage,legal;all-suffix-values-matched,not-attempted,0,1,0,0,0,0,0,0,0,0,0,0,0,0,0
ep-black,4k3/8/8/3R4/3Pp3/8/8/4K3 b - d3 0 1,QSEARCH_BASELINE,true,completed,-682,none,,3,2,,,retained-corpus-coverage,legal;all-suffix-values-matched,not-attempted,0,0,0,0,0,0,0,0,0,0,0,0,0,0,0
ep-black,4k3/8/8/3R4/3Pp3/8/8/4K3 b - d3 0 1,QCHECK_FORCED_ONE,true,completed,-682,none,,3,2,,,retained-corpus-coverage,legal;all-suffix-values-matched,not-attempted,0,1,0,0,0,0,0,0,0,0,0,0,0,0,0
ep-black,4k3/8/8/3R4/3Pp3/8/8/4K3 b - d3 0 1,QCHECK_INITIAL_PLUS_ONE,true,completed,-682,none,,3,2,,,retained-corpus-coverage,legal;all-suffix-values-matched,not-attempted,0,1,0,0,0,0,0,0,0,0,0,0,0,0,0
ep-black,4k3/8/8/3R4/3Pp3/8/8/4K3 b - d3 0 1,QCHECK_INITIAL_PLUS_TWO,true,completed,-682,none,,3,2,,,retained-corpus-coverage,legal;all-suffix-values-matched,not-attempted,0,1,0,0,0,0,0,0,0,0,0,0,0,0,0
ep-black,4k3/8/8/3R4/3Pp3/8/8/4K3 b - d3 0 1,QCHECK_INITIAL_ONLY,true,completed,-682,none,,3,2,,,retained-corpus-coverage,legal;all-suffix-values-matched,not-attempted,0,0,0,0,0,0,0,0,0,0,0,0,0,0,0
ep-black,4k3/8/8/3R4/3Pp3/8/8/4K3 b - d3 0 1,QSEARCH_QUIET_CHECKS,true,completed,-682,none,,3,2,,,retained-corpus-coverage,legal;all-suffix-values-matched,not-attempted,0,1,0,0,0,0,0,0,0,0,0,0,0,0,0
quiet-promotion,7k/P7/8/8/8/8/8/7K w - - 0 1,QSEARCH_BASELINE,true,completed,1063,none,,8,2,,,promotion;deeper-check;positional-evaluation,legal;all-suffix-values-matched,matched,9,0,0,0,0,0,0,0,0,0,0,0,0,0,0
quiet-promotion,7k/P7/8/8/8/8/8/7K w - - 0 1,QCHECK_FORCED_ONE,true,completed,1063,none,,8,2,,,promotion;deeper-check;positional-evaluation,legal;all-suffix-values-matched,matched,9,3,0,0,0,14,0,0,2,12,14,60,0,0,0
quiet-promotion,7k/P7/8/8/8/8/8/7K w - - 0 1,QCHECK_INITIAL_PLUS_ONE,true,completed,1063,none,,8,2,,,promotion;deeper-check;positional-evaluation,legal;all-suffix-values-matched,matched,9,3,0,0,0,14,0,0,2,12,14,60,0,0,0
quiet-promotion,7k/P7/8/8/8/8/8/7K w - - 0 1,QCHECK_INITIAL_PLUS_TWO,true,completed,1063,none,,12,4,,,promotion;deeper-check;positional-evaluation,legal;all-suffix-values-matched,guard-rejected-not-exact,91,3,2,0,1,14,0,0,2,12,14,60,0,0,1
quiet-promotion,7k/P7/8/8/8/8/8/7K w - - 0 1,QCHECK_INITIAL_ONLY,true,completed,1063,none,,8,2,,,promotion;deeper-check;positional-evaluation,legal;all-suffix-values-matched,matched,9,0,0,0,0,0,0,0,0,0,0,0,0,0,0
quiet-promotion,7k/P7/8/8/8/8/8/7K w - - 0 1,QSEARCH_QUIET_CHECKS,false,node-budget,,none,,1000000,101,,,promotion;deeper-check;positional-evaluation,not-applicable,not-attempted,0,120895,801015,0,50,0,0,0,0,0,0,0,0,0,0
quiet-promotion-black,k7/8/8/8/8/8/p7/7K b - - 0 1,QSEARCH_BASELINE,true,completed,1081,none,,7,2,,,retained-corpus-coverage,legal;all-suffix-values-matched,not-attempted,0,0,0,0,0,0,0,0,0,0,0,0,0,0,0
quiet-promotion-black,k7/8/8/8/8/8/p7/7K b - - 0 1,QCHECK_FORCED_ONE,true,completed,1081,none,,7,2,,,retained-corpus-coverage,legal;all-suffix-values-matched,not-attempted,0,2,0,0,0,8,0,0,0,8,8,38,0,0,0
quiet-promotion-black,k7/8/8/8/8/8/p7/7K b - - 0 1,QCHECK_INITIAL_PLUS_ONE,true,completed,1081,none,,7,2,,,retained-corpus-coverage,legal;all-suffix-values-matched,not-attempted,0,2,0,0,0,8,0,0,0,8,8,38,0,0,0
quiet-promotion-black,k7/8/8/8/8/8/p7/7K b - - 0 1,QCHECK_INITIAL_PLUS_TWO,true,completed,1081,none,,7,2,,,retained-corpus-coverage,legal;all-suffix-values-matched,not-attempted,0,2,0,0,0,8,0,0,0,8,8,38,0,0,0
quiet-promotion-black,k7/8/8/8/8/8/p7/7K b - - 0 1,QCHECK_INITIAL_ONLY,true,completed,1081,none,,7,2,,,retained-corpus-coverage,legal;all-suffix-values-matched,not-attempted,0,0,0,0,0,0,0,0,0,0,0,0,0,0,0
quiet-promotion-black,k7/8/8/8/8/8/p7/7K b - - 0 1,QSEARCH_QUIET_CHECKS,false,node-budget,,none,,1000000,101,,,retained-corpus-coverage,not-applicable,not-attempted,0,119030,776067,0,50,0,0,0,0,0,0,0,0,0,0
defended-quiet-promotion,7k/P7/r7/8/8/8/8/7K w - - 0 1,QSEARCH_BASELINE,true,completed,33,none,,15,3,,,retained-corpus-coverage,legal;all-suffix-values-matched,not-attempted,0,0,0,0,0,0,0,0,0,0,0,0,0,0,0
defended-quiet-promotion,7k/P7/r7/8/8/8/8/7K w - - 0 1,QCHECK_FORCED_ONE,true,completed,33,none,,15,3,,,retained-corpus-coverage,legal;all-suffix-values-matched,not-attempted,0,6,0,0,0,15,0,0,2,13,15,67,0,0,0
defended-quiet-promotion,7k/P7/r7/8/8/8/8/7K w - - 0 1,QCHECK_INITIAL_PLUS_ONE,true,completed,33,none,,15,3,,,retained-corpus-coverage,legal;all-suffix-values-matched,not-attempted,0,6,0,0,0,15,0,0,2,13,15,67,0,0,0
defended-quiet-promotion,7k/P7/r7/8/8/8/8/7K w - - 0 1,QCHECK_INITIAL_PLUS_TWO,true,completed,33,none,,19,4,,,retained-corpus-coverage,legal;all-suffix-values-matched,not-attempted,0,6,2,0,1,15,0,0,2,13,15,67,0,0,1
defended-quiet-promotion,7k/P7/r7/8/8/8/8/7K w - - 0 1,QCHECK_INITIAL_ONLY,true,completed,33,none,,15,3,,,retained-corpus-coverage,legal;all-suffix-values-matched,not-attempted,0,0,0,0,0,0,0,0,0,0,0,0,0,0,0
defended-quiet-promotion,7k/P7/r7/8/8/8/8/7K w - - 0 1,QSEARCH_QUIET_CHECKS,false,node-budget,,none,,1000000,147,,,retained-corpus-coverage,not-applicable,not-attempted,0,125966,757613,0,50,0,0,0,0,0,0,0,0,0,0
promotion-stalemate-resource,3r4/1P6/8/8/8/1k6/p7/K7 w - - 0 1,QSEARCH_BASELINE,true,completed,0,b7b8q,b7b8q d8b8,29,3,,,retained-corpus-coverage,legal;all-suffix-values-matched,not-attempted,0,0,0,0,0,0,0,0,0,0,0,0,0,0,0
promotion-stalemate-resource,3r4/1P6/8/8/8/1k6/p7/K7 w - - 0 1,QCHECK_FORCED_ONE,true,completed,0,b7b8q,b7b8q d8b8,37,5,,,retained-corpus-coverage,legal;all-suffix-values-matched,not-attempted,0,15,2,1,1,17,0,2,4,11,17,58,0,0,1
promotion-stalemate-resource,3r4/1P6/8/8/8/1k6/p7/K7 w - - 0 1,QCHECK_INITIAL_PLUS_ONE,true,completed,0,b7b8q,b7b8q d8b8,37,5,,,retained-corpus-coverage,legal;all-suffix-values-matched,not-attempted,0,15,2,1,1,17,0,2,4,11,17,58,0,0,1
promotion-stalemate-resource,3r4/1P6/8/8/8/1k6/p7/K7 w - - 0 1,QCHECK_INITIAL_PLUS_TWO,true,completed,0,b7b8q,b7b8q d8b8,70,7,,,retained-corpus-coverage,legal;all-suffix-values-matched,not-attempted,0,30,12,2,2,30,0,2,10,18,30,97,0,0,2
promotion-stalemate-resource,3r4/1P6/8/8/8/1k6/p7/K7 w - - 0 1,QCHECK_INITIAL_ONLY,true,completed,0,b7b8q,b7b8q d8b8,29,3,,,retained-corpus-coverage,legal;all-suffix-values-matched,not-attempted,0,0,0,0,0,0,0,0,0,0,0,0,0,0,0
promotion-stalemate-resource,3r4/1P6/8/8/8/1k6/p7/K7 w - - 0 1,QSEARCH_QUIET_CHECKS,false,node-budget,,none,,1000000,191,,,retained-corpus-coverage,not-applicable,not-attempted,0,121429,771535,3,50,0,0,0,0,0,0,0,0,0,0
promotion-positional-resource,3r4/1P6/8/7q/8/1k6/p7/K7 w - - 0 1,QSEARCH_BASELINE,true,completed,-389,b7b8q,b7b8q b3a3 b8d8,25,4,,,promotion;deeper-check;positional-evaluation,legal;all-suffix-values-matched,not-attempted,0,0,0,0,0,0,0,0,0,0,0,0,0,0,0
promotion-positional-resource,3r4/1P6/8/7q/8/1k6/p7/K7 w - - 0 1,QCHECK_FORCED_ONE,true,completed,-386,b7b8q,b7b8q b3a4 b8d8,45,7,,,promotion;deeper-check;positional-evaluation,legal;all-suffix-values-matched,not-attempted,0,28,6,2,2,57,0,6,11,40,57,200,0,0,2
promotion-positional-resource,3r4/1P6/8/7q/8/1k6/p7/K7 w - - 0 1,QCHECK_INITIAL_PLUS_ONE,true,completed,-386,b7b8q,b7b8q b3a4 b8d8,45,7,,,promotion;deeper-check;positional-evaluation,legal;all-suffix-values-matched,not-attempted,0,28,6,2,2,57,0,6,11,40,57,200,0,0,2
promotion-positional-resource,3r4/1P6/8/7q/8/1k6/p7/K7 w - - 0 1,QCHECK_INITIAL_PLUS_TWO,true,completed,-552,b7b8q,b7b8q b3c2 b8b2 c2d1 a1a2,412,27,2,2:1:b8b2:2,promotion;deeper-check;positional-evaluation,legal;all-suffix-values-matched,not-attempted,0,88,185,13,11,390,9,44,132,205,390,1115,0,0,12
promotion-positional-resource,3r4/1P6/8/7q/8/1k6/p7/K7 w - - 0 1,QCHECK_INITIAL_ONLY,true,completed,-389,b7b8q,b7b8q b3a3 b8d8,25,4,,,promotion;deeper-check;positional-evaluation,legal;all-suffix-values-matched,not-attempted,0,0,0,0,0,0,0,0,0,0,0,0,0,0,0
promotion-positional-resource,3r4/1P6/8/7q/8/1k6/p7/K7 w - - 0 1,QSEARCH_QUIET_CHECKS,false,node-budget,,none,,1000000,90,,,promotion;deeper-check;positional-evaluation,not-applicable,not-attempted,0,383414,283764,39722,42,0,0,0,0,0,0,0,0,0,0
capture-promotion,1r5k/P7/8/8/8/8/8/7K w - - 0 1,QSEARCH_BASELINE,true,completed,1070,a7b8q,a7b8q h8h7,12,2,,,promotion;deeper-check;positional-evaluation,legal;all-suffix-values-matched,not-attempted,0,0,0,0,0,0,0,0,0,0,0,0,0,0,0
capture-promotion,1r5k/P7/8/8/8/8/8/7K w - - 0 1,QCHECK_FORCED_ONE,true,completed,1070,a7b8q,a7b8q h8h7,12,2,,,promotion;deeper-check;positional-evaluation,legal;all-suffix-values-matched,not-attempted,0,5,0,0,0,18,0,0,2,16,18,79,0,0,0
capture-promotion,1r5k/P7/8/8/8/8/8/7K w - - 0 1,QCHECK_INITIAL_PLUS_ONE,true,completed,1070,a7b8q,a7b8q h8h7,12,2,,,promotion;deeper-check;positional-evaluation,legal;all-suffix-values-matched,not-attempted,0,5,0,0,0,18,0,0,2,16,18,79,0,0,0
capture-promotion,1r5k/P7/8/8/8/8/8/7K w - - 0 1,QCHECK_INITIAL_PLUS_TWO,true,completed,1070,a7b8q,a7b8q h8h7,16,4,,,promotion;deeper-check;positional-evaluation,legal;all-suffix-values-matched,not-attempted,0,5,2,0,1,18,0,0,2,16,18,79,0,0,1
capture-promotion,1r5k/P7/8/8/8/8/8/7K w - - 0 1,QCHECK_INITIAL_ONLY,true,completed,1070,a7b8q,a7b8q h8h7,12,2,,,promotion;deeper-check;positional-evaluation,legal;all-suffix-values-matched,not-attempted,0,0,0,0,0,0,0,0,0,0,0,0,0,0,0
capture-promotion,1r5k/P7/8/8/8/8/8/7K w - - 0 1,QSEARCH_QUIET_CHECKS,false,node-budget,,none,,1000000,101,,,promotion;deeper-check;positional-evaluation,not-applicable,not-attempted,0,120895,801015,0,50,0,0,0,0,0,0,0,0,0,0
capture-promotion-black,4k3/8/8/8/8/8/6p1/4K2R b - - 0 1,QSEARCH_BASELINE,true,completed,1116,g2h1q,g2h1q e1d2,17,3,,,promotion;deeper-check;positional-evaluation,legal;all-suffix-values-matched,not-attempted,0,0,0,0,0,0,0,0,0,0,0,0,0,0,0
capture-promotion-black,4k3/8/8/8/8/8/6p1/4K2R b - - 0 1,QCHECK_FORCED_ONE,true,completed,1116,g2h1q,g2h1q e1d2,17,3,,,promotion;deeper-check;positional-evaluation,legal;all-suffix-values-matched,not-attempted,0,8,0,0,0,20,0,0,0,20,20,98,0,0,0
capture-promotion-black,4k3/8/8/8/8/8/6p1/4K2R b - - 0 1,QCHECK_INITIAL_PLUS_ONE,true,completed,1116,g2h1q,g2h1q e1d2,17,3,,,promotion;deeper-check;positional-evaluation,legal;all-suffix-values-matched,not-attempted,0,8,0,0,0,20,0,0,0,20,20,98,0,0,0
capture-promotion-black,4k3/8/8/8/8/8/6p1/4K2R b - - 0 1,QCHECK_INITIAL_PLUS_TWO,true,completed,1116,g2h1q,g2h1q e1d2,17,3,,,promotion;deeper-check;positional-evaluation,legal;all-suffix-values-matched,not-attempted,0,8,0,0,0,20,0,0,0,20,20,98,0,0,0
capture-promotion-black,4k3/8/8/8/8/8/6p1/4K2R b - - 0 1,QCHECK_INITIAL_ONLY,true,completed,1116,g2h1q,g2h1q e1d2,17,3,,,promotion;deeper-check;positional-evaluation,legal;all-suffix-values-matched,not-attempted,0,0,0,0,0,0,0,0,0,0,0,0,0,0,0
capture-promotion-black,4k3/8/8/8/8/8/6p1/4K2R b - - 0 1,QSEARCH_QUIET_CHECKS,false,node-budget,,none,,1000000,101,,,promotion;deeper-check;positional-evaluation,not-applicable,not-attempted,0,120042,765153,0,50,0,0,0,0,0,0,0,0,0,0
promotion-recapture,r6b/4k1P1/8/8/8/8/8/4K2R w - - 0 1,QSEARCH_BASELINE,true,completed,738,g7h8q,g7h8q a8h8 h1h8,16,3,,,retained-corpus-coverage,legal;all-suffix-values-matched,not-attempted,0,0,0,0,0,0,0,0,0,0,0,0,0,0,0
promotion-recapture,r6b/4k1P1/8/8/8/8/8/4K2R w - - 0 1,QCHECK_FORCED_ONE,true,completed,738,g7h8q,g7h8q a8h8 h1h8,16,3,,,retained-corpus-coverage,legal;all-suffix-values-matched,not-attempted,0,13,0,0,0,4,0,0,0,4,4,25,0,0,0
promotion-recapture,r6b/4k1P1/8/8/8/8/8/4K2R w - - 0 1,QCHECK_INITIAL_PLUS_ONE,true,completed,738,g7h8q,g7h8q a8h8 h1h8,16,3,,,retained-corpus-coverage,legal;all-suffix-values-matched,not-attempted,0,13,0,0,0,4,0,0,0,4,4,25,0,0,0
promotion-recapture,r6b/4k1P1/8/8/8/8/8/4K2R w - - 0 1,QCHECK_INITIAL_PLUS_TWO,true,completed,738,g7h8q,g7h8q a8h8 h1h8,16,3,,,retained-corpus-coverage,legal;all-suffix-values-matched,not-attempted,0,13,0,0,0,4,0,0,0,4,4,25,0,0,0
promotion-recapture,r6b/4k1P1/8/8/8/8/8/4K2R w - - 0 1,QCHECK_INITIAL_ONLY,true,completed,738,g7h8q,g7h8q a8h8 h1h8,16,3,,,retained-corpus-coverage,legal;all-suffix-values-matched,not-attempted,0,0,0,0,0,0,0,0,0,0,0,0,0,0,0
promotion-recapture,r6b/4k1P1/8/8/8/8/8/4K2R w - - 0 1,QSEARCH_QUIET_CHECKS,true,completed,738,g7h8q,g7h8q a8h8 h1h8,121,16,,,retained-corpus-coverage,legal;all-suffix-values-matched,not-attempted,0,47,42,0,7,0,0,0,0,0,0,0,0,0,0
rook-underpromotion,8/k1P5/2K5/8/8/8/8/8 w - - 0 1,QSEARCH_BASELINE,true,completed,1110,none,,5,1,,,retained-corpus-coverage,legal;all-suffix-values-matched,not-attempted,0,0,0,0,0,0,0,0,0,0,0,0,0,0,0
rook-underpromotion,8/k1P5/2K5/8/8/8/8/8 w - - 0 1,QCHECK_FORCED_ONE,true,completed,1110,none,,5,1,,,retained-corpus-coverage,legal;all-suffix-values-matched,not-attempted,0,0,0,0,0,0,0,0,0,0,0,0,0,0,0
rook-underpromotion,8/k1P5/2K5/8/8/8/8/8 w - - 0 1,QCHECK_INITIAL_PLUS_ONE,true,completed,1110,none,,5,1,,,retained-corpus-coverage,legal;all-suffix-values-matched,not-attempted,0,0,0,0,0,0,0,0,0,0,0,0,0,0,0
rook-underpromotion,8/k1P5/2K5/8/8/8/8/8 w - - 0 1,QCHECK_INITIAL_PLUS_TWO,true,completed,1110,none,,5,1,,,retained-corpus-coverage,legal;all-suffix-values-matched,not-attempted,0,0,0,0,0,0,0,0,0,0,0,0,0,0,0
rook-underpromotion,8/k1P5/2K5/8/8/8/8/8 w - - 0 1,QCHECK_INITIAL_ONLY,true,completed,1110,none,,5,1,,,retained-corpus-coverage,legal;all-suffix-values-matched,not-attempted,0,0,0,0,0,0,0,0,0,0,0,0,0,0,0
rook-underpromotion,8/k1P5/2K5/8/8/8/8/8 w - - 0 1,QSEARCH_QUIET_CHECKS,true,completed,1110,none,,5,1,,,retained-corpus-coverage,legal;all-suffix-values-matched,not-attempted,0,0,0,0,0,0,0,0,0,0,0,0,0,0,0
checking-sacrifice,5r1k/4Qpbp/4NN1N/8/8/8/8/4K3 w - - 0 1,QSEARCH_BASELINE,true,completed,32765,e7f8,e7f8 g7f8 h6f7,25,5,,,retained-corpus-coverage,legal;all-suffix-values-matched,not-attempted,0,0,0,0,0,0,0,0,0,0,0,0,0,0,0
checking-sacrifice,5r1k/4Qpbp/4NN1N/8/8/8/8/4K3 w - - 0 1,QCHECK_FORCED_ONE,true,completed,32765,e7f8,e7f8 g7f8 h6f7,25,5,,,retained-corpus-coverage,legal;all-suffix-values-matched,not-attempted,0,10,0,0,0,5,0,0,3,2,5,14,0,0,0
checking-sacrifice,5r1k/4Qpbp/4NN1N/8/8/8/8/4K3 w - - 0 1,QCHECK_INITIAL_PLUS_ONE,true,completed,32765,e7f8,e7f8 g7f8 h6f7,25,5,,,retained-corpus-coverage,legal;all-suffix-values-matched,not-attempted,0,10,0,0,0,5,0,0,3,2,5,14,0,0,0
checking-sacrifice,5r1k/4Qpbp/4NN1N/8/8/8/8/4K3 w - - 0 1,QCHECK_INITIAL_PLUS_TWO,true,completed,32765,e7f8,e7f8 g7f8 h6f7,48,7,,,retained-corpus-coverage,legal;all-suffix-values-matched,not-attempted,0,17,3,0,1,5,0,0,3,2,5,14,0,0,1
checking-sacrifice,5r1k/4Qpbp/4NN1N/8/8/8/8/4K3 w - - 0 1,QCHECK_INITIAL_ONLY,true,completed,32765,e7f8,e7f8 g7f8 h6f7,25,5,,,retained-corpus-coverage,legal;all-suffix-values-matched,not-attempted,0,0,0,0,0,0,0,0,0,0,0,0,0,0,0
checking-sacrifice,5r1k/4Qpbp/4NN1N/8/8/8/8/4K3 w - - 0 1,QSEARCH_QUIET_CHECKS,false,node-budget,,none,,1000000,243,,,retained-corpus-coverage,not-applicable,not-attempted,0,426598,550372,67943,50,0,0,0,0,0,0,0,0,0,0
capture-mate,7k/6p1/5KQ1/8/8/8/8/8 w - - 0 1,QSEARCH_BASELINE,true,completed,32767,g6g7,g6g7,8,1,,,retained-corpus-coverage,legal;all-suffix-values-matched,not-attempted,0,0,0,0,0,0,0,0,0,0,0,0,0,0,0
capture-mate,7k/6p1/5KQ1/8/8/8/8/8 w - - 0 1,QCHECK_FORCED_ONE,true,completed,32767,g6g7,g6g7,8,1,,,retained-corpus-coverage,legal;all-suffix-values-matched,not-attempted,0,0,0,0,0,0,0,0,0,0,0,0,0,0,0
capture-mate,7k/6p1/5KQ1/8/8/8/8/8 w - - 0 1,QCHECK_INITIAL_PLUS_ONE,true,completed,32767,g6g7,g6g7,8,1,,,retained-corpus-coverage,legal;all-suffix-values-matched,not-attempted,0,0,0,0,0,0,0,0,0,0,0,0,0,0,0
capture-mate,7k/6p1/5KQ1/8/8/8/8/8 w - - 0 1,QCHECK_INITIAL_PLUS_TWO,true,completed,32767,g6g7,g6g7,8,1,,,retained-corpus-coverage,legal;all-suffix-values-matched,not-attempted,0,0,0,0,0,0,0,0,0,0,0,0,0,0,0
capture-mate,7k/6p1/5KQ1/8/8/8/8/8 w - - 0 1,QCHECK_INITIAL_ONLY,true,completed,32767,g6g7,g6g7,8,1,,,retained-corpus-coverage,legal;all-suffix-values-matched,not-attempted,0,0,0,0,0,0,0,0,0,0,0,0,0,0,0
capture-mate,7k/6p1/5KQ1/8/8/8/8/8 w - - 0 1,QSEARCH_QUIET_CHECKS,true,completed,32767,g6g7,g6g7,8,1,,,retained-corpus-coverage,legal;all-suffix-values-matched,not-attempted,0,0,0,0,0,0,0,0,0,0,0,0,0,0,0
quiet-evasions,4r1k1/8/8/8/8/8/8/4K3 w - - 0 1,QSEARCH_BASELINE,true,completed,-722,e1d1,e1d1,5,1,,,retained-corpus-coverage,legal;all-suffix-values-matched,not-attempted,0,0,0,0,0,0,0,0,0,0,0,0,0,0,0
quiet-evasions,4r1k1/8/8/8/8/8/8/4K3 w - - 0 1,QCHECK_FORCED_ONE,true,completed,-722,e1d1,e1d1,5,1,,,retained-corpus-coverage,legal;all-suffix-values-matched,not-attempted,0,4,0,0,0,2,0,0,0,2,2,7,0,0,0
quiet-evasions,4r1k1/8/8/8/8/8/8/4K3 w - - 0 1,QCHECK_INITIAL_PLUS_ONE,true,completed,-722,e1d1,e1d1,5,1,,,retained-corpus-coverage,legal;all-suffix-values-matched,not-attempted,0,4,0,0,0,2,0,0,0,2,2,7,0,0,0
quiet-evasions,4r1k1/8/8/8/8/8/8/4K3 w - - 0 1,QCHECK_INITIAL_PLUS_TWO,true,completed,-722,e1d1,e1d1,5,1,,,retained-corpus-coverage,legal;all-suffix-values-matched,not-attempted,0,4,0,0,0,2,0,0,0,2,2,7,0,0,0
quiet-evasions,4r1k1/8/8/8/8/8/8/4K3 w - - 0 1,QCHECK_INITIAL_ONLY,true,completed,-722,e1d1,e1d1,5,1,,,retained-corpus-coverage,legal;all-suffix-values-matched,not-attempted,0,0,0,0,0,0,0,0,0,0,0,0,0,0,0
quiet-evasions,4r1k1/8/8/8/8/8/8/4K3 w - - 0 1,QSEARCH_QUIET_CHECKS,true,completed,-722,e1d1,e1d1,32,15,,,retained-corpus-coverage,legal;all-suffix-values-matched,not-attempted,0,10,14,0,7,0,0,0,0,0,0,0,0,0,0
negative-capture-evasion,4k3/6b1/8/8/3b4/8/3Q4/6K1 w - - 0 1,QSEARCH_BASELINE,true,completed,247,g1f1,g1f1,45,6,,,retained-corpus-coverage,legal;all-suffix-values-matched,not-attempted,0,0,0,0,0,0,0,0,0,0,0,0,0,0,0
negative-capture-evasion,4k3/6b1/8/8/3b4/8/3Q4/6K1 w - - 0 1,QCHECK_FORCED_ONE,true,completed,247,g1f1,g1f1,45,6,,,retained-corpus-coverage,legal;all-suffix-values-matched,not-attempted,0,23,0,0,0,28,0,0,0,28,28,131,0,0,0
negative-capture-evasion,4k3/6b1/8/8/3b4/8/3Q4/6K1 w - - 0 1,QCHECK_INITIAL_PLUS_ONE,true,completed,247,g1f1,g1f1,45,6,,,retained-corpus-coverage,legal;all-suffix-values-matched,not-attempted,0,23,0,0,0,28,0,0,0,28,28,131,0,0,0
negative-capture-evasion,4k3/6b1/8/8/3b4/8/3Q4/6K1 w - - 0 1,QCHECK_INITIAL_PLUS_TWO,true,completed,247,g1f1,g1f1,45,6,,,retained-corpus-coverage,legal;all-suffix-values-matched,not-attempted,0,23,0,0,0,28,0,0,0,28,28,131,0,0,0
negative-capture-evasion,4k3/6b1/8/8/3b4/8/3Q4/6K1 w - - 0 1,QCHECK_INITIAL_ONLY,true,completed,247,g1f1,g1f1,45,6,,,retained-corpus-coverage,legal;all-suffix-values-matched,not-attempted,0,0,0,0,0,0,0,0,0,0,0,0,0,0,0
negative-capture-evasion,4k3/6b1/8/8/3b4/8/3Q4/6K1 w - - 0 1,QSEARCH_QUIET_CHECKS,false,node-budget,,none,,1000000,201,,,retained-corpus-coverage,not-applicable,not-attempted,0,134094,749240,0,50,0,0,0,0,0,0,0,0,0,0
counterchecking-block,4r3/8/8/8/8/8/8/2B1K1k1 w - - 0 1,QSEARCH_BASELINE,true,completed,-349,e1d1,e1d1,10,3,,,retained-corpus-coverage,legal;all-suffix-values-matched,not-attempted,0,0,0,0,0,0,0,0,0,0,0,0,0,0,0
counterchecking-block,4r3/8/8/8/8/8/8/2B1K1k1 w - - 0 1,QCHECK_FORCED_ONE,true,completed,-349,e1d1,e1d1,10,3,,,retained-corpus-coverage,legal;all-suffix-values-matched,not-attempted,0,4,0,0,0,2,0,0,0,2,2,7,0,0,0
counterchecking-block,4r3/8/8/8/8/8/8/2B1K1k1 w - - 0 1,QCHECK_INITIAL_PLUS_ONE,true,completed,-349,e1d1,e1d1,10,3,,,retained-corpus-coverage,legal;all-suffix-values-matched,not-attempted,0,4,0,0,0,2,0,0,0,2,2,7,0,0,0
counterchecking-block,4r3/8/8/8/8/8/8/2B1K1k1 w - - 0 1,QCHECK_INITIAL_PLUS_TWO,true,completed,-349,e1d1,e1d1,10,3,,,retained-corpus-coverage,legal;all-suffix-values-matched,not-attempted,0,4,0,0,0,2,0,0,0,2,2,7,0,0,0
counterchecking-block,4r3/8/8/8/8/8/8/2B1K1k1 w - - 0 1,QCHECK_INITIAL_ONLY,true,completed,-349,e1d1,e1d1,10,3,,,retained-corpus-coverage,legal;all-suffix-values-matched,not-attempted,0,0,0,0,0,0,0,0,0,0,0,0,0,0,0
counterchecking-block,4r3/8/8/8/8/8/8/2B1K1k1 w - - 0 1,QSEARCH_QUIET_CHECKS,true,completed,-349,e1d1,e1d1,30,9,,,retained-corpus-coverage,legal;all-suffix-values-matched,not-attempted,0,9,8,0,4,0,0,0,0,0,0,0,0,0,0
three-capture-xray,7k/8/1p6/q7/8/Q7/8/R6K w - - 0 1,QSEARCH_BASELINE,true,completed,707,a3a5,a3a5 b6a5 a1a5,4,3,,,material-exchange-recovery,legal;all-suffix-values-matched,not-attempted,0,0,0,0,0,0,0,0,0,0,0,0,0,0,0
three-capture-xray,7k/8/1p6/q7/8/Q7/8/R6K w - - 0 1,QCHECK_FORCED_ONE,true,completed,747,a3f8,a3f8 h8h7 a1a5 b6a5,13,6,0,0:1:a3f8:1,material-exchange-recovery,legal;all-suffix-values-matched,not-attempted,0,4,3,0,2,19,0,3,8,8,19,54,0,0,2
three-capture-xray,7k/8/1p6/q7/8/Q7/8/R6K w - - 0 1,QCHECK_INITIAL_PLUS_ONE,true,completed,747,a3f8,a3f8 h8h7 a1a5 b6a5,56,6,0,0:1:a3f8:1,material-exchange-recovery,legal;all-suffix-values-matched,not-attempted,0,20,12,0,2,94,0,9,18,67,90,335,4,12,2
three-capture-xray,7k/8/1p6/q7/8/Q7/8/R6K w - - 0 1,QCHECK_INITIAL_PLUS_TWO,false,node-budget,,none,,1000000,218,,,material-exchange-recovery,not-applicable,not-attempted,0,107130,548867,164,50,806804,4839,131093,412932,257940,806800,1976733,4,12,107
three-capture-xray,7k/8/1p6/q7/8/Q7/8/R6K w - - 0 1,QCHECK_INITIAL_ONLY,true,completed,747,a3f8,a3f8 h8h7 a1a5 b6a5,36,5,0,0:1:a3f8:1,material-exchange-recovery,legal;all-suffix-values-matched,not-attempted,0,1,4,0,1,0,0,0,0,0,0,0,0,0,0
three-capture-xray,7k/8/1p6/q7/8/Q7/8/R6K w - - 0 1,QSEARCH_QUIET_CHECKS,false,node-budget,,none,,1000000,139,,,material-exchange-recovery,not-applicable,not-attempted,0,124915,774103,0,50,0,0,0,0,0,0,0,0,0,0
nonchecking-clearance,b1q4k/8/8/2p5/N7/8/8/R3K3 w - - 0 1,QSEARCH_BASELINE,true,completed,-410,a4c5,a4c5,8,4,,,positional-evaluation;checking-continuation,legal;all-suffix-values-matched,not-attempted,0,0,0,0,0,0,0,0,0,0,0,0,0,0,0
nonchecking-clearance,b1q4k/8/8/2p5/N7/8/8/R3K3 w - - 0 1,QCHECK_FORCED_ONE,true,completed,-410,a4c5,a4c5,8,4,,,positional-evaluation;checking-continuation,legal;all-suffix-values-matched,not-attempted,0,3,0,0,0,2,0,0,0,2,2,12,0,0,0
nonchecking-clearance,b1q4k/8/8/2p5/N7/8/8/R3K3 w - - 0 1,QCHECK_INITIAL_PLUS_ONE,true,completed,-410,a4c5,a4c5,8,4,,,positional-evaluation;checking-continuation,legal;all-suffix-values-matched,not-attempted,0,3,0,0,0,2,0,0,0,2,2,12,0,0,0
nonchecking-clearance,b1q4k/8/8/2p5/N7/8/8/R3K3 w - - 0 1,QCHECK_INITIAL_PLUS_TWO,true,completed,-410,a4c5,a4c5,8,4,,,positional-evaluation;checking-continuation,legal;all-suffix-values-matched,not-attempted,0,3,0,0,0,2,0,0,0,2,2,12,0,0,0
nonchecking-clearance,b1q4k/8/8/2p5/N7/8/8/R3K3 w - - 0 1,QCHECK_INITIAL_ONLY,true,completed,-410,a4c5,a4c5,8,4,,,positional-evaluation;checking-continuation,legal;all-suffix-values-matched,not-attempted,0,0,0,0,0,0,0,0,0,0,0,0,0,0,0
nonchecking-clearance,b1q4k/8/8/2p5/N7/8/8/R3K3 w - - 0 1,QSEARCH_QUIET_CHECKS,false,absolute-ply-256,,none,,1927,256,,,positional-evaluation;checking-continuation,not-applicable,not-attempted,0,429,808,14,50,0,0,0,0,0,0,0,0,0,0
tactical,4k3/8/2p1p3/3q4/2P1P3/3Q4/8/4K3 w - - 0 1,QSEARCH_BASELINE,true,completed,1072,c4d5,c4d5 c6d5 e4d5,31,5,,,retained-corpus-coverage,legal;all-suffix-values-matched,not-attempted,0,0,0,0,0,0,0,0,0,0,0,0,0,0,0
tactical,4k3/8/2p1p3/3q4/2P1P3/3Q4/8/4K3 w - - 0 1,QCHECK_FORCED_ONE,true,completed,1072,c4d5,c4d5 c6d5 e4d5,31,5,,,retained-corpus-coverage,legal;all-suffix-values-matched,not-attempted,0,4,0,0,0,2,0,0,0,2,2,8,0,0,0
tactical,4k3/8/2p1p3/3q4/2P1P3/3Q4/8/4K3 w - - 0 1,QCHECK_INITIAL_PLUS_ONE,true,completed,1072,c4d5,c4d5 c6d5 e4d5,31,5,,,retained-corpus-coverage,legal;all-suffix-values-matched,not-attempted,0,4,0,0,0,2,0,0,0,2,2,8,0,0,0
tactical,4k3/8/2p1p3/3q4/2P1P3/3Q4/8/4K3 w - - 0 1,QCHECK_INITIAL_PLUS_TWO,true,completed,1072,c4d5,c4d5 c6d5 e4d5,31,5,,,retained-corpus-coverage,legal;all-suffix-values-matched,not-attempted,0,4,0,0,0,2,0,0,0,2,2,8,0,0,0
tactical,4k3/8/2p1p3/3q4/2P1P3/3Q4/8/4K3 w - - 0 1,QCHECK_INITIAL_ONLY,true,completed,1072,c4d5,c4d5 c6d5 e4d5,31,5,,,retained-corpus-coverage,legal;all-suffix-values-matched,not-attempted,0,0,0,0,0,0,0,0,0,0,0,0,0,0,0
tactical,4k3/8/2p1p3/3q4/2P1P3/3Q4/8/4K3 w - - 0 1,QSEARCH_QUIET_CHECKS,false,node-budget,,none,,1000000,112,,,retained-corpus-coverage,not-applicable,not-attempted,0,310581,328465,22305,50,0,0,0,0,0,0,0,0,0,0
quiet-mate-excluded,7k/8/5KQ1/8/8/8/8/8 w - - 0 1,QSEARCH_BASELINE,true,completed,1146,none,,1,0,,,mate,legal;all-suffix-values-matched,not-attempted,0,0,0,0,0,0,0,0,0,0,0,0,0,0,0
quiet-mate-excluded,7k/8/5KQ1/8/8/8/8/8 w - - 0 1,QCHECK_FORCED_ONE,true,completed,32767,g6g7,g6g7,738,18,0,0:1:g6g7:0,mate,legal;all-suffix-values-matched,not-attempted,0,114,410,0,9,776,68,342,194,172,776,1246,0,0,9
quiet-mate-excluded,7k/8/5KQ1/8/8/8/8/8 w - - 0 1,QCHECK_INITIAL_PLUS_ONE,true,completed,32767,g6g7,g6g7,738,18,0,0:1:g6g7:0,mate,legal;all-suffix-values-matched,not-attempted,0,114,410,0,9,776,68,342,194,172,770,1241,6,5,9
quiet-mate-excluded,7k/8/5KQ1/8/8/8/8/8 w - - 0 1,QCHECK_INITIAL_PLUS_TWO,true,completed,32767,g6g7,g6g7,6291,26,0,0:1:g6g7:0,mate,legal;all-suffix-values-matched,not-attempted,0,1141,3273,1,13,8216,242,1210,1821,4943,8210,25201,6,5,13
quiet-mate-excluded,7k/8/5KQ1/8/8/8/8/8 w - - 0 1,QCHECK_INITIAL_ONLY,true,completed,32767,g6g7,g6g7,12,2,0,0:1:g6g7:0,mate,legal;all-suffix-values-matched,not-attempted,0,1,6,0,1,0,0,0,0,0,0,0,0,0,0
quiet-mate-excluded,7k/8/5KQ1/8/8/8/8/8 w - - 0 1,QSEARCH_QUIET_CHECKS,false,node-budget,,none,,1000000,100,,,mate,not-applicable,not-attempted,0,76147,525195,0,50,0,0,0,0,0,0,0,0,0,0
fifty-evasion,4r1k1/8/8/8/8/8/8/4K3 w - - 99 1,QSEARCH_BASELINE,true,completed,0,e1d1,e1d1,5,1,,,retained-corpus-coverage,legal;all-suffix-values-matched,not-attempted,0,0,0,0,0,0,0,0,0,0,0,0,0,0,0
fifty-evasion,4r1k1/8/8/8/8/8/8/4K3 w - - 99 1,QCHECK_FORCED_ONE,true,completed,0,e1d1,e1d1,5,1,,,retained-corpus-coverage,legal;all-suffix-values-matched,not-attempted,0,0,0,0,0,0,0,0,0,0,0,0,0,0,0
fifty-evasion,4r1k1/8/8/8/8/8/8/4K3 w - - 99 1,QCHECK_INITIAL_PLUS_ONE,true,completed,0,e1d1,e1d1,5,1,,,retained-corpus-coverage,legal;all-suffix-values-matched,not-attempted,0,0,0,0,0,0,0,0,0,0,0,0,0,0,0
fifty-evasion,4r1k1/8/8/8/8/8/8/4K3 w - - 99 1,QCHECK_INITIAL_PLUS_TWO,true,completed,0,e1d1,e1d1,5,1,,,retained-corpus-coverage,legal;all-suffix-values-matched,not-attempted,0,0,0,0,0,0,0,0,0,0,0,0,0,0,0
fifty-evasion,4r1k1/8/8/8/8/8/8/4K3 w - - 99 1,QCHECK_INITIAL_ONLY,true,completed,0,e1d1,e1d1,5,1,,,retained-corpus-coverage,legal;all-suffix-values-matched,not-attempted,0,0,0,0,0,0,0,0,0,0,0,0,0,0,0
fifty-evasion,4r1k1/8/8/8/8/8/8/4K3 w - - 99 1,QSEARCH_QUIET_CHECKS,true,completed,0,e1d1,e1d1,5,1,,,retained-corpus-coverage,legal;all-suffix-values-matched,not-attempted,0,0,0,0,0,0,0,0,0,0,0,0,0,0,0
mate-before-fifty,7k/6Q1/5K2/8/8/8/8/8 b - - 100 1,QSEARCH_BASELINE,true,completed,-32768,none,,1,0,,,retained-corpus-coverage,legal;all-suffix-values-matched,not-attempted,0,0,0,0,0,0,0,0,0,0,0,0,0,0,0
mate-before-fifty,7k/6Q1/5K2/8/8/8/8/8 b - - 100 1,QCHECK_FORCED_ONE,true,completed,-32768,none,,1,0,,,retained-corpus-coverage,legal;all-suffix-values-matched,not-attempted,0,0,0,0,0,0,0,0,0,0,0,0,0,0,0
mate-before-fifty,7k/6Q1/5K2/8/8/8/8/8 b - - 100 1,QCHECK_INITIAL_PLUS_ONE,true,completed,-32768,none,,1,0,,,retained-corpus-coverage,legal;all-suffix-values-matched,not-attempted,0,0,0,0,0,0,0,0,0,0,0,0,0,0,0
mate-before-fifty,7k/6Q1/5K2/8/8/8/8/8 b - - 100 1,QCHECK_INITIAL_PLUS_TWO,true,completed,-32768,none,,1,0,,,retained-corpus-coverage,legal;all-suffix-values-matched,not-attempted,0,0,0,0,0,0,0,0,0,0,0,0,0,0,0
mate-before-fifty,7k/6Q1/5K2/8/8/8/8/8 b - - 100 1,QCHECK_INITIAL_ONLY,true,completed,-32768,none,,1,0,,,retained-corpus-coverage,legal;all-suffix-values-matched,not-attempted,0,0,0,0,0,0,0,0,0,0,0,0,0,0,0
mate-before-fifty,7k/6Q1/5K2/8/8/8/8/8 b - - 100 1,QSEARCH_QUIET_CHECKS,true,completed,-32768,none,,1,0,,,retained-corpus-coverage,legal;all-suffix-values-matched,not-attempted,0,0,0,0,0,0,0,0,0,0,0,0,0,0,0
stalemate,7k/5K2/6Q1/8/8/8/8/8 b - - 0 1,QSEARCH_BASELINE,true,completed,0,none,,1,0,,,retained-corpus-coverage,legal;all-suffix-values-matched,not-attempted,0,0,0,0,0,0,0,0,0,0,0,0,0,0,0
stalemate,7k/5K2/6Q1/8/8/8/8/8 b - - 0 1,QCHECK_FORCED_ONE,true,completed,0,none,,1,0,,,retained-corpus-coverage,legal;all-suffix-values-matched,not-attempted,0,0,0,0,0,0,0,0,0,0,0,0,0,0,0
stalemate,7k/5K2/6Q1/8/8/8/8/8 b - - 0 1,QCHECK_INITIAL_PLUS_ONE,true,completed,0,none,,1,0,,,retained-corpus-coverage,legal;all-suffix-values-matched,not-attempted,0,0,0,0,0,0,0,0,0,0,0,0,0,0,0
stalemate,7k/5K2/6Q1/8/8/8/8/8 b - - 0 1,QCHECK_INITIAL_PLUS_TWO,true,completed,0,none,,1,0,,,retained-corpus-coverage,legal;all-suffix-values-matched,not-attempted,0,0,0,0,0,0,0,0,0,0,0,0,0,0,0
stalemate,7k/5K2/6Q1/8/8/8/8/8 b - - 0 1,QCHECK_INITIAL_ONLY,true,completed,0,none,,1,0,,,retained-corpus-coverage,legal;all-suffix-values-matched,not-attempted,0,0,0,0,0,0,0,0,0,0,0,0,0,0,0
stalemate,7k/5K2/6Q1/8/8/8/8/8 b - - 0 1,QSEARCH_QUIET_CHECKS,true,completed,0,none,,1,0,,,retained-corpus-coverage,legal;all-suffix-values-matched,not-attempted,0,0,0,0,0,0,0,0,0,0,0,0,0,0,0
insufficient,4k3/8/8/8/8/8/8/4K3 w - - 0 1,QSEARCH_BASELINE,true,completed,0,none,,1,0,,,retained-corpus-coverage,legal;all-suffix-values-matched,not-attempted,0,0,0,0,0,0,0,0,0,0,0,0,0,0,0
insufficient,4k3/8/8/8/8/8/8/4K3 w - - 0 1,QCHECK_FORCED_ONE,true,completed,0,none,,1,0,,,retained-corpus-coverage,legal;all-suffix-values-matched,not-attempted,0,0,0,0,0,0,0,0,0,0,0,0,0,0,0
insufficient,4k3/8/8/8/8/8/8/4K3 w - - 0 1,QCHECK_INITIAL_PLUS_ONE,true,completed,0,none,,1,0,,,retained-corpus-coverage,legal;all-suffix-values-matched,not-attempted,0,0,0,0,0,0,0,0,0,0,0,0,0,0,0
insufficient,4k3/8/8/8/8/8/8/4K3 w - - 0 1,QCHECK_INITIAL_PLUS_TWO,true,completed,0,none,,1,0,,,retained-corpus-coverage,legal;all-suffix-values-matched,not-attempted,0,0,0,0,0,0,0,0,0,0,0,0,0,0,0
insufficient,4k3/8/8/8/8/8/8/4K3 w - - 0 1,QCHECK_INITIAL_ONLY,true,completed,0,none,,1,0,,,retained-corpus-coverage,legal;all-suffix-values-matched,not-attempted,0,0,0,0,0,0,0,0,0,0,0,0,0,0,0
insufficient,4k3/8/8/8/8/8/8/4K3 w - - 0 1,QSEARCH_QUIET_CHECKS,true,completed,0,none,,1,0,,,retained-corpus-coverage,legal;all-suffix-values-matched,not-attempted,0,0,0,0,0,0,0,0,0,0,0,0,0,0,0
mate-five,7k/5prp/4QB2/8/8/7R/8/4K2R w - - 0 1,QSEARCH_BASELINE,true,completed,32763,h3h7,h3h7 h8g8 h7g7 g8f8 e6f7,34,6,,,mate,legal;all-suffix-values-matched,not-attempted,0,0,0,0,0,0,0,0,0,0,0,0,0,0,0
mate-five,7k/5prp/4QB2/8/8/7R/8/4K2R w - - 0 1,QCHECK_FORCED_ONE,false,node-budget,,none,,1000000,116,,,mate,not-applicable,not-attempted,0,270744,601561,0,50,1517344,183887,417674,429179,486604,1517344,3178974,0,0,55
mate-five,7k/5prp/4QB2/8/8/7R/8/4K2R w - - 0 1,QCHECK_INITIAL_PLUS_ONE,false,node-budget,,none,,1000000,116,,,mate,not-applicable,not-attempted,0,270744,601561,0,50,1517344,183887,417674,429179,486604,1517344,3178974,0,0,55
mate-five,7k/5prp/4QB2/8/8/7R/8/4K2R w - - 0 1,QCHECK_INITIAL_PLUS_TWO,false,node-budget,,none,,1000000,98,,,mate,not-applicable,not-attempted,0,128517,606349,0,30,744091,24,273342,332983,137742,744091,1352770,0,0,46
mate-five,7k/5prp/4QB2/8/8/7R/8/4K2R w - - 0 1,QCHECK_INITIAL_ONLY,true,completed,32767,e6c8,e6c8,36,6,0,0:1:e6c8:0,mate,legal;all-suffix-values-matched,not-attempted,0,1,2,0,1,0,0,0,0,0,0,0,0,0,0
mate-five,7k/5prp/4QB2/8/8/7R/8/4K2R w - - 0 1,QSEARCH_QUIET_CHECKS,false,node-budget,,none,,1000000,208,,,mate,not-applicable,not-attempted,0,94990,567223,0,50,0,0,0,0,0,0,0,0,0,0
draw-five,7k/2b4n/1p6/qK6/8/Q7/8/R7 w - - 0 1,QSEARCH_BASELINE,true,completed,0,a3a5,a3a5 b6a5 a1a5 c7a5 b5a5,12,5,,,retained-corpus-coverage,legal;all-suffix-values-matched,not-attempted,0,0,0,0,0,0,0,0,0,0,0,0,0,0,0
draw-five,7k/2b4n/1p6/qK6/8/Q7/8/R7 w - - 0 1,QCHECK_FORCED_ONE,true,completed,0,a3a5,a3a5 b6a5 a1a5 c7a5 b5a5,12,5,,,retained-corpus-coverage,legal;all-suffix-values-matched,not-attempted,0,3,0,0,0,15,0,0,1,14,15,63,0,0,0
draw-five,7k/2b4n/1p6/qK6/8/Q7/8/R7 w - - 0 1,QCHECK_INITIAL_PLUS_ONE,true,completed,0,a3a5,a3a5 b6a5 a1a5 c7a5 b5a5,12,5,,,retained-corpus-coverage,legal;all-suffix-values-matched,not-attempted,0,3,0,0,0,15,0,0,1,14,15,63,0,0,0
draw-five,7k/2b4n/1p6/qK6/8/Q7/8/R7 w - - 0 1,QCHECK_INITIAL_PLUS_TWO,true,completed,0,a3a5,a3a5 b6a5 a1a5 c7a5 b5a5,14,5,,,retained-corpus-coverage,legal;all-suffix-values-matched,not-attempted,0,4,1,0,1,16,0,0,1,15,16,67,0,0,1
draw-five,7k/2b4n/1p6/qK6/8/Q7/8/R7 w - - 0 1,QCHECK_INITIAL_ONLY,true,completed,0,a3a5,a3a5 b6a5 a1a5 c7a5 b5a5,12,5,,,retained-corpus-coverage,legal;all-suffix-values-matched,not-attempted,0,0,0,0,0,0,0,0,0,0,0,0,0,0,0
draw-five,7k/2b4n/1p6/qK6/8/Q7/8/R7 w - - 0 1,QSEARCH_QUIET_CHECKS,false,node-budget,,none,,1000000,207,,,retained-corpus-coverage,not-applicable,not-attempted,0,103522,601090,2,50,0,0,0,0,0,0,0,0,0,0
tail-kiwipete-e1d1,r3k2r/p1ppqpb1/bn2pnp1/3PN3/1p2P3/2N2Q1p/PPPBBPPP/R2K3R b kq - 1 1,QSEARCH_BASELINE,true,completed,300,h3g2,h3g2 f3g2 b4c3 d2c3 a6e2 d1e2 e6d5 e5g6 f7g6 g2g6 e8d8,35898,31,,,retained-corpus-coverage,legal;all-suffix-values-matched,not-attempted,0,0,0,0,0,0,0,0,0,0,0,0,0,0,0
tail-kiwipete-e1d1,r3k2r/p1ppqpb1/bn2pnp1/3PN3/1p2P3/2N2Q1p/PPPBBPPP/R2K3R b kq - 1 1,QCHECK_FORCED_ONE,true,completed,300,h3g2,h3g2 f3g2 b4c3 d2c3 a6e2 d1e2 e6d5 e5g6 f7g6 g2g6 e8d8,53061,35,,,retained-corpus-coverage,legal;all-suffix-values-matched,not-attempted,0,32607,670,117,2,18180,45,625,1482,16028,18180,88744,0,0,5
tail-kiwipete-e1d1,r3k2r/p1ppqpb1/bn2pnp1/3PN3/1p2P3/2N2Q1p/PPPBBPPP/R2K3R b kq - 1 1,QCHECK_INITIAL_PLUS_ONE,true,completed,300,h3g2,h3g2 f3g2 b4c3 d2c3 a6e2 d1e2 e6d5 e5g6 f7g6 g2g6 e8d8,53061,35,,,retained-corpus-coverage,legal;all-suffix-values-matched,not-attempted,0,32607,670,117,2,18180,45,625,1482,16028,18180,88744,0,0,5
tail-kiwipete-e1d1,r3k2r/p1ppqpb1/bn2pnp1/3PN3/1p2P3/2N2Q1p/PPPBBPPP/R2K3R b kq - 1 1,QCHECK_INITIAL_PLUS_TWO,false,node-budget,,none,,1000000,147,,,retained-corpus-coverage,not-applicable,not-attempted,0,489678,364105,26722,19,1723576,8957,100295,254853,1359471,1723576,7145636,0,0,60
tail-kiwipete-e1d1,r3k2r/p1ppqpb1/bn2pnp1/3PN3/1p2P3/2N2Q1p/PPPBBPPP/R2K3R b kq - 1 1,QCHECK_INITIAL_ONLY,true,completed,300,h3g2,h3g2 f3g2 b4c3 d2c3 a6e2 d1e2 e6d5 e5g6 f7g6 g2g6 e8d8,35898,31,,,retained-corpus-coverage,legal;all-suffix-values-matched,not-attempted,0,0,0,0,0,0,0,0,0,0,0,0,0,0,0
tail-kiwipete-e1d1,r3k2r/p1ppqpb1/bn2pnp1/3PN3/1p2P3/2N2Q1p/PPPBBPPP/R2K3R b kq - 1 1,QSEARCH_QUIET_CHECKS,false,absolute-ply-256,,none,,260415,256,,,retained-corpus-coverage,not-applicable,not-attempted,0,75571,99453,12093,50,0,0,0,0,0,0,0,0,0,0
tail-kiwipete-f3h3,r3k2r/p1ppqpb1/bn2pnp1/3PN3/1p2P3/2N4Q/PPPBBPPP/R3K2R b KQkq - 0 1,QSEARCH_BASELINE,true,completed,590,h8h3,h8h3 g2h3 b4c3,743,16,,,retained-corpus-coverage,legal;all-suffix-values-matched,not-attempted,0,0,0,0,0,0,0,0,0,0,0,0,0,0,0
tail-kiwipete-f3h3,r3k2r/p1ppqpb1/bn2pnp1/3PN3/1p2P3/2N4Q/PPPBBPPP/R3K2R b KQkq - 0 1,QCHECK_FORCED_ONE,true,completed,590,h8h3,h8h3 g2h3 b4c3,987,20,,,retained-corpus-coverage,legal;all-suffix-values-matched,not-attempted,0,366,2,2,1,96,0,2,7,87,96,464,0,0,1
tail-kiwipete-f3h3,r3k2r/p1ppqpb1/bn2pnp1/3PN3/1p2P3/2N4Q/PPPBBPPP/R3K2R b KQkq - 0 1,QCHECK_INITIAL_PLUS_ONE,true,completed,590,h8h3,h8h3 g2h3 b4c3,987,20,,,retained-corpus-coverage,legal;all-suffix-values-matched,not-attempted,0,366,2,2,1,96,0,2,7,87,96,464,0,0,1
tail-kiwipete-f3h3,r3k2r/p1ppqpb1/bn2pnp1/3PN3/1p2P3/2N4Q/PPPBBPPP/R3K2R b KQkq - 0 1,QCHECK_INITIAL_PLUS_TWO,true,completed,590,h8h3,h8h3 g2h3 b4c3,1136,20,,,retained-corpus-coverage,legal;all-suffix-values-matched,not-attempted,0,434,9,2,1,117,0,2,7,108,117,561,0,0,1
tail-kiwipete-f3h3,r3k2r/p1ppqpb1/bn2pnp1/3PN3/1p2P3/2N4Q/PPPBBPPP/R3K2R b KQkq - 0 1,QCHECK_INITIAL_ONLY,true,completed,590,h8h3,h8h3 g2h3 b4c3,743,16,,,retained-corpus-coverage,legal;all-suffix-values-matched,not-attempted,0,0,0,0,0,0,0,0,0,0,0,0,0,0,0
tail-kiwipete-f3h3,r3k2r/p1ppqpb1/bn2pnp1/3PN3/1p2P3/2N4Q/PPPBBPPP/R3K2R b KQkq - 0 1,QSEARCH_QUIET_CHECKS,false,node-budget,,none,,1000000,140,,,retained-corpus-coverage,not-applicable,not-attempted,0,337678,406880,4861,39,0,0,0,0,0,0,0,0,0,0
tail-evasion-,r3k2r/Pppp1ppp/1b3nbN/nP6/BBP1P3/q4N2/Pp1P2PP/R2Q1RK1 w kq - 0 1,QSEARCH_BASELINE,true,completed,-391,d2d4,d2d4 b2a1q d1a1 a3b4,2508,18,,,exchange;deeper-checking-continuation,legal;all-suffix-values-matched,not-attempted,0,0,0,0,0,0,0,0,0,0,0,0,0,0,0
tail-evasion-,r3k2r/Pppp1ppp/1b3nbN/nP6/BBP1P3/q4N2/Pp1P2PP/R2Q1RK1 w kq - 0 1,QCHECK_FORCED_ONE,true,completed,-391,d2d4,d2d4 b2a1q d1a1 a3b4,6795,39,,,exchange;deeper-checking-continuation,legal;all-suffix-values-matched,not-attempted,0,3663,337,122,5,1925,86,251,315,1273,1925,6844,0,0,9
tail-evasion-,r3k2r/Pppp1ppp/1b3nbN/nP6/BBP1P3/q4N2/Pp1P2PP/R2Q1RK1 w kq - 0 1,QCHECK_INITIAL_PLUS_ONE,true,completed,-391,d2d4,d2d4 b2a1q d1a1 a3b4,6795,39,,,exchange;deeper-checking-continuation,legal;all-suffix-values-matched,not-attempted,0,3663,337,122,5,1925,86,251,315,1273,1925,6844,0,0,9
tail-evasion-,r3k2r/Pppp1ppp/1b3nbN/nP6/BBP1P3/q4N2/Pp1P2PP/R2Q1RK1 w kq - 0 1,QCHECK_INITIAL_PLUS_TWO,false,node-budget,,none,,1000000,122,,,exchange;deeper-checking-continuation,not-applicable,not-attempted,0,274639,409047,28460,23,737833,1508,110496,297043,328786,737833,2034116,0,0,51
tail-evasion-,r3k2r/Pppp1ppp/1b3nbN/nP6/BBP1P3/q4N2/Pp1P2PP/R2Q1RK1 w kq - 0 1,QCHECK_INITIAL_ONLY,true,completed,-391,d2d4,d2d4 b2a1q d1a1 a3b4,2508,18,,,exchange;deeper-checking-continuation,legal;all-suffix-values-matched,not-attempted,0,0,0,0,0,0,0,0,0,0,0,0,0,0,0
tail-evasion-,r3k2r/Pppp1ppp/1b3nbN/nP6/BBP1P3/q4N2/Pp1P2PP/R2Q1RK1 w kq - 0 1,QSEARCH_QUIET_CHECKS,false,absolute-ply-256,,none,,55854,256,,,exchange;deeper-checking-continuation,not-applicable,not-attempted,0,17121,21629,2149,50,0,0,0,0,0,0,0,0,0,0
tail-evasion-f1f2,r3k2r/Pppp1ppp/1b3nbN/nP6/BBP1P3/q4N2/Pp1P1RPP/R2Q2K1 b kq - 1 1,QSEARCH_BASELINE,true,completed,696,b2a1q,b2a1q d1a1 b6f2 g1f2 a3b4,1827,22,,,exchange;deeper-checking-continuation,legal;all-suffix-values-matched,not-attempted,0,0,0,0,0,0,0,0,0,0,0,0,0,0,0
tail-evasion-f1f2,r3k2r/Pppp1ppp/1b3nbN/nP6/BBP1P3/q4N2/Pp1P1RPP/R2Q2K1 b kq - 1 1,QCHECK_FORCED_ONE,true,completed,696,b2a1q,b2a1q d1a1 b6f2 g1f2 a3b4,14248,38,,,exchange;deeper-checking-continuation,legal;all-suffix-values-matched,not-attempted,0,9144,1425,727,5,7860,521,904,1071,5364,7860,28031,0,0,9
tail-evasion-f1f2,r3k2r/Pppp1ppp/1b3nbN/nP6/BBP1P3/q4N2/Pp1P1RPP/R2Q2K1 b kq - 1 1,QCHECK_INITIAL_PLUS_ONE,true,completed,696,b2a1q,b2a1q d1a1 b6f2 g1f2 a3b4,14248,38,,,exchange;deeper-checking-continuation,legal;all-suffix-values-matched,not-attempted,0,9144,1425,727,5,7860,521,904,1071,5364,7860,28031,0,0,9
tail-evasion-f1f2,r3k2r/Pppp1ppp/1b3nbN/nP6/BBP1P3/q4N2/Pp1P1RPP/R2Q2K1 b kq - 1 1,QCHECK_INITIAL_PLUS_TWO,false,node-budget,,none,,1000000,148,,,exchange;deeper-checking-continuation,not-applicable,not-attempted,0,398253,390994,54587,34,885873,24693,111748,254553,494879,885873,2729748,0,0,62
tail-evasion-f1f2,r3k2r/Pppp1ppp/1b3nbN/nP6/BBP1P3/q4N2/Pp1P1RPP/R2Q2K1 b kq - 1 1,QCHECK_INITIAL_ONLY,true,completed,696,b2a1q,b2a1q d1a1 b6f2 g1f2 a3b4,1827,22,,,exchange;deeper-checking-continuation,legal;all-suffix-values-matched,not-attempted,0,0,0,0,0,0,0,0,0,0,0,0,0,0,0
tail-evasion-f1f2,r3k2r/Pppp1ppp/1b3nbN/nP6/BBP1P3/q4N2/Pp1P1RPP/R2Q2K1 b kq - 1 1,QSEARCH_QUIET_CHECKS,false,absolute-ply-256,,none,,21027,256,,,exchange;deeper-checking-continuation,not-applicable,not-attempted,0,11495,4251,461,31,0,0,0,0,0,0,0,0,0,0
tail-evasion-f3d4,r3k2r/Pppp1ppp/1b3nbN/nP6/BBPNP3/q7/Pp1P2PP/R2Q1RK1 b kq - 1 1,QSEARCH_BASELINE,true,completed,671,b6d4,b6d4 g1h1 b2a1q d1a1 d4a1 b4a3 a8a7 f1a1 g7h6,746,15,,,retained-corpus-coverage,legal;all-suffix-values-matched,not-attempted,0,0,0,0,0,0,0,0,0,0,0,0,0,0,0
tail-evasion-f3d4,r3k2r/Pppp1ppp/1b3nbN/nP6/BBPNP3/q7/Pp1P2PP/R2Q1RK1 b kq - 1 1,QCHECK_FORCED_ONE,true,completed,671,b6d4,b6d4 g1h1 b2a1q d1a1 d4a1 b4a3 a8a7 f1a1 g7h6,746,15,,,retained-corpus-coverage,legal;all-suffix-values-matched,not-attempted,0,224,0,0,0,34,0,0,0,34,34,150,0,0,0
tail-evasion-f3d4,r3k2r/Pppp1ppp/1b3nbN/nP6/BBPNP3/q7/Pp1P2PP/R2Q1RK1 b kq - 1 1,QCHECK_INITIAL_PLUS_ONE,true,completed,671,b6d4,b6d4 g1h1 b2a1q d1a1 d4a1 b4a3 a8a7 f1a1 g7h6,779,15,,,retained-corpus-coverage,legal;all-suffix-values-matched,not-attempted,0,226,1,0,1,36,0,0,2,34,35,151,1,3,1
tail-evasion-f3d4,r3k2r/Pppp1ppp/1b3nbN/nP6/BBPNP3/q7/Pp1P2PP/R2Q1RK1 b kq - 1 1,QCHECK_INITIAL_PLUS_TWO,true,completed,671,b6d4,b6d4 g1h1 b2a1q d1a1 d4a1 b4a3 a8a7 f1a1 g7h6,828,15,,,retained-corpus-coverage,legal;all-suffix-values-matched,not-attempted,0,227,3,0,2,36,0,0,2,34,35,151,1,3,2
tail-evasion-f3d4,r3k2r/Pppp1ppp/1b3nbN/nP6/BBPNP3/q7/Pp1P2PP/R2Q1RK1 b kq - 1 1,QCHECK_INITIAL_ONLY,true,completed,671,b6d4,b6d4 g1h1 b2a1q d1a1 d4a1 b4a3 a8a7 f1a1 g7h6,779,15,,,retained-corpus-coverage,legal;all-suffix-values-matched,not-attempted,0,1,1,0,1,0,0,0,0,0,0,0,0,0,0
tail-evasion-f3d4,r3k2r/Pppp1ppp/1b3nbN/nP6/BBPNP3/q7/Pp1P2PP/R2Q1RK1 b kq - 1 1,QSEARCH_QUIET_CHECKS,false,absolute-ply-256,,none,,3704,256,,,retained-corpus-coverage,not-applicable,not-attempted,0,1829,648,247,47,0,0,0,0,0,0,0,0,0,0
tail-middlegame-d3d4,r4rk1/1pp1qppp/p1np1n2/2b1p1B1/2BPP1b1/P1N2N2/1PP1QPPP/R4RK1 b - - 0 10,QSEARCH_BASELINE,true,completed,133,c6d4,c6d4,1123,20,,,retained-corpus-coverage,legal;all-suffix-values-matched,not-attempted,0,0,0,0,0,0,0,0,0,0,0,0,0,0,0
tail-middlegame-d3d4,r4rk1/1pp1qppp/p1np1n2/2b1p1B1/2BPP1b1/P1N2N2/1PP1QPPP/R4RK1 b - - 0 10,QCHECK_FORCED_ONE,true,completed,133,c6d4,c6d4,1160,20,,,retained-corpus-coverage,legal;all-suffix-values-matched,not-attempted,0,602,10,0,1,254,0,10,50,194,254,1129,0,0,1
tail-middlegame-d3d4,r4rk1/1pp1qppp/p1np1n2/2b1p1B1/2BPP1b1/P1N2N2/1PP1QPPP/R4RK1 b - - 0 10,QCHECK_INITIAL_PLUS_ONE,true,completed,133,c6d4,c6d4,1160,20,,,retained-corpus-coverage,legal;all-suffix-values-matched,not-attempted,0,602,10,0,1,254,0,10,50,194,254,1129,0,0,1
tail-middlegame-d3d4,r4rk1/1pp1qppp/p1np1n2/2b1p1B1/2BPP1b1/P1N2N2/1PP1QPPP/R4RK1 b - - 0 10,QCHECK_INITIAL_PLUS_TWO,true,completed,133,c6d4,c6d4,4414,34,,,retained-corpus-coverage,legal-prefix;suffix-absolute-ply-256-at-1,not-attempted,0,1652,668,41,5,1165,35,121,512,497,1165,3351,0,0,8
tail-middlegame-d3d4,r4rk1/1pp1qppp/p1np1n2/2b1p1B1/2BPP1b1/P1N2N2/1PP1QPPP/R4RK1 b - - 0 10,QCHECK_INITIAL_ONLY,true,completed,133,c6d4,c6d4,1123,20,,,retained-corpus-coverage,legal;all-suffix-values-matched,not-attempted,0,0,0,0,0,0,0,0,0,0,0,0,0,0,0
tail-middlegame-d3d4,r4rk1/1pp1qppp/p1np1n2/2b1p1B1/2BPP1b1/P1N2N2/1PP1QPPP/R4RK1 b - - 0 10,QSEARCH_QUIET_CHECKS,false,absolute-ply-256,,none,,22335,256,,,retained-corpus-coverage,not-applicable,not-attempted,0,5277,9593,1358,40,0,0,0,0,0,0,0,0,0,0
quiet-direct-mate,7k/8/5KQ1/8/8/8/8/8 w - - 98 1,QSEARCH_BASELINE,true,completed,1146,none,,1,0,,,mate,legal;all-suffix-values-matched,matched,1,0,0,0,0,0,0,0,0,0,0,0,0,0,0
quiet-direct-mate,7k/8/5KQ1/8/8/8/8/8 w - - 98 1,QCHECK_FORCED_ONE,true,completed,32767,g6g7,g6g7,12,2,0,0:1:g6g7:0,mate,legal;all-suffix-values-matched,matched,12,1,6,0,1,6,1,5,0,0,6,5,0,0,1
quiet-direct-mate,7k/8/5KQ1/8/8/8/8/8 w - - 98 1,QCHECK_INITIAL_PLUS_ONE,true,completed,32767,g6g7,g6g7,12,2,0,0:1:g6g7:0,mate,legal;all-suffix-values-matched,matched,12,1,6,0,1,6,1,5,0,0,0,0,6,5,1
quiet-direct-mate,7k/8/5KQ1/8/8/8/8/8 w - - 98 1,QCHECK_INITIAL_PLUS_TWO,true,completed,32767,g6g7,g6g7,12,2,0,0:1:g6g7:0,mate,legal;all-suffix-values-matched,matched,12,1,6,0,1,6,1,5,0,0,0,0,6,5,1
quiet-direct-mate,7k/8/5KQ1/8/8/8/8/8 w - - 98 1,QCHECK_INITIAL_ONLY,true,completed,32767,g6g7,g6g7,12,2,0,0:1:g6g7:0,mate,legal;all-suffix-values-matched,matched,12,1,6,0,1,0,0,0,0,0,0,0,0,0,0
quiet-direct-mate,7k/8/5KQ1/8/8/8/8/8 w - - 98 1,QSEARCH_QUIET_CHECKS,true,completed,32767,g6g7,g6g7,12,2,0,0:1:g6g7:0,mate,legal;all-suffix-values-matched,matched,12,1,6,0,1,0,0,0,0,0,0,0,0,0,0
quiet-double-discovery,k7/8/B1K5/8/8/8/8/R7 w - - 98 1,QSEARCH_BASELINE,true,completed,1115,none,,1,0,,,retained-corpus-coverage,legal;all-suffix-values-matched,matched,1,0,0,0,0,0,0,0,0,0,0,0,0,0,0
quiet-double-discovery,k7/8/B1K5/8/8/8/8/R7 w - - 98 1,QCHECK_FORCED_ONE,true,completed,1115,none,,15,2,,,retained-corpus-coverage,legal;all-suffix-values-matched,matched,15,1,7,0,1,7,0,7,0,0,7,7,0,0,1
quiet-double-discovery,k7/8/B1K5/8/8/8/8/R7 w - - 98 1,QCHECK_INITIAL_PLUS_ONE,true,completed,1115,none,,15,2,,,retained-corpus-coverage,legal;all-suffix-values-matched,matched,15,1,7,0,1,7,0,7,0,0,0,0,7,7,1
quiet-double-discovery,k7/8/B1K5/8/8/8/8/R7 w - - 98 1,QCHECK_INITIAL_PLUS_TWO,true,completed,1115,none,,15,2,,,retained-corpus-coverage,legal;all-suffix-values-matched,matched,15,1,7,0,1,7,0,7,0,0,0,0,7,7,1
quiet-double-discovery,k7/8/B1K5/8/8/8/8/R7 w - - 98 1,QCHECK_INITIAL_ONLY,true,completed,1115,none,,15,2,,,retained-corpus-coverage,legal;all-suffix-values-matched,matched,15,1,7,0,1,0,0,0,0,0,0,0,0,0,0
quiet-double-discovery,k7/8/B1K5/8/8/8/8/R7 w - - 98 1,QSEARCH_QUIET_CHECKS,true,completed,1115,none,,15,2,,,retained-corpus-coverage,legal;all-suffix-values-matched,matched,15,1,7,0,1,0,0,0,0,0,0,0,0,0,0
quiet-pawn-check,8/8/3kp3/8/4PK2/8/8/8 w - - 0 1,QSEARCH_BASELINE,true,completed,18,none,,1,0,,,retained-corpus-coverage,legal;all-suffix-values-matched,matched,1,0,0,0,0,0,0,0,0,0,0,0,0,0,0
quiet-pawn-check,8/8/3kp3/8/4PK2/8/8/8 w - - 0 1,QCHECK_FORCED_ONE,true,completed,18,none,,1,0,,,retained-corpus-coverage,legal;all-suffix-values-matched,matched,1,1,0,0,0,1,0,0,0,1,1,6,0,0,0
quiet-pawn-check,8/8/3kp3/8/4PK2/8/8/8 w - - 0 1,QCHECK_INITIAL_PLUS_ONE,true,completed,18,none,,4,2,,,retained-corpus-coverage,legal;all-suffix-values-matched,matched,8,1,1,0,1,1,0,0,0,1,0,0,1,6,1
quiet-pawn-check,8/8/3kp3/8/4PK2/8/8/8 w - - 0 1,QCHECK_INITIAL_PLUS_TWO,true,completed,18,none,,4,2,,,retained-corpus-coverage,legal;all-suffix-values-matched,matched,8,1,1,0,1,1,0,0,0,1,0,0,1,6,1
quiet-pawn-check,8/8/3kp3/8/4PK2/8/8/8 w - - 0 1,QCHECK_INITIAL_ONLY,true,completed,18,none,,4,2,,,retained-corpus-coverage,legal;all-suffix-values-matched,matched,8,1,1,0,1,0,0,0,0,0,0,0,0,0,0
quiet-pawn-check,8/8/3kp3/8/4PK2/8/8/8 w - - 0 1,QSEARCH_QUIET_CHECKS,true,completed,18,none,,4,2,,,retained-corpus-coverage,legal;all-suffix-values-matched,matched,8,1,1,0,1,0,0,0,0,0,0,0,0,0,0
quiet-king-discovery,k7/8/K7/8/8/8/8/R7 w - - 98 1,QSEARCH_BASELINE,true,completed,724,none,,1,0,,,retained-corpus-coverage,legal;all-suffix-values-matched,matched,1,0,0,0,0,0,0,0,0,0,0,0,0,0,0
quiet-king-discovery,k7/8/K7/8/8/8/8/R7 w - - 98 1,QCHECK_FORCED_ONE,true,completed,724,none,,3,2,,,retained-corpus-coverage,legal;all-suffix-values-matched,matched,3,1,1,0,1,2,0,1,1,0,2,3,0,0,1
quiet-king-discovery,k7/8/K7/8/8/8/8/R7 w - - 98 1,QCHECK_INITIAL_PLUS_ONE,true,completed,724,none,,5,2,,,retained-corpus-coverage,legal;all-suffix-values-matched,matched,6,1,2,0,1,2,0,1,1,0,0,0,2,3,1
quiet-king-discovery,k7/8/K7/8/8/8/8/R7 w - - 98 1,QCHECK_INITIAL_PLUS_TWO,true,completed,724,none,,5,2,,,retained-corpus-coverage,legal;all-suffix-values-matched,matched,6,1,2,0,1,2,0,1,1,0,0,0,2,3,1
quiet-king-discovery,k7/8/K7/8/8/8/8/R7 w - - 98 1,QCHECK_INITIAL_ONLY,true,completed,724,none,,5,2,,,retained-corpus-coverage,legal;all-suffix-values-matched,matched,6,1,2,0,1,0,0,0,0,0,0,0,0,0,0
quiet-king-discovery,k7/8/K7/8/8/8/8/R7 w - - 98 1,QSEARCH_QUIET_CHECKS,true,completed,724,none,,5,2,,,retained-corpus-coverage,legal;all-suffix-values-matched,matched,6,1,2,0,1,0,0,0,0,0,0,0,0,0,0
quiet-castling-check,5k2/8/8/8/8/8/8/4K2R w K - 98 1,QSEARCH_BASELINE,true,completed,699,none,,1,0,,,retained-corpus-coverage,legal;all-suffix-values-matched,matched,1,0,0,0,0,0,0,0,0,0,0,0,0,0,0
quiet-castling-check,5k2/8/8/8/8/8/8/4K2R w K - 98 1,QCHECK_FORCED_ONE,true,completed,699,none,,1,0,,,retained-corpus-coverage,legal;all-suffix-values-matched,matched,1,1,0,0,0,3,0,0,0,3,3,11,0,0,0
quiet-castling-check,5k2/8/8/8/8/8/8/4K2R w K - 98 1,QCHECK_INITIAL_PLUS_ONE,true,completed,699,none,,7,2,,,retained-corpus-coverage,legal;all-suffix-values-matched,matched,15,1,3,0,1,3,0,0,0,3,0,0,3,11,1
quiet-castling-check,5k2/8/8/8/8/8/8/4K2R w K - 98 1,QCHECK_INITIAL_PLUS_TWO,true,completed,699,none,,7,2,,,retained-corpus-coverage,legal;all-suffix-values-matched,matched,15,1,3,0,1,3,0,0,0,3,0,0,3,11,1
quiet-castling-check,5k2/8/8/8/8/8/8/4K2R w K - 98 1,QCHECK_INITIAL_ONLY,true,completed,699,none,,7,2,,,retained-corpus-coverage,legal;all-suffix-values-matched,matched,15,1,3,0,1,0,0,0,0,0,0,0,0,0,0
quiet-castling-check,5k2/8/8/8/8/8/8/4K2R w K - 98 1,QSEARCH_QUIET_CHECKS,true,completed,699,none,,7,2,,,retained-corpus-coverage,legal;all-suffix-values-matched,matched,15,1,3,0,1,0,0,0,0,0,0,0,0,0,0
quiet-knight-fork,4k3/5q2/8/5N2/8/8/8/4K3 w - - 0 1,QSEARCH_BASELINE,true,completed,-752,none,,1,0,,,queen-gain;insufficient-material-draw,legal;all-suffix-values-matched,not-attempted,0,0,0,0,0,0,0,0,0,0,0,0,0,0,0
quiet-knight-fork,4k3/5q2/8/5N2/8/8/8/4K3 w - - 0 1,QCHECK_FORCED_ONE,true,completed,-752,none,,1,0,,,queen-gain;insufficient-material-draw,legal;all-suffix-values-matched,not-attempted,0,1,0,0,0,2,0,0,0,2,2,9,0,0,0
quiet-knight-fork,4k3/5q2/8/5N2/8/8/8/4K3 w - - 0 1,QCHECK_INITIAL_PLUS_ONE,true,completed,0,f5d6,f5d6 e8d7 d6f7,12,3,0,0:1:f5d6:4,queen-gain;insufficient-material-draw,legal;all-suffix-values-matched,not-attempted,0,3,2,0,1,2,0,0,0,2,0,0,2,9,1
quiet-knight-fork,4k3/5q2/8/5N2/8/8/8/4K3 w - - 0 1,QCHECK_INITIAL_PLUS_TWO,true,completed,0,f5d6,f5d6 e8d7 d6f7,12,3,0,0:1:f5d6:4,queen-gain;insufficient-material-draw,legal;all-suffix-values-matched,not-attempted,0,3,2,0,1,2,0,0,0,2,0,0,2,9,1
quiet-knight-fork,4k3/5q2/8/5N2/8/8/8/4K3 w - - 0 1,QCHECK_INITIAL_ONLY,true,completed,0,f5d6,f5d6 e8d7 d6f7,12,3,0,0:1:f5d6:4,queen-gain;insufficient-material-draw,legal;all-suffix-values-matched,not-attempted,0,1,2,0,1,0,0,0,0,0,0,0,0,0,0
quiet-knight-fork,4k3/5q2/8/5N2/8/8/8/4K3 w - - 0 1,QSEARCH_QUIET_CHECKS,true,completed,0,f5d6,f5d6 e8d7 d6f7,12,3,0,0:1:f5d6:4,queen-gain;insufficient-material-draw,legal;all-suffix-values-matched,not-attempted,0,3,2,0,1,0,0,0,0,0,0,0,0,0,0
quiet-smother-sacrifice,5r1k/6pp/4Q2N/8/8/8/8/4K3 w - - 0 1,QSEARCH_BASELINE,true,completed,82,none,,1,0,,,quiet-sacrifice;mate;second-check-required,legal;all-suffix-values-matched,matched,1,0,0,0,0,0,0,0,0,0,0,0,0,0,0
quiet-smother-sacrifice,5r1k/6pp/4Q2N/8/8/8/8/4K3 w - - 0 1,QCHECK_FORCED_ONE,true,completed,32765,e6g8,e6g8 f8g8 h6f7,5,3,0,0:1:e6g8:1 2:2:h6f7:0,quiet-sacrifice;mate;second-check-required,legal;all-suffix-values-matched,matched,6,2,2,0,1,3,1,1,1,0,3,3,0,0,2
quiet-smother-sacrifice,5r1k/6pp/4Q2N/8/8/8/8/4K3 w - - 0 1,QCHECK_INITIAL_PLUS_ONE,true,completed,32765,e6g8,e6g8 f8g8 h6f7,13,7,0,0:1:e6g8:1 2:2:h6f7:0,quiet-sacrifice;mate;second-check-required,legal;all-suffix-values-matched,matched,23,5,6,0,3,12,2,3,7,0,10,14,2,3,4
quiet-smother-sacrifice,5r1k/6pp/4Q2N/8/8/8/8/4K3 w - - 0 1,QCHECK_INITIAL_PLUS_TWO,true,completed,32765,e6g8,e6g8 f8g8 h6f7,271,14,0,0:1:e6g8:1 2:2:h6f7:0,quiet-sacrifice;mate;second-check-required,legal;all-suffix-values-matched,guard-rejected-not-exact,152,78,138,0,5,150,6,24,108,12,148,273,2,3,7
quiet-smother-sacrifice,5r1k/6pp/4Q2N/8/8/8/8/4K3 w - - 0 1,QCHECK_INITIAL_ONLY,true,completed,152,h6f7,h6f7 h8g8,8,3,0,0:1:h6f7:2,quiet-sacrifice;mate;second-check-required,legal;all-suffix-values-matched,matched,9,1,2,0,1,0,0,0,0,0,0,0,0,0,0
quiet-smother-sacrifice,5r1k/6pp/4Q2N/8/8/8/8/4K3 w - - 0 1,QSEARCH_QUIET_CHECKS,true,completed,32765,e6g8,e6g8 f8g8 h6f7,571,20,0,0:1:e6g8:1 2:2:h6f7:0,quiet-sacrifice;mate;second-check-required,legal;all-suffix-values-matched,not-attempted,0,126,270,0,5,0,0,0,0,0,0,0,0,0,0
quiet-check-rule50-draw,4k3/8/8/8/8/8/7q/R3K3 w - - 98 1,QSEARCH_BASELINE,true,completed,-454,none,,1,0,,,rule50-draw,legal;all-suffix-values-matched,matched,1,0,0,0,0,0,0,0,0,0,0,0,0,0,0
quiet-check-rule50-draw,4k3/8/8/8/8/8/7q/R3K3 w - - 98 1,QCHECK_FORCED_ONE,true,completed,-454,none,,1,0,,,rule50-draw,legal;all-suffix-values-matched,matched,1,1,0,0,0,1,0,0,0,1,1,4,0,0,0
quiet-check-rule50-draw,4k3/8/8/8/8/8/7q/R3K3 w - - 98 1,QCHECK_INITIAL_PLUS_ONE,true,completed,0,a1a8,a1a8 e8d7,6,2,0,0:1:a1a8:4,rule50-draw,legal;all-suffix-values-matched,matched,6,1,1,0,1,1,0,0,0,1,0,0,1,4,1
quiet-check-rule50-draw,4k3/8/8/8/8/8/7q/R3K3 w - - 98 1,QCHECK_INITIAL_PLUS_TWO,true,completed,0,a1a8,a1a8 e8d7,6,2,0,0:1:a1a8:4,rule50-draw,legal;all-suffix-values-matched,matched,6,1,1,0,1,1,0,0,0,1,0,0,1,4,1
quiet-check-rule50-draw,4k3/8/8/8/8/8/7q/R3K3 w - - 98 1,QCHECK_INITIAL_ONLY,true,completed,0,a1a8,a1a8 e8d7,6,2,0,0:1:a1a8:4,rule50-draw,legal;all-suffix-values-matched,matched,6,1,1,0,1,0,0,0,0,0,0,0,0,0,0
quiet-check-rule50-draw,4k3/8/8/8/8/8/7q/R3K3 w - - 98 1,QSEARCH_QUIET_CHECKS,true,completed,0,a1a8,a1a8 e8d7,6,2,0,0:1:a1a8:4,rule50-draw,legal;all-suffix-values-matched,matched,6,1,1,0,1,0,0,0,0,0,0,0,0,0,0
quiet-rook-checks-standpat,4k3/8/8/8/8/8/8/R3K3 w - - 98 1,QSEARCH_BASELINE,true,completed,692,none,,1,0,,,retained-corpus-coverage,legal;all-suffix-values-matched,matched,1,0,0,0,0,0,0,0,0,0,0,0,0,0,0
quiet-rook-checks-standpat,4k3/8/8/8/8/8/8/R3K3 w - - 98 1,QCHECK_FORCED_ONE,true,completed,692,none,,1,0,,,retained-corpus-coverage,legal;all-suffix-values-matched,matched,1,1,0,0,0,1,0,0,0,1,1,3,0,0,0
quiet-rook-checks-standpat,4k3/8/8/8/8/8/8/R3K3 w - - 98 1,QCHECK_INITIAL_PLUS_ONE,true,completed,692,none,,3,2,,,retained-corpus-coverage,legal;all-suffix-values-matched,matched,5,1,1,0,1,1,0,0,0,1,0,0,1,3,1
quiet-rook-checks-standpat,4k3/8/8/8/8/8/8/R3K3 w - - 98 1,QCHECK_INITIAL_PLUS_TWO,true,completed,692,none,,3,2,,,retained-corpus-coverage,legal;all-suffix-values-matched,matched,5,1,1,0,1,1,0,0,0,1,0,0,1,3,1
quiet-rook-checks-standpat,4k3/8/8/8/8/8/8/R3K3 w - - 98 1,QCHECK_INITIAL_ONLY,true,completed,692,none,,3,2,,,retained-corpus-coverage,legal;all-suffix-values-matched,matched,5,1,1,0,1,0,0,0,0,0,0,0,0,0,0
quiet-rook-checks-standpat,4k3/8/8/8/8/8/8/R3K3 w - - 98 1,QSEARCH_QUIET_CHECKS,true,completed,692,none,,3,2,,,retained-corpus-coverage,legal;all-suffix-values-matched,matched,5,1,1,0,1,0,0,0,0,0,0,0,0,0,0
quiet-mate-unlimited,7k/8/5KQ1/8/8/8/8/8 w - - 0 1,QSEARCH_BASELINE,true,completed,1146,none,,1,0,,,mate,legal;all-suffix-values-matched,not-attempted,0,0,0,0,0,0,0,0,0,0,0,0,0,0,0
quiet-mate-unlimited,7k/8/5KQ1/8/8/8/8/8 w - - 0 1,QCHECK_FORCED_ONE,true,completed,32767,g6g7,g6g7,738,18,0,0:1:g6g7:0,mate,legal;all-suffix-values-matched,not-attempted,0,114,410,0,9,776,68,342,194,172,776,1246,0,0,9
quiet-mate-unlimited,7k/8/5KQ1/8/8/8/8/8 w - - 0 1,QCHECK_INITIAL_PLUS_ONE,true,completed,32767,g6g7,g6g7,738,18,0,0:1:g6g7:0,mate,legal;all-suffix-values-matched,not-attempted,0,114,410,0,9,776,68,342,194,172,770,1241,6,5,9
quiet-mate-unlimited,7k/8/5KQ1/8/8/8/8/8 w - - 0 1,QCHECK_INITIAL_PLUS_TWO,true,completed,32767,g6g7,g6g7,6291,26,0,0:1:g6g7:0,mate,legal;all-suffix-values-matched,not-attempted,0,1141,3273,1,13,8216,242,1210,1821,4943,8210,25201,6,5,13
quiet-mate-unlimited,7k/8/5KQ1/8/8/8/8/8 w - - 0 1,QCHECK_INITIAL_ONLY,true,completed,32767,g6g7,g6g7,12,2,0,0:1:g6g7:0,mate,legal;all-suffix-values-matched,not-attempted,0,1,6,0,1,0,0,0,0,0,0,0,0,0,0
quiet-mate-unlimited,7k/8/5KQ1/8/8/8/8/8 w - - 0 1,QSEARCH_QUIET_CHECKS,false,node-budget,,none,,1000000,100,,,mate,not-applicable,not-attempted,0,76147,525195,0,50,0,0,0,0,0,0,0,0,0,0
endgame-pawn-displacement,8/2p5/3p4/KPr4k/5R2/8/4P1P1/8 w - - 1 3,QSEARCH_BASELINE,true,completed,146,none,,1,0,,,positional-evaluation;checking-continuation,legal;all-suffix-values-matched,not-attempted,0,0,0,0,0,0,0,0,0,0,0,0,0,0,0
endgame-pawn-displacement,8/2p5/3p4/KPr4k/5R2/8/4P1P1/8 w - - 1 3,QCHECK_FORCED_ONE,true,completed,146,none,,1,0,,,positional-evaluation;checking-continuation,legal;all-suffix-values-matched,not-attempted,0,1,0,0,0,3,0,0,0,3,3,12,0,0,0
endgame-pawn-displacement,8/2p5/3p4/KPr4k/5R2/8/4P1P1/8 w - - 1 3,QCHECK_INITIAL_PLUS_ONE,true,completed,241,g2g4,g2g4 h5h4,15,4,0,0:1:g2g4:4,positional-evaluation;checking-continuation,legal;all-suffix-values-matched,not-attempted,0,9,3,0,1,11,0,0,0,11,8,32,3,12,1
endgame-pawn-displacement,8/2p5/3p4/KPr4k/5R2/8/4P1P1/8 w - - 1 3,QCHECK_INITIAL_PLUS_TWO,true,completed,241,g2g4,g2g4 h5h4,15,4,0,0:1:g2g4:4,positional-evaluation;checking-continuation,legal;all-suffix-values-matched,not-attempted,0,9,3,0,1,11,0,0,0,11,8,32,3,12,1
endgame-pawn-displacement,8/2p5/3p4/KPr4k/5R2/8/4P1P1/8 w - - 1 3,QCHECK_INITIAL_ONLY,true,completed,241,g2g4,g2g4 h5h4,15,4,0,0:1:g2g4:4,positional-evaluation;checking-continuation,legal;all-suffix-values-matched,not-attempted,0,1,3,0,1,0,0,0,0,0,0,0,0,0,0
endgame-pawn-displacement,8/2p5/3p4/KPr4k/5R2/8/4P1P1/8 w - - 1 3,QSEARCH_QUIET_CHECKS,true,completed,241,g2g4,g2g4 h5h4,272,24,0,0:1:g2g4:4,positional-evaluation;checking-continuation,legal;all-suffix-values-matched,not-attempted,0,84,91,5,5,0,0,0,0,0,0,0,0,0,0
first-after-capture-mate,5rRk/6pp/7N/8/8/8/8/4K3 b - - 0 1,QSEARCH_BASELINE,true,completed,546,f8g8,f8g8 h6g8 h8g8,4,3,,,mate;first-check-qply-1,legal;all-suffix-values-matched,matched,4,0,0,0,0,0,0,0,0,0,0,0,0,0,0
first-after-capture-mate,5rRk/6pp/7N/8/8/8/8/4K3 b - - 0 1,QCHECK_FORCED_ONE,true,completed,-32766,f8g8,f8g8 h6f7,5,3,1,1:1:h6f7:0,mate;first-check-qply-1,legal;all-suffix-values-matched,matched,5,1,1,0,1,1,1,0,0,0,1,0,0,0,1
first-after-capture-mate,5rRk/6pp/7N/8/8/8/8/4K3 b - - 0 1,QCHECK_INITIAL_PLUS_ONE,true,completed,-32766,f8g8,f8g8 h6f7,5,3,1,1:1:h6f7:0,mate;first-check-qply-1,legal;all-suffix-values-matched,matched,5,1,1,0,1,1,1,0,0,0,1,0,0,0,1
first-after-capture-mate,5rRk/6pp/7N/8/8/8/8/4K3 b - - 0 1,QCHECK_INITIAL_PLUS_TWO,true,completed,-32766,f8g8,f8g8 h6f7,5,3,1,1:1:h6f7:0,mate;first-check-qply-1,legal;all-suffix-values-matched,matched,5,1,1,0,1,1,1,0,0,0,1,0,0,0,1
first-after-capture-mate,5rRk/6pp/7N/8/8/8/8/4K3 b - - 0 1,QCHECK_INITIAL_ONLY,true,completed,546,f8g8,f8g8 h6g8 h8g8,4,3,,,mate;first-check-qply-1,legal;all-suffix-values-matched,matched,4,0,0,0,0,0,0,0,0,0,0,0,0,0,0
first-after-capture-mate,5rRk/6pp/7N/8/8/8/8/4K3 b - - 0 1,QSEARCH_QUIET_CHECKS,true,completed,-32766,f8g8,f8g8 h6f7,5,3,1,1:1:h6f7:0,mate;first-check-qply-1,legal;all-suffix-values-matched,matched,5,1,1,0,1,0,0,0,0,0,0,0,0,0,0
exchange-deeper-check,5rrk/8/6KN/8/8/1Q6/8/8 w - - 0 1,QSEARCH_BASELINE,true,completed,381,h6g8,h6g8 f8g8 g6h6,18,4,,,exchange;positional;first-check-qply-3,legal;all-suffix-values-matched,matched,18,0,0,0,0,0,0,0,0,0,0,0,0,0,0
exchange-deeper-check,5rrk/8/6KN/8/8/1Q6/8/8 w - - 0 1,QCHECK_FORCED_ONE,true,completed,381,h6g8,h6g8 f8g8 g6h6,18,4,,,exchange;positional;first-check-qply-3,legal;all-suffix-values-matched,matched,18,11,0,0,0,7,0,0,3,4,7,25,0,0,0
exchange-deeper-check,5rrk/8/6KN/8/8/1Q6/8/8 w - - 0 1,QCHECK_INITIAL_PLUS_ONE,true,completed,381,h6g8,h6g8 f8g8 g6h6,18,4,,,exchange;positional;first-check-qply-3,legal;all-suffix-values-matched,matched,18,11,0,0,0,7,0,0,3,4,7,25,0,0,0
exchange-deeper-check,5rrk/8/6KN/8/8/1Q6/8/8 w - - 0 1,QCHECK_INITIAL_PLUS_TWO,true,completed,377,h6g8,h6g8 f8g8 g6h6 g8g6 h6h5,30,7,3,3:1:g8g6:2,exchange;positional;first-check-qply-3,legal;all-suffix-values-matched,matched,35,16,5,0,2,16,0,1,4,11,16,55,0,0,3
exchange-deeper-check,5rrk/8/6KN/8/8/1Q6/8/8 w - - 0 1,QCHECK_INITIAL_ONLY,true,completed,381,h6g8,h6g8 f8g8 g6h6,18,4,,,exchange;positional;first-check-qply-3,legal;all-suffix-values-matched,matched,18,0,0,0,0,0,0,0,0,0,0,0,0,0,0
exchange-deeper-check,5rrk/8/6KN/8/8/1Q6/8/8 w - - 0 1,QSEARCH_QUIET_CHECKS,true,completed,374,h6g8,h6g8 f8g8 g6h5,1236,37,,,exchange;positional;first-check-qply-3,legal;all-suffix-values-matched,not-attempted,0,393,401,31,17,0,0,0,0,0,0,0,0,0,0
capture-allows-queen-fork,4k3/8/8/8/5n2/1r6/P4Q2/4K3 w - - 0 1,QSEARCH_BASELINE,true,completed,944,a2b3,a2b3,3,1,,,material-loss-avoidance;deeper-knight-fork,legal;all-suffix-values-matched,matched,3,0,0,0,0,0,0,0,0,0,0,0,0,0,0
capture-allows-queen-fork,4k3/8/8/8/5n2/1r6/P4Q2/4K3 w - - 0 1,QCHECK_FORCED_ONE,true,completed,944,a2b3,a2b3,3,1,,,material-loss-avoidance;deeper-knight-fork,legal;all-suffix-values-matched,matched,3,3,0,0,0,4,0,0,0,4,4,22,0,0,0
capture-allows-queen-fork,4k3/8/8/8/5n2/1r6/P4Q2/4K3 w - - 0 1,QCHECK_INITIAL_PLUS_ONE,true,completed,944,a2b3,a2b3,42,5,,,material-loss-avoidance;deeper-knight-fork,legal;all-suffix-values-matched,matched,149,29,2,0,1,39,0,0,2,37,37,205,2,13,1
capture-allows-queen-fork,4k3/8/8/8/5n2/1r6/P4Q2/4K3 w - - 0 1,QCHECK_INITIAL_PLUS_TWO,true,completed,944,a2b3,a2b3,48,5,,,material-loss-avoidance;deeper-knight-fork,legal;all-suffix-values-matched,guard-rejected-not-exact,283,31,4,0,2,39,0,0,2,37,37,205,2,13,2
capture-allows-queen-fork,4k3/8/8/8/5n2/1r6/P4Q2/4K3 w - - 0 1,QCHECK_INITIAL_ONLY,true,completed,944,a2b3,a2b3,42,5,,,material-loss-avoidance;deeper-knight-fork,legal;all-suffix-values-matched,matched,127,1,2,0,1,0,0,0,0,0,0,0,0,0,0
capture-allows-queen-fork,4k3/8/8/8/5n2/1r6/P4Q2/4K3 w - - 0 1,QSEARCH_QUIET_CHECKS,false,node-budget,,none,,1000000,106,,,material-loss-avoidance;deeper-knight-fork,not-applicable,not-attempted,0,102919,495107,2,50,0,0,0,0,0,0,0,0,0,0
third-check-smother,4k3/8/8/8/8/3q4/PPn5/1KR5 b - - 96 1,QSEARCH_BASELINE,true,completed,155,none,,1,0,,,mate;third-ordinary-check-required,legal;all-suffix-values-matched,matched,1,0,0,0,0,0,0,0,0,0,0,0,0,0,0
third-check-smother,4k3/8/8/8/8/3q4/PPn5/1KR5 b - - 96 1,QCHECK_FORCED_ONE,true,completed,32763,c2a3,c2a3 b1a1 d3b1 c1b1 a3c2,7,5,0,0:1:c2a3:1 2:2:d3b1:1 4:3:a3c2:0,mate;third-ordinary-check-required,legal;all-suffix-values-matched,matched,8,3,3,0,2,9,1,2,6,0,9,14,0,0,3
third-check-smother,4k3/8/8/8/8/3q4/PPn5/1KR5 b - - 96 1,QCHECK_INITIAL_PLUS_ONE,true,completed,32763,c2a3,c2a3 b1a1 d3b1 c1b1 a3c2,23,6,0,0:1:c2a3:1 2:2:d3b1:1 4:3:a3c2:0,mate;third-ordinary-check-required,legal;all-suffix-values-matched,matched,168,12,10,0,2,25,1,4,18,2,19,35,6,11,3
third-check-smother,4k3/8/8/8/8/3q4/PPn5/1KR5 b - - 96 1,QCHECK_INITIAL_PLUS_TWO,true,completed,32763,c2a3,c2a3 b1a1 d3b1 c1b1 a3c2,50,8,0,0:1:c2a3:1 2:2:d3b1:1 4:3:a3c2:0,mate;third-ordinary-check-required,legal;all-suffix-values-matched,guard-rejected-not-exact,258,13,23,0,2,25,1,4,18,2,19,35,6,11,4
third-check-smother,4k3/8/8/8/8/3q4/PPn5/1KR5 b - - 96 1,QCHECK_INITIAL_ONLY,true,completed,218,c2b4,c2b4 b1a1 b4a2 a1a2,18,4,0,0:1:c2b4:2,mate;third-ordinary-check-required,legal;all-suffix-values-matched,matched,53,1,6,0,1,0,0,0,0,0,0,0,0,0,0
third-check-smother,4k3/8/8/8/8/3q4/PPn5/1KR5 b - - 96 1,QSEARCH_QUIET_CHECKS,true,completed,32763,c2a3,c2a3 b1a1 d3b1 c1b1 a3c2,89,14,0,0:1:c2a3:1 2:2:d3b1:1 4:3:a3c2:0,mate;third-ordinary-check-required,legal;all-suffix-values-matched,not-attempted,0,22,43,0,5,0,0,0,0,0,0,0,0,0,0
repeated-check-no-extra-value,4k3/8/8/8/8/8/8/R3K3 w - - 96 1,QSEARCH_BASELINE,true,completed,692,none,,1,0,,,second-checks-exist;no-extra-value,legal;all-suffix-values-matched,matched,1,0,0,0,0,0,0,0,0,0,0,0,0,0,0
repeated-check-no-extra-value,4k3/8/8/8/8/8/8/R3K3 w - - 96 1,QCHECK_FORCED_ONE,true,completed,692,none,,1,0,,,second-checks-exist;no-extra-value,legal;all-suffix-values-matched,matched,1,1,0,0,0,1,0,0,0,1,1,3,0,0,0
repeated-check-no-extra-value,4k3/8/8/8/8/8/8/R3K3 w - - 96 1,QCHECK_INITIAL_PLUS_ONE,true,completed,735,a1a8,a1a8 e8e7,5,2,0,0:1:a1a8:3,second-checks-exist;no-extra-value,legal;all-suffix-values-matched,matched,5,4,1,0,1,5,0,0,0,5,4,22,1,3,1
repeated-check-no-extra-value,4k3/8/8/8/8/8/8/R3K3 w - - 96 1,QCHECK_INITIAL_PLUS_TWO,true,completed,735,a1a8,a1a8 e8e7,5,2,0,0:1:a1a8:3,second-checks-exist;no-extra-value,legal;all-suffix-values-matched,matched,5,4,1,0,1,5,0,0,0,5,4,22,1,3,1
repeated-check-no-extra-value,4k3/8/8/8/8/8/8/R3K3 w - - 96 1,QCHECK_INITIAL_ONLY,true,completed,735,a1a8,a1a8 e8e7,5,2,0,0:1:a1a8:3,second-checks-exist;no-extra-value,legal;all-suffix-values-matched,matched,5,1,1,0,1,0,0,0,0,0,0,0,0,0,0
repeated-check-no-extra-value,4k3/8/8/8/8/8/8/R3K3 w - - 96 1,QSEARCH_QUIET_CHECKS,true,completed,735,a1a8,a1a8 e8e7,13,4,0,0:1:a1a8:3,second-checks-exist;no-extra-value,legal;all-suffix-values-matched,matched,44,4,5,0,2,0,0,0,0,0,0,0,0,0,0
deeper-two-reply-fork,4k3/8/8/8/5n2/1rp5/P4Qp1/4K3 w - - 0 1,QSEARCH_BASELINE,true,completed,41,a2b3,a2b3,10,3,,,material;two-reply-knight-fork-after-a2b3,legal;all-suffix-values-matched,matched,41,0,0,0,0,0,0,0,0,0,0,0,0,0,0
deeper-two-reply-fork,4k3/8/8/8/5n2/1rp5/P4Qp1/4K3 w - - 0 1,QCHECK_FORCED_ONE,true,completed,41,a2b3,a2b3,10,3,,,material;two-reply-knight-fork-after-a2b3,legal;all-suffix-values-matched,matched,57,8,0,0,0,7,0,0,1,6,7,29,0,0,0
deeper-two-reply-fork,4k3/8/8/8/5n2/1rp5/P4Qp1/4K3 w - - 0 1,QCHECK_INITIAL_PLUS_ONE,true,completed,57,f2e3,f2e3 e8f7 a2b3,73,7,0,0:1:f2e3:5,material;two-reply-knight-fork-after-a2b3,legal;all-suffix-values-matched,matched,901,48,2,0,1,57,0,0,1,56,55,252,2,11,1
deeper-two-reply-fork,4k3/8/8/8/5n2/1rp5/P4Qp1/4K3 w - - 0 1,QCHECK_INITIAL_PLUS_TWO,true,completed,57,f2e3,f2e3 e8f7 a2b3,114,7,0,0:1:f2e3:5,material;two-reply-knight-fork-after-a2b3,legal;all-suffix-values-matched,guard-rejected-not-exact,126,68,7,1,1,75,0,0,5,70,73,310,2,11,2
deeper-two-reply-fork,4k3/8/8/8/5n2/1rp5/P4Qp1/4K3 w - - 0 1,QCHECK_INITIAL_ONLY,true,completed,57,f2e3,f2e3 e8f7 a2b3,73,7,0,0:1:f2e3:5,material;two-reply-knight-fork-after-a2b3,legal;all-suffix-values-matched,matched,736,1,2,0,1,0,0,0,0,0,0,0,0,0,0
deeper-two-reply-fork,4k3/8/8/8/5n2/1rp5/P4Qp1/4K3 w - - 0 1,QSEARCH_QUIET_CHECKS,false,node-budget,,none,,1000000,121,,,material;two-reply-knight-fork-after-a2b3,not-applicable,not-attempted,0,215685,552460,4,50,0,0,0,0,0,0,0,0,0,0
deeper-one-reply-fork,4k3/8/8/8/5n2/1rp2p2/P4Qp1/4K3 w - - 0 1,QSEARCH_BASELINE,true,completed,-436,a2b3,a2b3,10,3,,,material;one-reply-knight-fork-after-a2b3,legal;all-suffix-values-matched,matched,58,0,0,0,0,0,0,0,0,0,0,0,0,0,0
deeper-one-reply-fork,4k3/8/8/8/5n2/1rp2p2/P4Qp1/4K3 w - - 0 1,QCHECK_FORCED_ONE,true,completed,-1138,none,,22,5,,,material;one-reply-knight-fork-after-a2b3,legal;all-suffix-values-matched,guard-rejected-not-exact,5320,15,1,1,1,9,0,1,2,6,9,33,0,0,1
deeper-one-reply-fork,4k3/8/8/8/5n2/1rp2p2/P4Qp1/4K3 w - - 0 1,QCHECK_INITIAL_PLUS_ONE,true,completed,-459,f2e3,f2e3 e8f7 a2b3,101,7,0,0:1:f2e3:5,material;one-reply-knight-fork-after-a2b3,legal;all-suffix-values-matched,guard-rejected-not-exact,2667,69,7,1,1,102,0,5,19,78,100,371,2,12,2
deeper-one-reply-fork,4k3/8/8/8/5n2/1rp2p2/P4Qp1/4K3 w - - 0 1,QCHECK_INITIAL_PLUS_TWO,true,completed,-459,f2e3,f2e3 e8f7 a2b3,264,9,0,0:1:f2e3:5,material;one-reply-knight-fork-after-a2b3,legal;all-suffix-values-matched,guard-rejected-not-exact,122,165,56,1,2,248,0,9,45,194,246,1029,2,12,3
deeper-one-reply-fork,4k3/8/8/8/5n2/1rp2p2/P4Qp1/4K3 w - - 0 1,QCHECK_INITIAL_ONLY,true,completed,-436,a2b3,a2b3,40,7,,,material;one-reply-knight-fork-after-a2b3,legal;all-suffix-values-matched,matched,1867,1,2,0,1,0,0,0,0,0,0,0,0,0,0
deeper-one-reply-fork,4k3/8/8/8/5n2/1rp2p2/P4Qp1/4K3 w - - 0 1,QSEARCH_QUIET_CHECKS,false,node-budget,,none,,1000000,121,,,material;one-reply-knight-fork-after-a2b3,not-applicable,not-attempted,0,215683,552460,4,50,0,0,0,0,0,0,0,0,0,0
