position,depth,nodes_with_checks,quiet_checks,cutoffs,max_chain,mode,first_checks,second_checks,prevented_nodes,max_used,generated_checks,qnodes,max_qply,completion_reason
start,2,2,0,0,0,QCHECK_INITIAL_ONLY,0,0,5,0,2,98,2,completed
start,2,2,0,0,0,QCHECK_MAX_ONE,0,0,0,0,2,98,2,completed
start,2,2,0,0,0,QCHECK_MAX_TWO,0,0,0,0,2,98,2,completed
kiwipete,2,6,1,0,1,QCHECK_INITIAL_ONLY,1,0,16882,1,7,18958,23,completed
kiwipete,2,10382,5627,193,1,QCHECK_MAX_ONE,5627,0,87593,1,31566,124876,34,completed
kiwipete,2,77180,61654,2494,2,QCHECK_MAX_TWO,4690,56964,722575,2,295888,999965,42,node-budget
endgame,2,17,15,0,1,QCHECK_INITIAL_ONLY,15,0,90,1,19,140,4,completed
endgame,2,97,78,6,1,QCHECK_MAX_ONE,78,0,148,1,153,384,6,completed
endgame,2,198,154,7,2,QCHECK_MAX_TWO,78,76,108,2,298,572,8,completed
tactical,2,21,22,0,1,QCHECK_INITIAL_ONLY,22,0,87,1,52,154,6,completed
tactical,2,37,30,0,1,QCHECK_MAX_ONE,30,0,56,1,168,182,7,completed
tactical,2,67,167,1,2,QCHECK_MAX_TWO,30,137,274,2,364,647,10,completed
evasion,2,2,0,0,0,QCHECK_INITIAL_ONLY,0,0,16584,0,2,18326,28,completed
evasion,2,13021,7606,658,1,QCHECK_MAX_ONE,7606,0,131992,1,34749,184762,33,completed
evasion,2,94565,82785,7950,2,QCHECK_MAX_TWO,4992,77793,692587,2,314884,999994,38,node-budget
middlegame,2,8,1,0,1,QCHECK_INITIAL_ONLY,1,0,12055,1,8,14195,19,completed
middlegame,2,7406,4350,129,1,QCHECK_MAX_ONE,4350,0,51800,1,22525,82201,29,completed
middlegame,2,45163,31428,961,2,QCHECK_MAX_TWO,4538,26890,183532,2,147583,325837,36,completed
transposition-pawns,2,0,0,0,0,QCHECK_INITIAL_ONLY,0,0,0,0,0,25,0,completed
transposition-pawns,2,0,0,0,0,QCHECK_MAX_ONE,0,0,0,0,0,25,0,completed
transposition-pawns,2,0,0,0,0,QCHECK_MAX_TWO,0,0,0,0,0,25,0,completed
start,3,14,0,0,0,QCHECK_INITIAL_ONLY,0,0,65,0,14,978,6,completed
start,3,26,8,0,1,QCHECK_MAX_ONE,8,0,68,1,28,1066,9,completed
start,3,49,22,1,2,QCHECK_MAX_TWO,8,14,73,2,71,1161,13,completed
kiwipete,3,34,4,0,1,QCHECK_INITIAL_ONLY,4,0,97592,1,40,110460,26,completed
kiwipete,3,59960,29161,1467,1,QCHECK_MAX_ONE,29161,0,438700,1,175780,644354,34,completed
kiwipete,3,106710,81528,4617,2,QCHECK_MAX_TWO,8030,73498,649476,2,360945,999968,38,node-budget
endgame,3,60,13,0,1,QCHECK_INITIAL_ONLY,13,0,99,1,92,381,4,completed
endgame,3,156,115,6,1,QCHECK_MAX_ONE,115,0,192,1,255,717,5,completed
endgame,3,262,196,7,2,QCHECK_MAX_TWO,115,81,113,2,416,915,7,completed
tactical,3,261,0,0,0,QCHECK_INITIAL_ONLY,0,0,71,0,1357,444,5,completed
tactical,3,302,102,1,1,QCHECK_MAX_ONE,102,0,230,1,1607,851,7,completed
tactical,3,458,599,12,2,QCHECK_MAX_TWO,101,498,1112,2,2629,2634,9,completed
evasion,3,159,22,1,1,QCHECK_INITIAL_ONLY,22,0,29228,1,274,32684,27,completed
evasion,3,20939,10593,834,1,QCHECK_MAX_ONE,10593,0,187690,1,53722,267605,32,completed
evasion,3,111028,84368,8510,2,QCHECK_MAX_TWO,5480,78888,660724,2,336291,999934,37,node-budget
middlegame,3,26,3,0,1,QCHECK_INITIAL_ONLY,3,0,53143,1,26,61960,24,completed
middlegame,3,28763,16080,496,1,QCHECK_MAX_ONE,16080,0,254936,1,73489,375078,33,completed
middlegame,3,134269,87095,3561,2,QCHECK_MAX_TWO,13563,73532,554980,2,372846,999721,38,node-budget
transposition-pawns,3,0,0,0,0,QCHECK_INITIAL_ONLY,0,0,0,0,0,111,0,completed
transposition-pawns,3,0,0,0,0,QCHECK_MAX_ONE,0,0,0,0,0,111,0,completed
transposition-pawns,3,0,0,0,0,QCHECK_MAX_TWO,0,0,0,0,0,111,0,completed
start,4,463,57,4,1,QCHECK_INITIAL_ONLY,57,0,1676,1,538,7188,11,completed
start,4,708,173,6,1,QCHECK_MAX_ONE,173,0,978,1,845,8136,11,completed
start,4,1163,518,28,2,QCHECK_MAX_TWO,173,345,3247,2,2298,12297,20,completed
endgame,4,670,377,17,1,QCHECK_INITIAL_ONLY,377,0,1826,1,1021,3210,6,completed
endgame,4,1278,679,24,1,QCHECK_MAX_ONE,679,0,1302,1,1930,4045,7,completed
endgame,4,1936,1355,25,2,QCHECK_MAX_TWO,654,701,1022,2,2884,5585,9,completed
tactical,4,184,320,4,1,QCHECK_INITIAL_ONLY,320,0,1702,1,720,2672,6,completed
tactical,4,1027,514,4,1,QCHECK_MAX_ONE,514,0,972,1,7761,3225,7,completed
tactical,4,1334,2873,9,2,QCHECK_MAX_TWO,416,2457,3474,2,9863,9169,10,completed
transposition-pawns,4,15,15,0,1,QCHECK_INITIAL_ONLY,15,0,15,1,15,500,2,completed
transposition-pawns,4,15,15,0,1,QCHECK_MAX_ONE,15,0,15,1,15,500,2,completed
transposition-pawns,4,28,28,0,1,QCHECK_MAX_TWO,15,13,13,2,28,526,4,completed
kiwipete,4,1045,108,1,1,QCHECK_INITIAL_ONLY,108,0,884364,1,1512,999213,32,node-budget
evasion,4,713,95,2,1,QCHECK_INITIAL_ONLY,95,0,173050,1,896,194599,28,completed
middlegame,4,857,81,0,1,QCHECK_INITIAL_ONLY,81,0,106207,1,936,128770,23,completed
kiwipete,4,94131,41311,2002,1,QCHECK_MAX_ONE,41311,0,697213,1,229047,999827,34,node-budget
evasion,4,78670,43995,4388,1,QCHECK_MAX_ONE,43995,0,692981,1,202834,999135,34,node-budget
middlegame,4,36173,19650,749,1,QCHECK_MAX_ONE,19650,0,335074,1,87285,525870,29,completed
