group,population,count,minimum,median,p90,p95,p99,maximum,positive
all,alpha_raising,50121,-975,-279,5,71,229,520,5233
all,locally_relevant,89616,-975,-68,484,695,1022,31817,37243
all,alpha_raising_positive_gap,5233,1,67,225,269,354,520,5233
all,locally_relevant_positive_gap,37243,1,208,752,903,1155,31817,37243
all,selected_draw_line,19,-975,-171,280,281,,281,7
all,selected_mate_line,273,-975,-100,139,180,227,336,76
benchmark,alpha_raising,42661,-975,-276,2,67,219,520,4308
benchmark,locally_relevant,75105,-975,-77,456,666,992,1837,30250
benchmark,alpha_raising_positive_gap,4308,1,66,219,267,361,520,4308
benchmark,locally_relevant_positive_gap,30250,1,198,720,893,1131,1837,30250
benchmark,selected_draw_line,0,,,,,,,0
benchmark,selected_mate_line,210,-975,-100,145,180,227,336,44
corpus_full,alpha_raising,6231,-975,-305,22,91,243,375,748
corpus_full,locally_relevant,12124,-975,-13,604,826,1152,31157,5858
corpus_full,alpha_raising_positive_gap,748,1,71,233,285,311,375,748
corpus_full,locally_relevant_positive_gap,5858,1,261,834,981,1299,31157,5858
corpus_full,selected_draw_line,7,-975,-500,43,43,,43,1
corpus_full,selected_mate_line,53,-783,-78,61,213,,246,22
corpus_narrow,alpha_raising,1229,-975,-291,28,126,280,331,177
corpus_narrow,locally_relevant,2387,-975,-17,689,884,1140,31817,1135
corpus_narrow,alpha_raising_positive_gap,177,2,75,258,292,327,331,177
corpus_narrow,locally_relevant_positive_gap,1135,1,265,884,992,1308,31817,1135
corpus_narrow,selected_draw_line,12,-500,-170,280,281,,281,6
corpus_narrow,selected_mate_line,10,44,44,44,44,,44,10
